Entity,Code,Year,Agriculture,Land-use change and forestry,Waste,Buildings,Industry,Manufacturing and construction,Transport,Electricity and heat,Fugitive emissions,Other fuel combustion,Aviation and shipping
Afghanistan,AFG,1990,8410000.0,0.0,1020000.0,150000.0,150000.0,570000.0,970000.0,320000.0,2069999.0,0.0,20000.0
Afghanistan,AFG,1991,8750000.0,0.0,1030000.0,160000.0,140000.0,530000.0,930000.0,300000.0,390000.0,0.0,20000.0
Afghanistan,AFG,1992,8780000.0,0.0,1150000.0,180000.0,120000.0,390000.0,740000.0,200000.0,230000.0,0.0,20000.0
Afghanistan,AFG,1993,8860000.0,0.0,1340000.0,190000.0,120000.0,380000.0,740000.0,200000.0,230000.0,0.0,20000.0
Afghanistan,AFG,1994,8940000.0,0.0,1480000.0,200000.0,80000.0,360000.0,730000.0,190000.0,230000.0,0.0,20000.0
Afghanistan,AFG,1995,9400000.0,0.0,1570000.0,200000.0,70000.0,340000.0,730000.0,180000.0,160000.0,0.0,20000.0
Afghanistan,AFG,1996,10500000.0,0.0,1640000.0,210000.0,60000.0,320000.0,700000.0,170000.0,170000.0,0.0,20000.0
Afghanistan,AFG,1997,11520000.0,0.0,1700000.0,200000.0,60000.0,300000.0,670000.0,160000.0,170000.0,0.0,20000.0
Afghanistan,AFG,1998,12350000.0,0.0,1770000.0,200000.0,60000.0,280000.0,670000.0,160000.0,170000.0,0.0,20000.0
Afghanistan,AFG,1999,13450000.0,0.0,1840000.0,210000.0,60000.0,250000.0,490000.0,160000.0,170000.0,0.0,20000.0
Afghanistan,AFG,2000,11550000.0,0.0,1870000.0,200000.0,20000.0,230000.0,510000.0,160000.0,170000.0,0.0,20000.0
Afghanistan,AFG,2001,9740000.0,0.0,1890000.0,210000.0,50000.0,230000.0,510000.0,180000.0,80000.0,0.0,20000.0
Afghanistan,AFG,2002,12140000.0,0.0,2020000.0,210000.0,60000.0,560000.0,510000.0,150000.0,70000.0,0.0,20000.0
Afghanistan,AFG,2003,12510000.0,0.0,2180000.0,220000.0,70000.0,490000.0,720000.0,259999.0,80000.0,0.0,30000.0
Afghanistan,AFG,2004,12390000.0,0.0,2260000.0,250000.0,80000.0,240000.0,600000.0,230000.0,70000.0,0.0,30000.0
Afghanistan,AFG,2005,12700000.0,0.0,2520000.0,290000.0,80000.0,350000.0,1130000.0,230000.0,70000.0,0.0,70000.0
Afghanistan,AFG,2006,12720000.0,0.0,2620000.0,280000.0,100000.0,350000.0,1430000.0,270000.0,70000.0,0.0,80000.0
Afghanistan,AFG,2007,12810000.0,0.0,2670000.0,280000.0,110000.0,740000.0,1600000.0,270000.0,90000.0,0.0,110000.0
Afghanistan,AFG,2008,14170000.0,0.0,2730000.0,230000.0,129999.0,1210000.0,2680000.0,240000.0,90000.0,0.0,160000.0
Afghanistan,AFG,2009,14630000.0,0.0,2830000.0,390000.0,140000.0,1670000.0,4370000.0,120000.0,80000.0,0.0,240000.0
Afghanistan,AFG,2010,16700001.0,0.0,2910000.0,500000.0,160000.0,2390000.0,5540000.0,140000.0,160000.0,0.0,350000.0
Afghanistan,AFG,2011,16800000.0,0.0,3010000.0,820000.0,170000.0,4170000.0,6710000.0,190000.0,170000.0,60000.0,980000.0
Afghanistan,AFG,2012,16660000.0,0.0,3130000.0,840000.0,190000.0,3250000.0,5850000.0,150000.0,170000.0,100000.0,280000.0
Afghanistan,AFG,2013,16600000.0,0.0,3230000.0,1340000.0,210000.0,3340000.0,4330000.0,220000.0,170000.0,110000.0,190000.0
Afghanistan,AFG,2014,17080000.0,0.0,3210000.0,1730000.0,210000.0,3600000.0,3530000.0,180000.0,180000.0,120000.0,180000.0
Afghanistan,AFG,2015,16320000.0,0.0,3310000.0,2490000.0,230000.0,2770000.0,4290000.0,170000.0,170000.0,140000.0,90000.0
Afghanistan,AFG,2016,16059999.0,0.0,3400000.0,2600000.0,290000.0,2780000.0,3310000.0,190000.0,190000.0,140000.0,70000.0
Afghanistan,AFG,2017,15900000.0,0.0,3490000.0,2220000.0,280000.0,3240000.0,3940000.0,190000.0,180000.0,140000.0,190000.0
Afghanistan,AFG,2018,15990000.0,0.0,3590000.0,2180000.0,310000.0,3590000.0,4420000.0,240000.0,200000.0,230000.0,170000.0
Afghanistan,AFG,2019,15850000.0,0.0,3700000.0,2370000.0,320000.0,3590000.0,4520000.0,240000.0,190000.0,150000.0,30000.0
Afghanistan,AFG,2020,15920000.0,0.0,3820000.0,2380000.0,360000.0,3930000.0,5050000.0,170000.0,110000.0,70000.0,40000.0
Afghanistan,AFG,2021,15790000.0,0.0,3930000.0,2160000.0,330000.0,3260000.0,4670000.0,170000.0,180000.0,50000.0,40000.0
Afghanistan,AFG,2022,15850000.0,0.0,4030000.0,2120000.0,350000.0,3760000.0,4520000.0,180000.0,240000.0,40000.0,20000.0
Afghanistan,AFG,2023,16070000.0,0.0,4139999.0,2130000.0,360000.0,3810000.0,4550000.0,170000.0,240000.0,40000.0,30000.0
Africa,OWID_AFR,1990,622300032.0,1147820032.0,109180000.0,136810000.0,33820000.0,118420000.0,114700000.0,241950000.0,303580000.0,9820000.0,28150000.0
Africa,OWID_AFR,1991,624760000.0,1147820032.0,115830000.0,140030000.0,34850000.0,110830000.0,120050000.0,247730000.0,323240000.0,10340000.0,28610000.0
Africa,OWID_AFR,1992,633369984.0,1147820032.0,131270000.0,144030000.0,35620000.0,107520000.0,126000000.0,253530000.0,329580000.0,10330000.0,30850000.0
Africa,OWID_AFR,1993,634009984.0,1147820032.0,145290000.0,149260000.0,36520000.0,99840000.0,125040000.0,265900000.0,348409984.0,12620000.0,30810000.0
Africa,OWID_AFR,1994,643409984.0,1147810048.0,157870000.0,152580000.0,36670000.0,92260000.0,126560000.0,271590016.0,369310016.0,14040000.0,36360000.0
Africa,OWID_AFR,1995,654160000.0,1148530048.0,154540000.0,156570000.0,38330000.0,95460000.0,135850000.0,284840000.0,396140000.0,15240000.0,38100000.0
Africa,OWID_AFR,1996,669449984.0,1115900032.0,150190000.0,159850000.0,42090000.0,103500000.0,141450000.0,292260000.0,433829984.0,15220000.0,41650000.0
Africa,OWID_AFR,1997,678939968.0,1132790016.0,146210000.0,165230000.0,42860000.0,108100000.0,150510000.0,308860000.0,418129984.0,14860000.0,38850000.0
Africa,OWID_AFR,1998,716310016.0,1167590016.0,141730000.0,167900000.0,43890000.0,109280000.0,150890000.0,322740000.0,405960000.0,16410000.0,37850000.0
Africa,OWID_AFR,1999,718990016.0,1156060032.0,137210000.0,171420000.0,44370000.0,106420000.0,159370000.0,320070016.0,396629984.0,15970000.0,43270000.0
Africa,OWID_AFR,2000,729659968.0,1123030016.0,132950000.0,163500000.0,46010000.0,105630000.0,163960000.0,328680000.0,413869984.0,15360000.0,42130000.0
Africa,OWID_AFR,2001,716550016.0,1081319936.0,135290000.0,170650000.0,49290000.0,109180000.0,171800000.0,375110016.0,403620000.0,14390000.0,39610000.0
Africa,OWID_AFR,2002,754000000.0,1078349952.0,142510000.0,178280000.0,55630000.0,110690000.0,180350000.0,386460000.0,371910016.0,13810000.0,37620000.0
Africa,OWID_AFR,2003,780510016.0,1113309952.0,147850000.0,183810000.0,57280000.0,115440000.0,191040000.0,403929984.0,406810016.0,13930000.0,40560000.0
Africa,OWID_AFR,2004,789040000.0,1108520064.0,152940000.0,190600000.0,63200000.0,122660000.0,198990000.0,436220000.0,413400000.0,15900000.0,38850000.0
Africa,OWID_AFR,2005,826400000.0,1125840000.0,158030000.0,197810000.0,66700000.0,136480000.0,203780000.0,440380000.0,421149984.0,20150000.0,38780000.0
Africa,OWID_AFR,2006,817360000.0,1108700032.0,164220000.0,202640000.0,73770000.0,135580000.0,208670000.0,448350016.0,414030016.0,23510000.0,38060000.0
Africa,OWID_AFR,2007,855960000.0,1110589952.0,170140000.0,209260000.0,83340000.0,137260000.0,219310000.0,463460000.0,399340000.0,25100000.0,40040000.0
Africa,OWID_AFR,2008,879560000.0,1117320064.0,176800000.0,217010000.0,83550000.0,138030000.0,233440000.0,502209984.0,398700000.0,24650000.0,41220000.0
Africa,OWID_AFR,2009,870819968.0,1104460032.0,183160000.0,220630000.0,94520000.0,146970000.0,243600000.0,470580000.0,380520000.0,27190000.0,38370000.0
Africa,OWID_AFR,2010,909710016.0,1132360064.0,189580000.0,204560000.0,100840000.0,142140000.0,265380000.0,524530016.0,397350016.0,30050000.0,42290000.0
Africa,OWID_AFR,2011,932780032.0,1422640000.0,169470000.0,213230000.0,97920000.0,142050000.0,275630016.0,518649984.0,360440000.0,30380000.0,41320000.0
Africa,OWID_AFR,2012,944000000.0,1424589952.0,169470000.0,224890000.0,101940000.0,139500000.0,299269984.0,547560000.0,390710016.0,31260000.0,43800000.0
Africa,OWID_AFR,2013,951630016.0,1413459968.0,174770000.0,233480000.0,111640000.0,148040000.0,323589984.0,554430016.0,371710016.0,30080000.0,41540000.0
Africa,OWID_AFR,2014,956769984.0,1404870016.0,179310000.0,239670000.0,117200000.0,150570000.0,336529984.0,585270016.0,366280000.0,29860000.0,41510000.0
Africa,OWID_AFR,2015,978499968.0,1413129984.0,183950000.0,240660000.0,125200000.0,145960000.0,341590016.0,579790016.0,365620000.0,28670000.0,42690000.0
Africa,OWID_AFR,2016,1009150016.0,1133010048.0,188260000.0,243780000.0,130600000.0,149140000.0,358620000.0,581400000.0,350160000.0,23870000.0,40370000.0
Africa,OWID_AFR,2017,1011310016.0,1131820032.0,192590000.0,264710000.0,136110000.0,150690000.0,359309984.0,583179968.0,365860000.0,27230000.0,43470000.0
Africa,OWID_AFR,2018,1024889984.0,1115430016.0,197000000.0,259430000.0,143660000.0,164640000.0,370770016.0,583830016.0,367829984.0,27010000.0,47000000.0
Africa,OWID_AFR,2019,1040340032.0,1118880000.0,202230000.0,256380000.0,149420000.0,160640000.0,371800000.0,606769984.0,373480000.0,28370000.0,46630000.0
Africa,OWID_AFR,2020,1086089984.0,1110950016.0,207530000.0,260590000.0,153020000.0,153770000.0,343340000.0,600190016.0,327400000.0,27380000.0,31520000.0
Africa,OWID_AFR,2021,1092599936.0,729710016.0,212920000.0,268920000.0,166910000.0,169130000.0,386869984.0,606670016.0,337680000.0,26210000.0,36060000.0
Africa,OWID_AFR,2022,1098120064.0,717830016.0,218210000.0,275900000.0,169640000.0,170880000.0,399000000.0,574929984.0,326110016.0,26730000.0,40020000.0
Africa,OWID_AFR,2023,1126310016.0,700790016.0,223690000.0,281609984.0,176930000.0,177240000.0,399510016.0,573569984.0,335409984.0,27520000.0,43340000.0
Albania,ALB,1990,3670000.0,40000.0,250000.0,450000.0,519999.0,2150000.0,720000.0,730000.0,70000.0,1830000.0,0.0
Albania,ALB,1991,3400000.0,40000.0,250000.0,510000.0,370000.0,1420000.0,550000.0,540000.0,50000.0,980000.0,0.0
Albania,ALB,1992,3340000.0,40000.0,320000.0,430000.0,140000.0,760000.0,420000.0,400000.0,30000.0,290000.0,0.0
Albania,ALB,1993,3570000.0,40000.0,380000.0,310000.0,140000.0,540000.0,519999.0,530000.0,20000.0,230000.0,0.0
Albania,ALB,1994,4510000.0,40000.0,440000.0,290000.0,80000.0,460000.0,650000.0,600000.0,20000.0,170000.0,0.0
Albania,ALB,1995,4580000.0,40000.0,500000.0,370000.0,129999.0,490000.0,640000.0,400000.0,10000.0,80000.0,0.0
Albania,ALB,1996,4260000.0,50000.0,560000.0,460000.0,140000.0,460000.0,640000.0,330000.0,10000.0,120000.0,0.0
Albania,ALB,1997,3970000.0,70000.0,610000.0,450000.0,90000.0,240000.0,510000.0,320000.0,10000.0,40000.0,0.0
Albania,ALB,1998,3850000.0,50000.0,660000.0,350000.0,90000.0,400000.0,760000.0,330000.0,10000.0,50000.0,0.0
Albania,ALB,1999,3870000.0,50000.0,700000.0,300000.0,100000.0,490000.0,1440000.0,290000.0,10000.0,530000.0,110000.0
Albania,ALB,2000,3980000.0,110000.0,750000.0,320000.0,150000.0,480000.0,1510000.0,380000.0,10000.0,530000.0,120000.0
Albania,ALB,2001,3870000.0,990000.0,750000.0,340000.0,80000.0,540000.0,1580000.0,350000.0,10000.0,540000.0,129999.0
Albania,ALB,2002,3920000.0,990000.0,750000.0,720000.0,110000.0,430000.0,1810000.0,390000.0,10000.0,560000.0,129999.0
Albania,ALB,2003,3970000.0,990000.0,760000.0,510000.0,440000.0,510000.0,1970000.0,360000.0,10000.0,600000.0,150000.0
Albania,ALB,2004,3820000.0,990000.0,820000.0,490000.0,460000.0,550000.0,2350000.0,280000.0,10000.0,490000.0,150000.0
Albania,ALB,2005,3800000.0,990000.0,830000.0,450000.0,450000.0,450000.0,2430000.0,300000.0,10000.0,350000.0,180000.0
Albania,ALB,2006,3700000.0,990000.0,920000.0,490000.0,490000.0,680000.0,1970000.0,259999.0,10000.0,540000.0,140000.0
Albania,ALB,2007,3560000.0,1010000.0,930000.0,360000.0,710000.0,640000.0,2150000.0,330000.0,10000.0,450000.0,60000.0
Albania,ALB,2008,3320000.0,990000.0,890000.0,420000.0,750000.0,500000.0,2340000.0,280000.0,10000.0,320000.0,80000.0
Albania,ALB,2009,3190000.0,990000.0,1060000.0,440000.0,880000.0,780000.0,2350000.0,129999.0,10000.0,200000.0,60000.0
Albania,ALB,2010,3200000.0,990000.0,1090000.0,400000.0,1160000.0,1039999.0,2280000.0,100000.0,10000.0,250000.0,50000.0
Albania,ALB,2011,3220000.0,2450000.0,1110000.0,390000.0,1300000.0,1120000.0,2400000.0,120000.0,20000.0,259999.0,60000.0
Albania,ALB,2012,3260000.0,2450000.0,1130000.0,330000.0,1370000.0,650000.0,2300000.0,100000.0,20000.0,250000.0,60000.0
Albania,ALB,2013,3240000.0,2450000.0,1150000.0,400000.0,1470000.0,590000.0,2510000.0,50000.0,20000.0,250000.0,129999.0
Albania,ALB,2014,3280000.0,2450000.0,1170000.0,430000.0,1390000.0,920000.0,2530000.0,120000.0,20000.0,280000.0,90000.0
Albania,ALB,2015,3330000.0,2450000.0,1190000.0,460000.0,1300000.0,680000.0,2500000.0,80000.0,20000.0,259999.0,70000.0
Albania,ALB,2016,3350000.0,-650000.0,1210000.0,460000.0,1270000.0,610000.0,2360000.0,120000.0,30000.0,270000.0,129999.0
Albania,ALB,2017,3260000.0,-640000.0,1230000.0,519999.0,1440000.0,1100000.0,2370000.0,230000.0,20000.0,300000.0,140000.0
Albania,ALB,2018,3110000.0,-650000.0,1250000.0,530000.0,1390000.0,1290000.0,2270000.0,140000.0,20000.0,300000.0,120000.0
Albania,ALB,2019,2960000.0,-650000.0,1260000.0,530000.0,1430000.0,920000.0,2250000.0,190000.0,30000.0,300000.0,160000.0
Albania,ALB,2020,2660000.0,-650000.0,1280000.0,510000.0,1860000.0,990000.0,1580000.0,129999.0,20000.0,300000.0,150000.0
Albania,ALB,2021,2510000.0,110000.0,1290000.0,560000.0,1870000.0,1210000.0,1800000.0,150000.0,30000.0,290000.0,140000.0
Albania,ALB,2022,2250000.0,110000.0,1310000.0,560000.0,1480000.0,1050000.0,1730000.0,120000.0,80000.0,280000.0,210000.0
Albania,ALB,2023,2079999.0,110000.0,1340000.0,540000.0,1490000.0,950000.0,1600000.0,120000.0,80000.0,259999.0,280000.0
Algeria,DZA,1990,7990000.0,160000.0,2079999.0,6890000.0,2440000.0,5690000.0,16160000.0,22860000.0,58100000.0,0.0,2500000.0
Algeria,DZA,1991,7720000.0,160000.0,2089999.0,7830000.0,2460000.0,6240000.0,17260000.0,23840000.0,58480000.0,0.0,2180000.0
Algeria,DZA,1992,8060000.0,160000.0,3510000.0,8080000.0,2690000.0,6330000.0,17170000.0,23820000.0,59160000.0,0.0,2170000.0
Algeria,DZA,1993,8210000.0,160000.0,4860000.0,8560000.0,2720000.0,6250000.0,17340000.0,25010000.0,68090000.0,0.0,2050000.0
Algeria,DZA,1994,7820000.0,160000.0,6150000.0,8550000.0,2410000.0,5980000.0,15870000.0,24640000.0,75530000.0,0.0,2100000.0
Algeria,DZA,1995,7750000.0,160000.0,6970000.0,8470000.0,2550000.0,6280000.0,15440000.0,25560000.0,81010000.0,0.0,2170000.0
Algeria,DZA,1996,7870000.0,170000.0,7790000.0,8690000.0,2860000.0,5900000.0,15290000.0,25420000.0,83990000.0,0.0,2030000.0
Algeria,DZA,1997,7740000.0,140000.0,8620000.0,8250000.0,2860000.0,5310000.0,15330000.0,27500000.0,79430000.0,0.0,1900000.0
Algeria,DZA,1998,8490000.0,150000.0,9440000.0,8860000.0,3180000.0,5670000.0,15790000.0,27610000.0,76860000.0,0.0,1790000.0
Algeria,DZA,1999,8650000.0,150000.0,10260000.0,9300000.0,3230000.0,6070000.0,16810000.0,29170000.0,75880000.0,0.0,1800000.0
Algeria,DZA,2000,8580000.0,480000.0,11090000.0,9540000.0,3700000.0,6180000.0,17190000.0,29030000.0,81450000.0,0.0,1970000.0
Algeria,DZA,2001,8760000.0,80000.0,11900000.0,9740000.0,3960000.0,6270000.0,17390000.0,30060000.0,75070000.0,0.0,2000000.0
Algeria,DZA,2002,8430000.0,100000.0,12670000.0,10120000.0,4210000.0,6630000.0,19740000.0,32140000.0,74820000.0,0.0,2190000.0
Algeria,DZA,2003,8800000.0,140000.0,13400000.0,10900000.0,4970000.0,7030000.0,22160000.0,32380002.0,84250000.0,0.0,1910000.0
Algeria,DZA,2004,9630000.0,90000.0,14100000.0,11750000.0,5680000.0,8109999.0,22450000.0,31590000.0,84290000.0,0.0,2210000.0
Algeria,DZA,2005,9120000.0,120000.0,14770000.0,12740000.0,6070000.0,8229999.0,24600000.0,32450000.0,86940000.0,0.0,2370000.0
Algeria,DZA,2006,9600000.0,129999.0,15420000.0,12720000.0,6650000.0,8720000.0,26080000.0,33800000.0,89580000.0,0.0,2250000.0
Algeria,DZA,2007,9720000.0,280000.0,16059999.0,14160000.0,7300000.0,9740000.0,28110000.0,33490002.0,86870000.0,0.0,2250000.0
Algeria,DZA,2008,9380000.0,190000.0,16690001.0,14110000.0,8160000.0,10110000.0,29740000.0,34830000.0,85550000.0,0.0,2300000.0
Algeria,DZA,2009,10230000.0,100000.0,17310000.0,14010000.0,9210000.0,9760000.0,31100000.0,36700000.0,78220000.0,3480000.0,2370000.0
Algeria,DZA,2010,10800000.0,80000.0,17920000.0,13770000.0,11710000.0,10710000.0,32349998.0,36470000.0,78890000.0,3160000.0,2470000.0
Algeria,DZA,2011,11110000.0,180000.0,18520000.0,15170000.0,11900000.0,10820000.0,34900000.0,39330000.0,75700000.0,3370000.0,2270000.0
Algeria,DZA,2012,11830000.0,300000.0,19110000.0,17360000.0,11910000.0,10070000.0,39420000.0,43490000.0,86160000.0,2780000.0,2260000.0
Algeria,DZA,2013,12130000.0,90000.0,19700000.0,18540000.0,12510000.0,10020000.0,41100000.0,42990000.0,87780000.0,4150000.0,2470000.0
Algeria,DZA,2014,12840000.0,110000.0,20280000.0,19260000.0,13380000.0,10260000.0,44430000.0,47900000.0,90900000.0,2390000.0,2310000.0
Algeria,DZA,2015,13020000.0,80000.0,20850000.0,21080000.0,14170000.0,10830000.0,47030000.0,49770000.0,92600000.0,2510000.0,2410000.0
Algeria,DZA,2016,12930000.0,110000.0,21440000.0,21360000.0,15040000.0,10910000.0,45800000.0,47900000.0,91870000.0,2680000.0,2100000.0
Algeria,DZA,2017,12830000.0,350000.0,22040000.0,22460000.0,16410000.0,12050000.0,45300000.0,48120000.0,93450000.0,3360000.0,2089999.0
Algeria,DZA,2018,12880000.0,70000.0,22720000.0,26430000.0,17910000.0,12770000.0,46080000.0,48590000.0,93820000.0,4230000.0,2089999.0
Algeria,DZA,2019,12940000.0,100000.0,23300000.0,27140000.0,19250000.0,13950000.0,46250000.0,50070000.0,96500000.0,5770000.0,1540000.0
Algeria,DZA,2020,13210000.0,180000.0,23870000.0,26950000.0,18790000.0,13310000.0,41120000.0,49190000.0,92070000.0,4780000.0,1110000.0
Algeria,DZA,2021,13200000.0,310000.0,24440000.0,27060000.0,19200000.0,15950000.0,44490000.0,54310000.0,87650000.0,3290000.0,1200000.0
Algeria,DZA,2022,13300000.0,129999.0,25010000.0,29120000.0,20490000.0,16040001.0,46080000.0,57200000.0,90960000.0,3710000.0,1750000.0
Algeria,DZA,2023,13540000.0,140000.0,25590000.0,27400000.0,20860000.0,17050000.0,47800000.0,59650000.0,87450000.0,3760000.0,2250000.0
Andorra,AND,1990,0.0,10000.0,40000.0,,0.0,,,,0.0,,
Andorra,AND,1991,0.0,10000.0,40000.0,,0.0,,,,0.0,,
Andorra,AND,1992,0.0,10000.0,40000.0,,0.0,,,,0.0,,
Andorra,AND,1993,0.0,10000.0,40000.0,,0.0,,,,0.0,,
Andorra,AND,1994,0.0,10000.0,40000.0,,0.0,,,,0.0,,
Andorra,AND,1995,0.0,10000.0,50000.0,,0.0,,,,0.0,,
Andorra,AND,1996,0.0,10000.0,50000.0,,10000.0,,,,0.0,,
Andorra,AND,1997,0.0,10000.0,50000.0,,10000.0,,,,0.0,,
Andorra,AND,1998,0.0,10000.0,50000.0,,10000.0,,,,0.0,,
Andorra,AND,1999,0.0,10000.0,50000.0,,10000.0,,,,0.0,,
Andorra,AND,2000,0.0,10000.0,50000.0,,10000.0,,,,0.0,,
Andorra,AND,2001,0.0,-30000.0,50000.0,,10000.0,,,,0.0,,
Andorra,AND,2002,0.0,-30000.0,60000.0,,10000.0,,,,0.0,,
Andorra,AND,2003,0.0,-30000.0,70000.0,,10000.0,,,,0.0,,
Andorra,AND,2004,0.0,-30000.0,80000.0,,10000.0,,,,0.0,,
Andorra,AND,2005,0.0,-30000.0,90000.0,,20000.0,,,,0.0,,
Andorra,AND,2006,0.0,-30000.0,120000.0,,20000.0,,,,0.0,,
Andorra,AND,2007,0.0,-30000.0,120000.0,,20000.0,,,,0.0,,
Andorra,AND,2008,0.0,-30000.0,120000.0,,20000.0,,,,0.0,,
Andorra,AND,2009,0.0,-30000.0,110000.0,,20000.0,,,,0.0,,
Andorra,AND,2010,0.0,-30000.0,110000.0,,20000.0,,,,0.0,,
Andorra,AND,2011,0.0,-10000.0,110000.0,,20000.0,,,,0.0,,
Andorra,AND,2012,0.0,-10000.0,110000.0,,20000.0,,,,0.0,,
Andorra,AND,2013,0.0,-10000.0,110000.0,,20000.0,,,,0.0,,
Andorra,AND,2014,0.0,-10000.0,110000.0,,20000.0,,,,0.0,,
Andorra,AND,2015,0.0,-10000.0,110000.0,,20000.0,,,,0.0,,
Andorra,AND,2016,0.0,10000.0,110000.0,,20000.0,,,,0.0,,
Andorra,AND,2017,0.0,10000.0,120000.0,,20000.0,,,,0.0,,
Andorra,AND,2018,0.0,10000.0,120000.0,,20000.0,,,,0.0,,
Andorra,AND,2019,0.0,10000.0,120000.0,,20000.0,,,,0.0,,
Andorra,AND,2020,0.0,10000.0,120000.0,,20000.0,,,,0.0,,
Andorra,AND,2021,0.0,-220000.0,120000.0,,20000.0,,,,0.0,,
Andorra,AND,2022,0.0,-220000.0,120000.0,,20000.0,,,,0.0,,
Andorra,AND,2023,0.0,-220000.0,129999.0,,30000.0,,,,0.0,,
Angola,AGO,1990,30180000.0,26110000.0,250000.0,3650000.0,120000.0,1770000.0,1039999.0,480000.0,13130000.0,30000.0,1060000.0
Angola,AGO,1991,30270000.0,26110000.0,250000.0,3760000.0,120000.0,1640000.0,1280000.0,440000.0,13440000.0,20000.0,920000.0
Angola,AGO,1992,30370000.0,26110000.0,370000.0,3760000.0,140000.0,1720000.0,1210000.0,370000.0,14640000.0,10000.0,840000.0
Angola,AGO,1993,30240000.0,26110000.0,450000.0,3730000.0,120000.0,2200000.0,1240000.0,310000.0,18550000.0,10000.0,940000.0
Angola,AGO,1994,30220000.0,26110000.0,519999.0,3920000.0,110000.0,1640000.0,1570000.0,380000.0,23210000.0,10000.0,1350000.0
Angola,AGO,1995,30110000.0,26110000.0,580000.0,4000000.0,100000.0,1810000.0,1090000.0,380000.0,29010000.0,10000.0,1220000.0
Angola,AGO,1996,27310000.0,27590000.0,630000.0,4290000.0,129999.0,1900000.0,1010000.0,410000.0,35390000.0,10000.0,1060000.0
Angola,AGO,1997,26960000.0,25700000.0,670000.0,4340000.0,140000.0,1750000.0,1080000.0,630000.0,37100000.0,0.0,1070000.0
Angola,AGO,1998,29810000.0,31160000.0,710000.0,4470000.0,160000.0,1310000.0,850000.0,590000.0,40290000.0,20000.0,680000.0
Angola,AGO,1999,27650000.0,29720000.0,750000.0,4760000.0,100000.0,1490000.0,1180000.0,850000.0,40460000.0,10000.0,1200000.0
Angola,AGO,2000,28510000.0,24220000.0,790000.0,4590000.0,100000.0,1590000.0,1100000.0,940000.0,37550000.0,0.0,1440000.0
Angola,AGO,2001,29710000.0,46750000.0,860000.0,4760000.0,350000.0,1630000.0,1230000.0,1039999.0,35790000.0,0.0,1560000.0
Angola,AGO,2002,31890000.0,46090000.0,940000.0,4810000.0,470000.0,1790000.0,1510000.0,1050000.0,35650000.0,10000.0,1340000.0
Angola,AGO,2003,36260000.0,47290000.0,1020000.0,4900000.0,620000.0,1850000.0,2790000.0,1220000.0,34530000.0,10000.0,810000.0
Angola,AGO,2004,35990000.0,49310000.0,1100000.0,4980000.0,750000.0,2120000.0,3520000.0,870000.0,35520000.0,20000.0,1310000.0
Angola,AGO,2005,35750000.0,50300000.0,1170000.0,4700000.0,1070000.0,1730000.0,2530000.0,810000.0,38540000.0,10000.0,910000.0
Angola,AGO,2006,32939998.0,47230000.0,1230000.0,5720000.0,1230000.0,1980000.0,3360000.0,840000.0,38370000.0,20000.0,820000.0
Angola,AGO,2007,35230000.0,47260000.0,1290000.0,6160000.0,1380000.0,2290000.0,3970000.0,1220000.0,40740000.0,30000.0,1230000.0
Angola,AGO,2008,33230000.0,48920000.0,1340000.0,6860000.0,1660000.0,2120000.0,5310000.0,1460000.0,44700000.0,30000.0,1320000.0
Angola,AGO,2009,33080002.0,51490000.0,1400000.0,7470000.0,1810000.0,2210000.0,5880000.0,2470000.0,42510000.0,40000.0,1200000.0
Angola,AGO,2010,34650000.0,53340000.0,1460000.0,7750000.0,1840000.0,2360000.0,5800000.0,2610000.0,45290000.0,40000.0,1560000.0
Angola,AGO,2011,35790000.0,51900000.0,1520000.0,8210000.0,2079999.0,2450000.0,6400000.0,2440000.0,43590000.0,40000.0,1390000.0
Angola,AGO,2012,33910000.0,52710000.0,1600000.0,9780000.0,2520000.0,2250000.0,6890000.0,2710000.0,41490000.0,50000.0,2180000.0
Angola,AGO,2013,35100000.0,50610000.0,1670000.0,11030000.0,2990000.0,1650000.0,7860000.0,4200000.0,40460000.0,60000.0,1930000.0
Angola,AGO,2014,33840000.0,49980000.0,1730000.0,10770000.0,3460000.0,1490000.0,8109999.0,5850000.0,40340000.0,60000.0,2510000.0
Angola,AGO,2015,35190000.0,50110000.0,1780000.0,10340000.0,3570000.0,2240000.0,8149999.0,5730000.0,45350000.0,50000.0,2590000.0
Angola,AGO,2016,35520000.0,47940000.0,1850000.0,10090000.0,3260000.0,2510000.0,8080000.0,5940000.0,45520000.0,40000.0,2040000.0
Angola,AGO,2017,35670000.0,52500000.0,1920000.0,10370000.0,2970000.0,1390000.0,6860000.0,4750000.0,42340000.0,30000.0,2040000.0
Angola,AGO,2018,31860000.0,45050000.0,1980000.0,10340000.0,3200000.0,1960000.0,7090000.0,4480000.0,35460000.0,30000.0,2030000.0
Angola,AGO,2019,35350000.0,50370000.0,2050000.0,11090000.0,3530000.0,1540000.0,8090000.0,5090000.0,32270000.0,30000.0,2020000.0
Angola,AGO,2020,33970000.0,46950000.0,2120000.0,10170000.0,3710000.0,1090000.0,3850000.0,4410000.0,27690000.0,20000.0,1540000.0
Angola,AGO,2021,34180000.0,46100000.0,2200000.0,11340000.0,3860000.0,1350000.0,7020000.0,4060000.0,25320000.0,40000.0,1580000.0
Angola,AGO,2022,33940000.0,43120000.0,2270000.0,11630000.0,4050000.0,1460000.0,8180000.0,4200000.0,25060000.0,40000.0,1580000.0
Angola,AGO,2023,35600000.0,42820000.0,2350000.0,12750000.0,4210000.0,1580000.0,8820000.0,4159999.0,26440000.0,40000.0,1760000.0
Antigua and Barbuda,ATG,1990,40000.0,30000.0,110000.0,60000.0,0.0,,120000.0,80000.0,0.0,,190000.0
Antigua and Barbuda,ATG,1991,40000.0,30000.0,110000.0,60000.0,20000.0,,120000.0,80000.0,0.0,,190000.0
Antigua and Barbuda,ATG,1992,40000.0,30000.0,120000.0,60000.0,50000.0,,120000.0,80000.0,0.0,,190000.0
Antigua and Barbuda,ATG,1993,40000.0,30000.0,129999.0,60000.0,70000.0,,129999.0,80000.0,0.0,,210000.0
Antigua and Barbuda,ATG,1994,50000.0,30000.0,129999.0,60000.0,90000.0,,129999.0,80000.0,0.0,,220000.0
Antigua and Barbuda,ATG,1995,50000.0,30000.0,140000.0,60000.0,110000.0,,140000.0,80000.0,0.0,,220000.0
Antigua and Barbuda,ATG,1996,40000.0,30000.0,140000.0,60000.0,210000.0,,150000.0,90000.0,0.0,,230000.0
Antigua and Barbuda,ATG,1997,40000.0,30000.0,150000.0,70000.0,310000.0,,160000.0,100000.0,0.0,,240000.0
Antigua and Barbuda,ATG,1998,40000.0,30000.0,150000.0,70000.0,410000.0,,160000.0,110000.0,0.0,,240000.0
Antigua and Barbuda,ATG,1999,40000.0,30000.0,160000.0,70000.0,510000.0,,170000.0,120000.0,0.0,,250000.0
Antigua and Barbuda,ATG,2000,40000.0,30000.0,170000.0,70000.0,600000.0,,170000.0,129999.0,0.0,,250000.0
Antigua and Barbuda,ATG,2001,50000.0,20000.0,10000.0,70000.0,730000.0,,180000.0,140000.0,0.0,,250000.0
Antigua and Barbuda,ATG,2002,50000.0,20000.0,10000.0,70000.0,850000.0,,180000.0,160000.0,0.0,,250000.0
Antigua and Barbuda,ATG,2003,50000.0,20000.0,10000.0,70000.0,970000.0,,190000.0,170000.0,0.0,,270000.0
Antigua and Barbuda,ATG,2004,50000.0,20000.0,10000.0,70000.0,1100000.0,,200000.0,180000.0,0.0,,280000.0
Antigua and Barbuda,ATG,2005,50000.0,20000.0,10000.0,80000.0,1220000.0,,210000.0,200000.0,0.0,,290000.0
Antigua and Barbuda,ATG,2006,50000.0,20000.0,10000.0,90000.0,1480000.0,,220000.0,210000.0,0.0,,310000.0
Antigua and Barbuda,ATG,2007,50000.0,20000.0,10000.0,100000.0,1730000.0,,200000.0,240000.0,0.0,,340000.0
Antigua and Barbuda,ATG,2008,50000.0,20000.0,10000.0,100000.0,1990000.0,,200000.0,240000.0,0.0,,340000.0
Antigua and Barbuda,ATG,2009,50000.0,20000.0,10000.0,90000.0,2250000.0,,200000.0,270000.0,0.0,,320000.0
Antigua and Barbuda,ATG,2010,20000.0,20000.0,10000.0,80000.0,2510000.0,,200000.0,270000.0,0.0,,310000.0
Antigua and Barbuda,ATG,2011,20000.0,10000.0,10000.0,80000.0,2560000.0,,200000.0,270000.0,0.0,,300000.0
Antigua and Barbuda,ATG,2012,20000.0,10000.0,10000.0,90000.0,2610000.0,,200000.0,270000.0,0.0,,310000.0
Antigua and Barbuda,ATG,2013,20000.0,10000.0,10000.0,90000.0,2670000.0,,200000.0,270000.0,0.0,,310000.0
Antigua and Barbuda,ATG,2014,20000.0,10000.0,10000.0,90000.0,2720000.0,,210000.0,280000.0,0.0,,320000.0
Antigua and Barbuda,ATG,2015,20000.0,10000.0,10000.0,90000.0,2770000.0,,210000.0,280000.0,0.0,,330000.0
Antigua and Barbuda,ATG,2016,20000.0,30000.0,10000.0,100000.0,2810000.0,,220000.0,280000.0,0.0,,340000.0
Antigua and Barbuda,ATG,2017,20000.0,30000.0,10000.0,100000.0,2840000.0,,220000.0,280000.0,0.0,,350000.0
Antigua and Barbuda,ATG,2018,20000.0,30000.0,10000.0,110000.0,2870000.0,,220000.0,290000.0,0.0,,360000.0
Antigua and Barbuda,ATG,2019,20000.0,30000.0,10000.0,110000.0,2900000.0,,240000.0,290000.0,0.0,,370000.0
Antigua and Barbuda,ATG,2020,20000.0,30000.0,10000.0,100000.0,2930000.0,,230000.0,280000.0,0.0,,360000.0
Antigua and Barbuda,ATG,2021,20000.0,20000.0,10000.0,110000.0,3280000.0,,250000.0,280000.0,0.0,,370000.0
Antigua and Barbuda,ATG,2022,20000.0,20000.0,10000.0,110000.0,3620000.0,,250000.0,280000.0,0.0,,370000.0
Antigua and Barbuda,ATG,2023,20000.0,20000.0,10000.0,110000.0,3970000.0,,250000.0,290000.0,0.0,,370000.0
Argentina,ARG,1990,124550000.0,83160000.0,12150000.0,17770000.0,4830000.0,14190000.0,29010000.0,29060000.0,26310000.0,4620000.0,3620000.0
Argentina,ARG,1991,123230000.0,83160000.0,12430000.0,17500000.0,5190000.0,14790000.0,30670000.0,32430000.0,25440000.0,5110000.0,2760000.0
Argentina,ARG,1992,124910000.0,83160000.0,12700000.0,16940000.0,5480000.0,15810000.0,32770000.0,31260000.0,26520000.0,5700000.0,3110000.0
Argentina,ARG,1993,122920000.0,83160000.0,12980000.0,18850000.0,5970000.0,15120000.0,35100000.0,30510000.0,25340000.0,6250000.0,2660000.0
Argentina,ARG,1994,124470000.0,83160000.0,13250000.0,18400000.0,6340000.0,17610000.0,34580000.0,30280000.0,24330000.0,7360000.0,2870000.0
Argentina,ARG,1995,123730000.0,83170000.0,13860000.0,18310000.0,6080000.0,17340000.0,36020000.0,29250000.0,27600000.0,7820000.0,3550000.0
Argentina,ARG,1996,121120000.0,85180000.0,14470000.0,18170000.0,6120000.0,17850000.0,41960000.0,33220002.0,28280000.0,8279999.0,4280000.0
Argentina,ARG,1997,120530000.0,85850000.0,15070000.0,18250000.0,6750000.0,20930000.0,41910000.0,33029998.0,29340000.0,8120000.0,4390000.0
Argentina,ARG,1998,117160000.0,85570000.0,16120001.0,18580000.0,6900000.0,20380000.0,44600000.0,37990000.0,28540000.0,7740000.0,4120000.0
Argentina,ARG,1999,119700000.0,87060000.0,17170000.0,19900000.0,7200000.0,18420000.0,41900000.0,42820000.0,29520000.0,7850000.0,4130000.0
Argentina,ARG,2000,121860000.0,84390000.0,18220000.0,20990000.0,6920000.0,17990000.0,40740000.0,42230000.0,28870000.0,7600000.0,3760000.0
Argentina,ARG,2001,120480000.0,111920000.0,19000000.0,20050000.0,7140000.0,17760000.0,37480000.0,40140000.0,30030000.0,7170000.0,4250000.0
Argentina,ARG,2002,124880000.0,112080000.0,19770000.0,19150000.0,7610000.0,17180000.0,34640000.0,37320000.0,29930000.0,7210000.0,3880000.0
Argentina,ARG,2003,135480000.0,112290000.0,20550000.0,20630000.0,8240000.0,19120000.0,35400000.0,41870000.0,30550000.0,8450000.0,4100000.0
Argentina,ARG,2004,136530000.0,112540000.0,21330000.0,22040000.0,9870000.0,20130000.0,38080000.0,48720000.0,30500000.0,10070000.0,3980000.0
Argentina,ARG,2005,136170000.0,112290000.0,22100000.0,22910000.0,10770000.0,20550000.0,38640000.0,50560000.0,29210000.0,10610000.0,4600000.0
Argentina,ARG,2006,139530000.0,112170000.0,22880000.0,22920000.0,12090000.0,22230000.0,41530000.0,53880000.0,29370000.0,11270000.0,4620000.0
Argentina,ARG,2007,142310000.0,112400000.0,23650000.0,26780000.0,13290000.0,21180000.0,44930000.0,54420000.0,28300000.0,12370000.0,5210000.0
Argentina,ARG,2008,139650000.0,112460000.0,24430000.0,25420000.0,14120000.0,20770000.0,46970000.0,59110000.0,28660000.0,11990000.0,5590000.0
Argentina,ARG,2009,129240008.0,112410000.0,25200000.0,24970000.0,15310000.0,17640000.0,43060000.0,57230000.0,26670000.0,10670000.0,5500000.0
Argentina,ARG,2010,121220000.0,112070000.0,25980000.0,28490000.0,16450001.0,19130000.0,45410000.0,59450000.0,26550000.0,11660000.0,6610000.0
Argentina,ARG,2011,121240000.0,77100000.0,26550000.0,28590000.0,16420000.0,20800000.0,46980000.0,64550004.0,26250000.0,12090000.0,7190000.0
Argentina,ARG,2012,123630000.0,77100000.0,27110000.0,30030000.0,16650000.0,19270000.0,46160000.0,67590000.0,27330000.0,11400000.0,8330000.0
Argentina,ARG,2013,126530000.0,77880000.0,27650000.0,31200000.0,14930000.0,21200000.0,49170000.0,65019996.0,27280000.0,12720000.0,8530000.0
Argentina,ARG,2014,127770000.0,76790000.0,28170000.0,30140000.0,15220000.0,21600000.0,45460000.0,67019996.0,27480000.0,11540000.0,7810000.0
Argentina,ARG,2015,126480000.0,76950000.0,28670000.0,30450000.0,15630000.0,21790000.0,47760000.0,69800000.0,27530000.0,11940000.0,5770000.0
Argentina,ARG,2016,131160000.0,58010000.0,29150000.0,30880000.0,14950000.0,19570000.0,46740000.0,71200000.0,26980000.0,11680000.0,5170000.0
Argentina,ARG,2017,137500000.0,58700000.0,29610000.0,28780000.0,15790000.0,19090000.0,47970000.0,68260000.0,26940000.0,11890000.0,5680000.0
Argentina,ARG,2018,136120000.0,57980000.0,30070000.0,28360000.0,15680000.0,20820000.0,49340000.0,64160004.0,29550000.0,10570000.0,5670000.0
Argentina,ARG,2019,137780000.0,57970000.0,30490000.0,27190000.0,16430000.0,20610000.0,49010000.0,56760000.0,32830002.0,10710000.0,4910000.0
Argentina,ARG,2020,139440000.0,59270000.0,30660000.0,26490000.0,16750000.0,20050000.0,38500000.0,54230000.0,30730000.0,9340000.0,4690000.0
Argentina,ARG,2021,136490000.0,46370000.0,30730000.0,25950000.0,18290000.0,17260000.0,47310000.0,62200000.0,34720000.0,11160000.0,4980000.0
Argentina,ARG,2022,138110000.0,47560000.0,30830000.0,29510000.0,19040000.0,21650000.0,52490000.0,60640000.0,38490000.0,12060000.0,6260000.0
Argentina,ARG,2023,133119992.0,46230000.0,31660000.0,28650000.0,19150000.0,22330000.0,50620000.0,53020000.0,39560000.0,10930000.0,6110000.0
Armenia,ARM,1990,1550000.0,129999.0,860000.0,6490000.0,90000.0,3810000.0,3060000.0,6110000.0,2230000.0,610000.0,600000.0
Armenia,ARM,1991,1500000.0,129999.0,850000.0,4450000.0,100000.0,4000000.0,2990000.0,7810000.0,2069999.0,1620000.0,680000.0
Armenia,ARM,1992,1370000.0,129999.0,840000.0,1910000.0,200000.0,1380000.0,1890000.0,4870000.0,1910000.0,710000.0,460000.0
Armenia,ARM,1993,1190000.0,129999.0,820000.0,590000.0,160000.0,2010000.0,1230000.0,810000.0,1750000.0,330000.0,200000.0
Armenia,ARM,1994,1130000.0,129999.0,810000.0,790000.0,150000.0,640000.0,160000.0,820000.0,1590000.0,280000.0,150000.0
Armenia,ARM,1995,1110000.0,129999.0,800000.0,1170000.0,190000.0,510000.0,120000.0,1390000.0,1430000.0,200000.0,110000.0
Armenia,ARM,1996,1120000.0,129999.0,790000.0,250000.0,190000.0,450000.0,60000.0,1540000.0,1270000.0,110000.0,60000.0
Armenia,ARM,1997,1110000.0,129999.0,780000.0,330000.0,270000.0,850000.0,70000.0,1800000.0,1110000.0,120000.0,60000.0
Armenia,ARM,1998,1039999.0,129999.0,770000.0,340000.0,300000.0,970000.0,70000.0,1790000.0,950000.0,120000.0,70000.0
Armenia,ARM,1999,1030000.0,129999.0,760000.0,280000.0,250000.0,1030000.0,70000.0,1460000.0,790000.0,100000.0,70000.0
Armenia,ARM,2000,1050000.0,129999.0,750000.0,310000.0,200000.0,720000.0,590000.0,1600000.0,630000.0,220000.0,190000.0
Armenia,ARM,2001,1070000.0,100000.0,760000.0,340000.0,220000.0,800000.0,590000.0,1540000.0,660000.0,210000.0,180000.0
Armenia,ARM,2002,1180000.0,100000.0,760000.0,390000.0,300000.0,800000.0,560000.0,920000.0,680000.0,259999.0,160000.0
Armenia,ARM,2003,1190000.0,100000.0,770000.0,480000.0,320000.0,990000.0,600000.0,880000.0,710000.0,350000.0,80000.0
Armenia,ARM,2004,1270000.0,100000.0,770000.0,650000.0,400000.0,1100000.0,630000.0,770000.0,730000.0,350000.0,120000.0
Armenia,ARM,2005,1250000.0,100000.0,780000.0,730000.0,450000.0,1360000.0,700000.0,950000.0,760000.0,430000.0,140000.0
Armenia,ARM,2006,1550000.0,100000.0,790000.0,750000.0,470000.0,1440000.0,690000.0,900000.0,790000.0,400000.0,120000.0
Armenia,ARM,2007,1430000.0,100000.0,790000.0,1070000.0,540000.0,1170000.0,1110000.0,1080000.0,810000.0,420000.0,170000.0
Armenia,ARM,2008,1420000.0,100000.0,790000.0,1200000.0,540000.0,1350000.0,1320000.0,1039999.0,840000.0,440000.0,170000.0
Armenia,ARM,2009,1400000.0,100000.0,790000.0,1120000.0,370000.0,960000.0,1200000.0,650000.0,870000.0,400000.0,90000.0
Armenia,ARM,2010,1350000.0,100000.0,790000.0,980000.0,430000.0,519999.0,1320000.0,630000.0,900000.0,670000.0,129999.0
Armenia,ARM,2011,1360000.0,-180000.0,810000.0,1130000.0,400000.0,600000.0,1360000.0,950000.0,1030000.0,720000.0,140000.0
Armenia,ARM,2012,1540000.0,-170000.0,820000.0,1260000.0,400000.0,670000.0,1370000.0,1430000.0,1220000.0,790000.0,150000.0
Armenia,ARM,2013,1680000.0,-180000.0,830000.0,1240000.0,380000.0,660000.0,1340000.0,1320000.0,1200000.0,750000.0,140000.0
Armenia,ARM,2014,1660000.0,-180000.0,840000.0,1090000.0,370000.0,570000.0,1780000.0,1150000.0,1240000.0,740000.0,129999.0
Armenia,ARM,2015,1760000.0,-180000.0,840000.0,1190000.0,370000.0,410000.0,1730000.0,1290000.0,1020000.0,610000.0,100000.0
Armenia,ARM,2016,2260000.0,-1250000.0,850000.0,1300000.0,290000.0,400000.0,1650000.0,1190000.0,1100000.0,510000.0,140000.0
Armenia,ARM,2017,1840000.0,-1250000.0,860000.0,1380000.0,350000.0,450000.0,1750000.0,1260000.0,1170000.0,470000.0,170000.0
Armenia,ARM,2018,1380000.0,-1240000.0,860000.0,1230000.0,470000.0,470000.0,1880000.0,1500000.0,1230000.0,460000.0,200000.0
Armenia,ARM,2019,1320000.0,-1250000.0,860000.0,1490000.0,510000.0,440000.0,2150000.0,1360000.0,1240000.0,570000.0,220000.0
Armenia,ARM,2020,1340000.0,-1240000.0,870000.0,1630000.0,590000.0,450000.0,2350000.0,1440000.0,1260000.0,630000.0,120000.0
Armenia,ARM,2021,1360000.0,-490000.0,870000.0,1770000.0,610000.0,519999.0,2460000.0,1640000.0,1350000.0,620000.0,170000.0
Armenia,ARM,2022,1270000.0,-490000.0,860000.0,1860000.0,770000.0,630000.0,2420000.0,1680000.0,1430000.0,610000.0,310000.0
Armenia,ARM,2023,1160000.0,-490000.0,870000.0,1810000.0,770000.0,610000.0,2420000.0,1520000.0,1470000.0,519999.0,360000.0
Asia,OWID_ASI,1990,2039550080.0,936740032.0,500710016.0,1218240000.0,335869984.0,1647289984.0,789350016.0,2134240000.0,897969984.0,379120000.0,168430000.0
Asia,OWID_ASI,1991,2053269888.0,936740032.0,510120000.0,1222409984.0,368680000.0,1713860096.0,819220032.0,2255399936.0,909140032.0,390990016.0,183730000.0
Asia,OWID_ASI,1992,2072989952.0,936740096.0,557969984.0,1209350016.0,416440000.0,1729209984.0,855790016.0,2411190016.0,899510016.0,388290016.0,202860000.0
Asia,OWID_ASI,1993,2073750016.0,936660032.0,601929984.0,1233800064.0,452089984.0,1768780032.0,910929984.0,2598690048.0,916840000.0,372760000.0,203360000.0
Asia,OWID_ASI,1994,2107920000.0,936590016.0,652670016.0,1222109952.0,493700000.0,1827769984.0,933100032.0,2790139904.0,900979968.0,381500000.0,218780000.0
Asia,OWID_ASI,1995,2180260096.0,937829952.0,666220032.0,1304550016.0,540640000.0,2033960064.0,990449984.0,2947440128.0,926169984.0,332090016.0,223250000.0
Asia,OWID_ASI,1996,2239330048.0,755740032.0,678900032.0,1262909952.0,564480000.0,1919410048.0,1083079936.0,3171219968.0,946480000.0,267030000.0,230540000.0
Asia,OWID_ASI,1997,2174050048.0,1731739904.0,690840000.0,1329480064.0,588609984.0,1919890048.0,1073260032.0,3252290048.0,956220032.0,319280000.0,247720000.0
Asia,OWID_ASI,1998,2201370112.0,982049984.0,700380032.0,1253699968.0,577190016.0,1957920000.0,1055769984.0,3328999936.0,943760000.0,316990016.0,254930000.0
Asia,OWID_ASI,1999,2245090048.0,808310016.0,711320000.0,1291740032.0,613700032.0,1839110016.0,1101260032.0,3451119872.0,954249984.0,333169984.0,262110000.0
Asia,OWID_ASI,2000,2226950144.0,722929984.0,721929984.0,1270089984.0,643870016.0,1873920000.0,1231390080.0,3710560000.0,1030030016.0,268440000.0,264580000.0
Asia,OWID_ASI,2001,2214710016.0,-379910016.0,703889984.0,1262920064.0,688240000.0,1934140032.0,1260380032.0,3863549952.0,1037790016.0,278990016.0,265670000.0
Asia,OWID_ASI,2002,2219529984.0,132399968.0,699590016.0,1295609984.0,734620032.0,2007139968.0,1313510016.0,4136750080.0,1055590016.0,283920000.0,275480000.0
Asia,OWID_ASI,2003,2227759872.0,-222030000.0,695620032.0,1318000000.0,833040000.0,2179049984.0,1367849984.0,4565400064.0,1158790016.0,310369984.0,288160000.0
Asia,OWID_ASI,2004,2274180096.0,161970032.0,690289984.0,1376400000.0,888430016.0,2573669888.0,1472210048.0,4897920000.0,1216899968.0,328189984.0,318320000.0
Asia,OWID_ASI,2005,2320280064.0,-139250000.0,685579968.0,1399639936.0,975440000.0,3060300032.0,1522909952.0,5157740032.0,1287299968.0,346360000.0,342930016.0
Asia,OWID_ASI,2006,2363810048.0,257329968.0,692820032.0,1423120000.0,1076739968.0,3283719936.0,1576540032.0,5627380224.0,1351410048.0,358760000.0,367149984.0
Asia,OWID_ASI,2007,2387399936.0,-300860000.0,698849984.0,1440109952.0,1168579968.0,3556969984.0,1671350016.0,6078329856.0,1387260032.0,361500000.0,387740000.0
Asia,OWID_ASI,2008,2420770048.0,-340280000.0,708630016.0,1432889984.0,1231990016.0,3702099968.0,1740169984.0,6233860096.0,1422969984.0,384270016.0,404789984.0
Asia,OWID_ASI,2009,2440009984.0,86920016.0,716489984.0,1419270016.0,1333040000.0,3909080064.0,1797590016.0,6517920256.0,1415139968.0,359120000.0,395150016.0
Asia,OWID_ASI,2010,2457489920.0,-308630016.0,723220032.0,1451389952.0,1444809984.0,4265060096.0,1889590016.0,7099919872.0,1494329984.0,362990016.0,434329984.0
Asia,OWID_ASI,2011,2469799936.0,-358389952.0,739609984.0,1490499968.0,1569469952.0,4488249856.0,2000630016.0,7799519744.0,1589430016.0,359360000.0,450730016.0
Asia,OWID_ASI,2012,2479920128.0,-335049984.0,757390016.0,1476070016.0,1638630016.0,4519649792.0,2138770048.0,8172780032.0,1571169920.0,374200000.0,446960000.0
Asia,OWID_ASI,2013,2494589952.0,-362580000.0,780219968.0,1495670016.0,1738739968.0,4553710080.0,2235350016.0,8559739904.0,1585219968.0,379720000.0,456780000.0
Asia,OWID_ASI,2014,2504110080.0,-2390005.0,814169984.0,1499270016.0,1810109952.0,4616549888.0,2307640064.0,8632680448.0,1587990016.0,377930016.0,466230016.0
Asia,OWID_ASI,2015,2519760128.0,17359992.0,833870016.0,1525360000.0,1777139968.0,4527780352.0,2419790080.0,8555339776.0,1543709952.0,379370016.0,510390016.0
Asia,OWID_ASI,2016,2535269888.0,-948070016.0,851790016.0,1550739968.0,1865229952.0,4377059840.0,2472859904.0,8745709568.0,1524969984.0,377340000.0,536000000.0
Asia,OWID_ASI,2017,2559589888.0,-997219968.0,867350016.0,1581689984.0,1933510016.0,4301049856.0,2571830016.0,9224160256.0,1530200064.0,376189984.0,546560000.0
Asia,OWID_ASI,2018,2543760128.0,-806150016.0,882379968.0,1532560000.0,2010310016.0,4368220160.0,2692009984.0,9683919872.0,1551920000.0,351020000.0,563769984.0
Asia,OWID_ASI,2019,2537509888.0,-566320000.0,895400000.0,1518409984.0,2115809920.0,4376460288.0,2767190016.0,9906830336.0,1567350016.0,338500000.0,551560000.0
Asia,OWID_ASI,2020,2608900096.0,-966120000.0,911760000.0,1512960000.0,2176879872.0,4341680128.0,2615569920.0,9888780288.0,1485720064.0,339560000.0,436470016.0
Asia,OWID_ASI,2021,2636239872.0,-542360000.0,924070016.0,1496839936.0,2235079936.0,4393050112.0,2772290048.0,10705639424.0,1536039936.0,325910016.0,456720000.0
Asia,OWID_ASI,2022,2656679936.0,-573269952.0,938550016.0,1456680064.0,2191760128.0,4413349888.0,2807040000.0,11039719424.0,1570969984.0,328329984.0,505840000.0
Asia,OWID_ASI,2023,2672460032.0,-305449984.0,965620032.0,1454540032.0,2206950144.0,4509689856.0,2896640000.0,11644749824.0,1631849984.0,330160000.0,570600000.0
Australia,AUS,1990,179380000.0,51970000.0,19510000.0,9360000.0,11610000.0,43090000.0,63820000.0,142710000.0,25780000.0,3410000.0,6550000.0
Australia,AUS,1991,177990000.0,51970000.0,19530000.0,9440000.0,11350000.0,43340000.0,62320000.0,145320000.0,27690000.0,3440000.0,6520000.0
Australia,AUS,1992,173670000.0,51970000.0,19390000.0,9790000.0,10900000.0,43030000.0,63840000.0,147750000.0,28490000.0,3480000.0,6900000.0
Australia,AUS,1993,171250000.0,51970000.0,19370000.0,10280000.0,10710000.0,43960000.0,64970000.0,149180000.0,30000000.0,3600000.0,7480000.0
Australia,AUS,1994,173870000.0,51960000.0,18740000.0,9960000.0,8460000.0,45670000.0,66650000.0,151920000.0,30450000.0,3690000.0,7870000.0
Australia,AUS,1995,169360000.0,52010000.0,18910000.0,10520000.0,7640000.0,46470000.0,69410000.0,158130000.0,32180000.0,3820000.0,8690000.0
Australia,AUS,1996,160140000.0,54480000.0,17360000.0,10870000.0,6740000.0,46310000.0,71940000.0,165390000.0,32960000.0,3830000.0,9200000.0
Australia,AUS,1997,159640000.0,57690000.0,17260000.0,10950000.0,6520000.0,47810000.0,73320000.0,170200000.0,34920000.0,3980000.0,9200000.0
Australia,AUS,1998,165970000.0,55570000.0,16510000.0,11180000.0,7480000.0,47920000.0,73340000.0,189380000.0,36920000.0,4060000.0,9580000.0
Australia,AUS,1999,197490000.0,58210000.0,16680000.0,11080000.0,7300000.0,47790000.0,74780000.0,194210000.0,37390000.0,4159999.0,9920000.0
Australia,AUS,2000,214880000.0,51620000.0,16500000.0,11350000.0,7910000.0,48310000.0,77080000.0,196970000.0,40150000.0,4230000.0,10300000.0
Australia,AUS,2001,233080000.0,64080000.0,16590000.0,11630000.0,8770000.0,47580000.0,76440000.0,204340000.0,43060000.0,4240000.0,10720000.0
Australia,AUS,2002,218880000.0,65580000.0,16840000.0,11980000.0,9010000.0,38230000.0,78180000.0,218690000.0,43450000.0,5070000.0,8850000.0
Australia,AUS,2003,140680000.0,68190000.0,15830000.0,12070000.0,9620000.0,44510000.0,78490000.0,210410000.0,43610000.0,6180000.0,8860000.0
Australia,AUS,2004,183550000.0,61850000.0,15390000.0,11920000.0,10240000.0,45530000.0,81370000.0,220060000.0,44450000.0,6190000.0,10070000.0
Australia,AUS,2005,141660000.0,61760000.0,15240000.0,11970000.0,10990000.0,44050000.0,81500000.0,223490000.0,47230000.0,6530000.0,11010000.0
Australia,AUS,2006,178060000.0,66850000.0,14970000.0,12170000.0,10520000.0,42910000.0,83440000.0,228240000.0,47870000.0,6060000.0,11620000.0
Australia,AUS,2007,169050000.0,63220000.0,15210000.0,12450000.0,11170000.0,43550000.0,85800000.0,235330000.0,50920000.0,5970000.0,11990000.0
Australia,AUS,2008,135770000.0,61460000.0,15740000.0,12530000.0,11560000.0,45060000.0,87580000.0,235230000.0,51120000.0,6040000.0,12290000.0
Australia,AUS,2009,143400000.0,64440004.0,15730000.0,13130000.0,12330000.0,41460000.0,87210000.0,245110000.0,51820000.0,6010000.0,11300000.0
Australia,AUS,2010,118760000.0,61580000.0,16110001.0,13250000.0,12580000.0,37290000.0,89940000.0,248630000.0,58100000.0,6170000.0,12480000.0
Australia,AUS,2011,220980000.0,-20560000.0,15670000.0,13690000.0,13360000.0,39850000.0,92140000.0,241650000.0,55550000.0,6100000.0,11980000.0
Australia,AUS,2012,221320000.0,-19870000.0,14340000.0,13950000.0,13700000.0,41330000.0,92820000.0,239800000.0,58220000.0,6210000.0,12960000.0
Australia,AUS,2013,141560000.0,-18830000.0,13530000.0,14230000.0,13660000.0,41360000.0,94250000.0,231110000.0,62970000.0,6310000.0,12990000.0
Australia,AUS,2014,163470000.0,-19630000.0,13570000.0,14710000.0,14280000.0,41350000.0,94440000.0,220910000.0,69040000.0,6260000.0,14160000.0
Australia,AUS,2015,154680000.0,-20450000.0,13140000.0,14960000.0,14910000.0,38040000.0,94340000.0,228150000.0,72130000.0,6630000.0,13520000.0
Australia,AUS,2016,122600000.0,-15960000.0,13470000.0,13870000.0,15220000.0,38570000.0,95700000.0,234380000.0,70730000.0,7090000.0,14320000.0
Australia,AUS,2017,165760000.0,-16610001.0,13830000.0,14130000.0,15520000.0,38350000.0,97310000.0,233800000.0,68630000.0,7620000.0,15330000.0
Australia,AUS,2018,163520000.0,-15790000.0,13690000.0,13980000.0,15480000.0,40090000.0,99740000.0,227980000.0,67680000.0,7700000.0,16160000.0
Australia,AUS,2019,130759992.0,2120000.0,13530000.0,13800000.0,16480000.0,39950000.0,99500000.0,227050000.0,68610000.0,6370000.0,17720000.0
Australia,AUS,2020,108890000.0,-6820000.0,13200000.0,14140000.0,16459999.0,39520000.0,92780000.0,220330000.0,64640000.0,5660000.0,13900000.0
Australia,AUS,2021,128130008.0,-11230000.0,13300000.0,14180000.0,17200000.0,40730000.0,89780000.0,211740000.0,57820000.0,7770000.0,5140000.0
Australia,AUS,2022,132220000.0,-11220000.0,13420000.0,14000000.0,17780000.0,40550000.0,91400000.0,204860000.0,55520000.0,7290000.0,7300000.0
Australia,AUS,2023,214600000.0,-10650000.0,13560000.0,13460000.0,18440000.0,40210000.0,99040000.0,199220000.0,56920000.0,6880000.0,11870000.0
Austria,AUT,1990,10260000.0,-11800000.0,4300000.0,12750000.0,4450000.0,9590000.0,13990000.0,19990000.0,670000.0,1290000.0,920000.0
Austria,AUT,1991,10210000.0,-11800000.0,4380000.0,14230000.0,4540000.0,10150000.0,15450000.0,20830000.0,510000.0,1260000.0,1020000.0
Austria,AUT,1992,9970000.0,-11800000.0,4340000.0,13480000.0,3990000.0,9220000.0,15470000.0,17600000.0,550000.0,1210000.0,1100000.0
Austria,AUT,1993,9600000.0,-11800000.0,4300000.0,13230000.0,3850000.0,9470000.0,15610000.0,17740000.0,530000.0,1110000.0,1160000.0
Austria,AUT,1994,9490000.0,-11800000.0,4170000.0,12200000.0,4060000.0,9330000.0,15670000.0,19260000.0,380000.0,1039999.0,1220000.0
Austria,AUT,1995,9050000.0,-11810000.0,3980000.0,13370000.0,3840000.0,9780000.0,15890000.0,20810000.0,380000.0,1070000.0,1360000.0
Austria,AUT,1996,9040000.0,-11810000.0,3760000.0,14820000.0,3990000.0,9890000.0,17530000.0,21380000.0,360000.0,1090000.0,1500000.0
Austria,AUT,1997,8960000.0,-11810000.0,3590000.0,13220000.0,4130000.0,11050000.0,16570000.0,21870000.0,350000.0,1090000.0,1560000.0
Austria,AUT,1998,8750000.0,-11810000.0,3460000.0,13230000.0,3800000.0,10380000.0,18710000.0,20990000.0,360000.0,1090000.0,1630000.0
Austria,AUT,1999,8680000.0,-11800000.0,3320000.0,13740000.0,3760000.0,9610000.0,18210000.0,20130000.0,370000.0,1110000.0,1580000.0
Austria,AUT,2000,8530000.0,-11800000.0,3180000.0,12590000.0,3890000.0,10770000.0,18960000.0,19740000.0,370000.0,1070000.0,1730000.0
Austria,AUT,2001,8450000.0,-5950000.0,3060000.0,13810000.0,3920000.0,10640000.0,20470000.0,21580000.0,370000.0,1070000.0,1690000.0
Austria,AUT,2002,8410000.0,-5950000.0,3050000.0,13090000.0,4070000.0,10380000.0,22400000.0,22090000.0,370000.0,1030000.0,1590000.0
Austria,AUT,2003,8000000.0,-5960000.0,3040000.0,13820000.0,4250000.0,11150000.0,24010000.0,24070000.0,370000.0,1050000.0,1490000.0
Austria,AUT,2004,7960000.0,-5950000.0,3080000.0,13330000.0,3860000.0,11820000.0,24340000.0,24870000.0,340000.0,1039999.0,1770000.0
Austria,AUT,2005,7900000.0,-5940000.0,2910000.0,13050000.0,3660000.0,11170000.0,25070000.0,25630000.0,310000.0,960000.0,2000000.0
Austria,AUT,2006,7830000.0,-5950000.0,2770000.0,12770000.0,3880000.0,11400000.0,23930000.0,24610000.0,320000.0,920000.0,2079999.0
Austria,AUT,2007,7780000.0,-5950000.0,2630000.0,10830000.0,4080000.0,11100000.0,24130000.0,23660000.0,320000.0,890000.0,2210000.0
Austria,AUT,2008,8050000.0,-5950000.0,2500000.0,11180000.0,4170000.0,11360000.0,23090000.0,23590000.0,300000.0,890000.0,2210000.0
Austria,AUT,2009,7690000.0,-5950000.0,2310000.0,10330000.0,3610000.0,10730000.0,22270000.0,19990000.0,310000.0,830000.0,1920000.0
Austria,AUT,2010,7800000.0,-5950000.0,2150000.0,10620000.0,3520000.0,11240000.0,23090000.0,24220000.0,320000.0,840000.0,2060000.0
Austria,AUT,2011,7970000.0,-4780000.0,2010000.0,9320000.0,3610000.0,11350000.0,22260000.0,24430000.0,320000.0,820000.0,2150000.0
Austria,AUT,2012,7690000.0,-4780000.0,1870000.0,8960000.0,3670000.0,11170000.0,22190000.0,21930000.0,330000.0,810000.0,2100000.0
Austria,AUT,2013,7710000.0,-4780000.0,1740000.0,9210000.0,3740000.0,10780000.0,23670000.0,21260000.0,310000.0,830000.0,2000000.0
Austria,AUT,2014,7760000.0,-4780000.0,1610000.0,8100000.0,3830000.0,10440000.0,23230000.0,19370000.0,300000.0,820000.0,2000000.0
Austria,AUT,2015,7830000.0,-4780000.0,1500000.0,8580000.0,3990000.0,10550000.0,23750000.0,19480000.0,290000.0,820000.0,2140000.0
Austria,AUT,2016,7820000.0,-4770000.0,1400000.0,8810000.0,3990000.0,10850000.0,24570000.0,18540000.0,290000.0,830000.0,2340000.0
Austria,AUT,2017,7750000.0,-4770000.0,1310000.0,9010000.0,3980000.0,10770000.0,25120000.0,20080000.0,320000.0,830000.0,2260000.0
Austria,AUT,2018,7430000.0,-4770000.0,1230000.0,8170000.0,4130000.0,10670000.0,25370000.0,17860000.0,270000.0,810000.0,2530000.0
Austria,AUT,2019,7280000.0,-4770000.0,1160000.0,8420000.0,3960000.0,10780000.0,25400000.0,18950000.0,259999.0,800000.0,2920000.0
Austria,AUT,2020,7460000.0,-4770000.0,1110000.0,8440000.0,3860000.0,10520000.0,22170000.0,16960000.0,250000.0,790000.0,1000000.0
Austria,AUT,2021,7320000.0,-4790000.0,1050000.0,9250000.0,4000000.0,10590000.0,22930000.0,18060000.0,250000.0,830000.0,1270000.0
Austria,AUT,2022,7270000.0,-4790000.0,1010000.0,7700000.0,4000000.0,10750000.0,21670000.0,17300000.0,220000.0,810000.0,1870000.0
Austria,AUT,2023,7150000.0,-4790000.0,970000.0,6740000.0,4070000.0,9740000.0,20900000.0,16160000.0,220000.0,770000.0,2620000.0
Azerbaijan,AZE,1990,5720000.0,-1190000.0,2370000.0,4970000.0,220000.0,16299999.0,6390000.0,21820000.0,43080000.0,4280000.0,1050000.0
Azerbaijan,AZE,1991,5530000.0,-1190000.0,2240000.0,4660000.0,210000.0,17040000.0,4910000.0,22490000.0,40470000.0,3180000.0,850000.0
Azerbaijan,AZE,1992,4800000.0,-1180000.0,2250000.0,3620000.0,780000.0,9150000.0,4120000.0,23030000.0,55300000.0,2700000.0,510000.0
Azerbaijan,AZE,1993,4460000.0,-1180000.0,2270000.0,2380000.0,640000.0,7180000.0,3800000.0,22390000.0,26360000.0,1780000.0,590000.0
Azerbaijan,AZE,1994,4179999.0,-1180000.0,2290000.0,4730000.0,460000.0,6910000.0,3330000.0,16910000.0,2250000.0,1540000.0,480000.0
Azerbaijan,AZE,1995,4200000.0,-1180000.0,2320000.0,3870000.0,310000.0,8580000.0,3440000.0,15450000.0,2290000.0,1180000.0,310000.0
Azerbaijan,AZE,1996,4210000.0,-1190000.0,2340000.0,4100000.0,330000.0,4440000.0,2780000.0,14830000.0,2120000.0,1039999.0,590000.0
Azerbaijan,AZE,1997,4460000.0,-1190000.0,2350000.0,4100000.0,420000.0,3930000.0,3300000.0,14310000.0,2170000.0,750000.0,580000.0
Azerbaijan,AZE,1998,4620000.0,-1170000.0,2360000.0,4470000.0,380000.0,2130000.0,3080000.0,15900000.0,2700000.0,800000.0,490000.0
Azerbaijan,AZE,1999,4800000.0,-1190000.0,2370000.0,4770000.0,390000.0,2600000.0,1620000.0,15940000.0,3270000.0,940000.0,440000.0
Azerbaijan,AZE,2000,4910000.0,-1160000.0,2410000.0,4310000.0,420000.0,2680000.0,2420000.0,16330000.0,3320000.0,1690000.0,300000.0
Azerbaijan,AZE,2001,5240000.0,-1270000.0,2450000.0,4680000.0,620000.0,2200000.0,2670000.0,15160000.0,3590000.0,1230000.0,550000.0
Azerbaijan,AZE,2002,5450000.0,-1260000.0,2500000.0,5240000.0,790000.0,3010000.0,2990000.0,14000000.0,3520000.0,380000.0,290000.0
Azerbaijan,AZE,2003,5660000.0,-1270000.0,2550000.0,5760000.0,870000.0,2390000.0,3220000.0,16299999.0,3560000.0,280000.0,590000.0
Azerbaijan,AZE,2004,5880000.0,-1270000.0,2640000.0,5660000.0,1110000.0,1900000.0,3870000.0,15700000.0,3520000.0,390000.0,560000.0
Azerbaijan,AZE,2005,6020000.0,-1270000.0,2470000.0,5810000.0,1130000.0,1690000.0,4310000.0,16490000.0,4900000.0,860000.0,1120000.0
Azerbaijan,AZE,2006,6300000.0,-1270000.0,2310000.0,5820000.0,1170000.0,1620000.0,4960000.0,16980000.0,6620000.0,180000.0,1250000.0
Azerbaijan,AZE,2007,6390000.0,-1260000.0,2150000.0,5520000.0,1250000.0,2280000.0,3880000.0,14480000.0,8149999.0,650000.0,1360000.0
Azerbaijan,AZE,2008,6650000.0,-1270000.0,1980000.0,6700000.0,1230000.0,2650000.0,4900000.0,13890000.0,10320000.0,800000.0,1520000.0
Azerbaijan,AZE,2009,6770000.0,-1270000.0,1820000.0,6010000.0,1050000.0,1750000.0,4370000.0,11450000.0,10250000.0,1020000.0,1160000.0
Azerbaijan,AZE,2010,6800000.0,-1260000.0,1650000.0,6160000.0,1010000.0,1440000.0,5080000.0,9900000.0,9870000.0,1060000.0,1450000.0
Azerbaijan,AZE,2011,6870000.0,-2540000.0,1490000.0,6240000.0,840000.0,1730000.0,5950000.0,11570000.0,9330000.0,1100000.0,1570000.0
Azerbaijan,AZE,2012,6990000.0,-2540000.0,1330000.0,5270000.0,1060000.0,2180000.0,6570000.0,13890000.0,9460000.0,1130000.0,1420000.0
Azerbaijan,AZE,2013,7050000.0,-2540000.0,910000.0,5110000.0,1140000.0,2200000.0,7470000.0,13660000.0,9890000.0,1170000.0,1430000.0
Azerbaijan,AZE,2014,7140000.0,-2540000.0,930000.0,5660000.0,1360000.0,2300000.0,7740000.0,14140000.0,9120000.0,1130000.0,1320000.0
Azerbaijan,AZE,2015,7520000.0,-2540000.0,960000.0,6040000.0,1290000.0,2330000.0,6970000.0,14350000.0,8300000.0,1100000.0,980000.0
Azerbaijan,AZE,2016,7430000.0,-4660000.0,980000.0,6780000.0,1200000.0,2800000.0,6570000.0,14250000.0,8160000.0,1020000.0,700000.0
Azerbaijan,AZE,2017,7310000.0,-4650000.0,1000000.0,6180000.0,1430000.0,1750000.0,7910000.0,14200000.0,7560000.0,1050000.0,630000.0
Azerbaijan,AZE,2018,7490000.0,-4650000.0,1020000.0,6360000.0,1620000.0,1360000.0,8710000.0,14070000.0,7840000.0,1150000.0,480000.0
Azerbaijan,AZE,2019,7220000.0,-4660000.0,1050000.0,7250000.0,1650000.0,2160000.0,8620000.0,14200000.0,7870000.0,1210000.0,1070000.0
Azerbaijan,AZE,2020,7210000.0,-4650000.0,1070000.0,7990000.0,1610000.0,2210000.0,7020000.0,13660000.0,7210000.0,1300000.0,1150000.0
Azerbaijan,AZE,2021,6920000.0,-2930000.0,1090000.0,8359999.0,1690000.0,2110000.0,7880000.0,14540000.0,7430000.0,1320000.0,1390000.0
Azerbaijan,AZE,2022,6690000.0,-2930000.0,1100000.0,9040000.0,1750000.0,2650000.0,9360000.0,14340000.0,7590000.0,1280000.0,1370000.0
Azerbaijan,AZE,2023,6620000.0,-2930000.0,1130000.0,9900000.0,1770000.0,2710000.0,10100000.0,14740000.0,7820000.0,1240000.0,1300000.0
Bahamas,BHS,1990,30000.0,40000.0,10000.0,230000.0,0.0,660000.0,250000.0,860000.0,0.0,20000.0,610000.0
Bahamas,BHS,1991,20000.0,40000.0,10000.0,310000.0,0.0,650000.0,220000.0,890000.0,0.0,20000.0,610000.0
Bahamas,BHS,1992,30000.0,40000.0,10000.0,259999.0,0.0,590000.0,170000.0,930000.0,0.0,10000.0,590000.0
Bahamas,BHS,1993,20000.0,40000.0,10000.0,220000.0,0.0,550000.0,150000.0,900000.0,0.0,10000.0,600000.0
Bahamas,BHS,1994,20000.0,40000.0,10000.0,220000.0,0.0,560000.0,150000.0,910000.0,0.0,10000.0,590000.0
Bahamas,BHS,1995,30000.0,40000.0,10000.0,250000.0,0.0,580000.0,180000.0,910000.0,0.0,10000.0,600000.0
Bahamas,BHS,1996,30000.0,100000.0,10000.0,230000.0,0.0,580000.0,170000.0,910000.0,0.0,10000.0,610000.0
Bahamas,BHS,1997,30000.0,100000.0,10000.0,220000.0,0.0,270000.0,180000.0,1030000.0,0.0,10000.0,610000.0
Bahamas,BHS,1998,40000.0,110000.0,10000.0,220000.0,0.0,580000.0,180000.0,1110000.0,0.0,10000.0,620000.0
Bahamas,BHS,1999,30000.0,110000.0,10000.0,210000.0,0.0,580000.0,180000.0,1160000.0,0.0,10000.0,640000.0
Bahamas,BHS,2000,30000.0,140000.0,10000.0,200000.0,0.0,580000.0,180000.0,1160000.0,0.0,10000.0,660000.0
Bahamas,BHS,2001,30000.0,10000.0,10000.0,190000.0,0.0,490000.0,180000.0,1170000.0,0.0,10000.0,670000.0
Bahamas,BHS,2002,30000.0,30000.0,10000.0,190000.0,10000.0,460000.0,180000.0,1230000.0,0.0,10000.0,660000.0
Bahamas,BHS,2003,20000.0,10000.0,10000.0,180000.0,10000.0,430000.0,190000.0,1320000.0,0.0,20000.0,710000.0
Bahamas,BHS,2004,40000.0,60000.0,10000.0,160000.0,20000.0,420000.0,180000.0,1320000.0,0.0,20000.0,660000.0
Bahamas,BHS,2005,30000.0,40000.0,10000.0,160000.0,20000.0,280000.0,200000.0,1310000.0,0.0,20000.0,640000.0
Bahamas,BHS,2006,30000.0,20000.0,10000.0,160000.0,30000.0,160000.0,220000.0,1350000.0,0.0,20000.0,670000.0
Bahamas,BHS,2007,30000.0,0.0,10000.0,150000.0,30000.0,160000.0,220000.0,1400000.0,0.0,20000.0,730000.0
Bahamas,BHS,2008,40000.0,50000.0,10000.0,160000.0,40000.0,110000.0,230000.0,1470000.0,0.0,20000.0,960000.0
Bahamas,BHS,2009,30000.0,30000.0,10000.0,220000.0,40000.0,150000.0,450000.0,1390000.0,0.0,20000.0,1160000.0
Bahamas,BHS,2010,20000.0,20000.0,10000.0,310000.0,50000.0,160000.0,550000.0,1260000.0,0.0,40000.0,1150000.0
Bahamas,BHS,2011,40000.0,70000.0,10000.0,190000.0,50000.0,200000.0,500000.0,1270000.0,0.0,30000.0,1280000.0
Bahamas,BHS,2012,30000.0,10000.0,10000.0,250000.0,50000.0,200000.0,480000.0,1160000.0,0.0,40000.0,1730000.0
Bahamas,BHS,2013,40000.0,80000.0,10000.0,259999.0,50000.0,129999.0,560000.0,1090000.0,0.0,30000.0,1470000.0
Bahamas,BHS,2014,30000.0,20000.0,10000.0,280000.0,50000.0,129999.0,590000.0,1120000.0,0.0,30000.0,1310000.0
Bahamas,BHS,2015,30000.0,20000.0,10000.0,300000.0,60000.0,170000.0,660000.0,1160000.0,0.0,40000.0,1039999.0
Bahamas,BHS,2016,40000.0,50000.0,10000.0,310000.0,60000.0,180000.0,670000.0,1140000.0,0.0,40000.0,1060000.0
Bahamas,BHS,2017,40000.0,100000.0,10000.0,330000.0,60000.0,270000.0,860000.0,1100000.0,0.0,40000.0,1190000.0
Bahamas,BHS,2018,30000.0,10000.0,10000.0,380000.0,70000.0,210000.0,820000.0,1090000.0,0.0,40000.0,1280000.0
Bahamas,BHS,2019,30000.0,20000.0,10000.0,400000.0,70000.0,250000.0,820000.0,1090000.0,0.0,50000.0,1350000.0
Bahamas,BHS,2020,30000.0,30000.0,10000.0,270000.0,70000.0,210000.0,570000.0,1039999.0,0.0,40000.0,1280000.0
Bahamas,BHS,2021,30000.0,20000.0,10000.0,400000.0,80000.0,320000.0,900000.0,1150000.0,0.0,40000.0,1880000.0
Bahamas,BHS,2022,20000.0,0.0,10000.0,410000.0,80000.0,330000.0,980000.0,1270000.0,0.0,40000.0,1350000.0
Bahamas,BHS,2023,20000.0,20000.0,10000.0,390000.0,90000.0,330000.0,920000.0,1290000.0,0.0,40000.0,1130000.0
Bahrain,BHR,1990,40000.0,0.0,2390000.0,129999.0,1790000.0,30000.0,1020000.0,9530000.0,2560000.0,0.0,1450000.0
Bahrain,BHR,1991,40000.0,0.0,2470000.0,140000.0,1850000.0,30000.0,1030000.0,9120000.0,2540000.0,0.0,1060000.0
Bahrain,BHR,1992,40000.0,0.0,2690000.0,150000.0,2290000.0,30000.0,1150000.0,10890000.0,2720000.0,0.0,970000.0
Bahrain,BHR,1993,40000.0,0.0,2900000.0,150000.0,3370000.0,30000.0,1190000.0,11650000.0,2790000.0,0.0,970000.0
Bahrain,BHR,1994,30000.0,0.0,3110000.0,160000.0,3240000.0,30000.0,1210000.0,11920000.0,2730000.0,0.0,1110000.0
Bahrain,BHR,1995,30000.0,0.0,3690000.0,160000.0,3150000.0,40000.0,1260000.0,12030000.0,2770000.0,0.0,1160000.0
Bahrain,BHR,1996,30000.0,0.0,4270000.0,180000.0,3160000.0,50000.0,1290000.0,12600000.0,2800000.0,0.0,1080000.0
Bahrain,BHR,1997,30000.0,0.0,4840000.0,250000.0,3290000.0,70000.0,1350000.0,12720000.0,2920000.0,0.0,770000.0
Bahrain,BHR,1998,40000.0,0.0,5410000.0,320000.0,3290000.0,70000.0,1430000.0,13630000.0,2990000.0,0.0,1110000.0
Bahrain,BHR,1999,40000.0,0.0,5990000.0,170000.0,3080000.0,80000.0,1480000.0,13710000.0,2970000.0,0.0,1060000.0
Bahrain,BHR,2000,30000.0,0.0,6560000.0,180000.0,2890000.0,80000.0,1570000.0,14060000.0,3040000.0,0.0,1130000.0
Bahrain,BHR,2001,30000.0,0.0,6950000.0,190000.0,2370000.0,129999.0,1630000.0,14460000.0,3050000.0,0.0,1210000.0
Bahrain,BHR,2002,50000.0,0.0,7330000.0,200000.0,2980000.0,129999.0,1830000.0,15100000.0,3100000.0,0.0,1320000.0
Bahrain,BHR,2003,50000.0,0.0,7750000.0,210000.0,1920000.0,120000.0,1990000.0,15640000.0,3170000.0,0.0,1480000.0
Bahrain,BHR,2004,50000.0,0.0,8290000.0,220000.0,2330000.0,140000.0,2180000.0,15310000.0,3160000.0,0.0,1640000.0
Bahrain,BHR,2005,40000.0,0.0,8910000.0,240000.0,2660000.0,170000.0,2550000.0,17680000.0,3340000.0,0.0,1750000.0
Bahrain,BHR,2006,50000.0,0.0,9560000.0,190000.0,2980000.0,190000.0,2660000.0,19380000.0,3400000.0,0.0,1880000.0
Bahrain,BHR,2007,40000.0,0.0,10250000.0,200000.0,3410000.0,210000.0,2900000.0,19640000.0,3470000.0,0.0,1880000.0
Bahrain,BHR,2008,40000.0,0.0,10970000.0,230000.0,2660000.0,240000.0,3170000.0,21060000.0,3580000.0,0.0,2140000.0
Bahrain,BHR,2009,40000.0,0.0,11690000.0,230000.0,2600000.0,300000.0,3120000.0,20910000.0,3580000.0,0.0,2130000.0
Bahrain,BHR,2010,50000.0,0.0,12310000.0,230000.0,2700000.0,720000.0,3210000.0,21470000.0,3690000.0,0.0,2050000.0
Bahrain,BHR,2011,50000.0,0.0,12800000.0,230000.0,1940000.0,790000.0,3020000.0,21610000.0,3790000.0,0.0,1940000.0
Bahrain,BHR,2012,50000.0,0.0,13270000.0,240000.0,2079999.0,1050000.0,3250000.0,22270000.0,3600000.0,0.0,1840000.0
Bahrain,BHR,2013,60000.0,0.0,13840000.0,259999.0,2130000.0,1740000.0,3360000.0,22990000.0,4370000.0,0.0,1350000.0
Bahrain,BHR,2014,60000.0,0.0,14490000.0,259999.0,2200000.0,2230000.0,3470000.0,23910000.0,4320000.0,0.0,1340000.0
Bahrain,BHR,2015,50000.0,0.0,15120000.0,280000.0,2190000.0,2089999.0,3620000.0,24180000.0,4159999.0,0.0,1470000.0
Bahrain,BHR,2016,40000.0,-10000.0,15720000.0,259999.0,2410000.0,2120000.0,3700000.0,23650000.0,4430000.0,0.0,1460000.0
Bahrain,BHR,2017,40000.0,-10000.0,16340000.0,220000.0,2470000.0,1960000.0,3810000.0,23880000.0,4520000.0,0.0,1520000.0
Bahrain,BHR,2018,40000.0,-10000.0,16930000.0,259999.0,2380000.0,2170000.0,3930000.0,23910000.0,4260000.0,0.0,1600000.0
Bahrain,BHR,2019,50000.0,-10000.0,17390000.0,250000.0,2350000.0,2190000.0,3840000.0,26430000.0,4850000.0,0.0,1680000.0
Bahrain,BHR,2020,40000.0,-10000.0,17730000.0,250000.0,2440000.0,2120000.0,3380000.0,26480000.0,4930000.0,0.0,990000.0
Bahrain,BHR,2021,40000.0,-60000.0,18040000.0,240000.0,2580000.0,2280000.0,3600000.0,27030000.0,4570000.0,0.0,1100000.0
Bahrain,BHR,2022,40000.0,-60000.0,18490000.0,259999.0,2730000.0,2240000.0,3900000.0,28660000.0,4570000.0,0.0,1730000.0
Bahrain,BHR,2023,40000.0,-60000.0,19060000.0,290000.0,2860000.0,2120000.0,4090000.0,29500000.0,4630000.0,0.0,2000000.0
Bangladesh,BGD,1990,68340000.0,19340000.0,13750000.0,9630000.0,1210000.0,2320000.0,1710000.0,4460000.0,1260000.0,780000.0,340000.0
Bangladesh,BGD,1991,68770000.0,19340000.0,14010000.0,9350000.0,1360000.0,1520000.0,1900000.0,4600000.0,1260000.0,870000.0,310000.0
Bangladesh,BGD,1992,69340000.0,19340000.0,14700000.0,9460000.0,1530000.0,1500000.0,2180000.0,5200000.0,1410000.0,1000000.0,270000.0
Bangladesh,BGD,1993,69400000.0,19340000.0,15390000.0,9660000.0,1620000.0,1470000.0,2240000.0,5790000.0,1560000.0,1000000.0,320000.0
Bangladesh,BGD,1994,71150000.0,19340000.0,16059999.0,10000000.0,1490000.0,1900000.0,2290000.0,6100000.0,1630000.0,1000000.0,360000.0
Bangladesh,BGD,1995,73450000.0,19370000.0,16129999.0,10360000.0,1500000.0,3330000.0,2760000.0,6730000.0,1760000.0,1180000.0,400000.0
Bangladesh,BGD,1996,74790000.0,19340000.0,16190001.0,10230000.0,1530000.0,2970000.0,3040000.0,6720000.0,1900000.0,1300000.0,410000.0
Bangladesh,BGD,1997,75280000.0,19340000.0,16250000.0,10970000.0,1520000.0,3640000.0,3440000.0,7180000.0,1880000.0,1390000.0,450000.0
Bangladesh,BGD,1998,75350000.0,19230000.0,16340000.0,11330000.0,1750000.0,2870000.0,3530000.0,7810000.0,2030000.0,1440000.0,550000.0
Bangladesh,BGD,1999,78330000.0,19140000.0,16440001.0,11390000.0,1950000.0,2850000.0,3220000.0,8810000.0,2220000.0,1560000.0,570000.0
Bangladesh,BGD,2000,78650000.0,18990000.0,16540001.0,11710000.0,2350000.0,3050000.0,3140000.0,9010000.0,2390000.0,1390000.0,500000.0
Bangladesh,BGD,2001,78190000.0,18530000.0,16660000.0,12230000.0,2710000.0,4440000.0,3940000.0,10740000.0,2680000.0,1870000.0,740000.0
Bangladesh,BGD,2002,78490000.0,18310000.0,17250000.0,12800000.0,2700000.0,4810000.0,4010000.0,11520000.0,2820000.0,1930000.0,770000.0
Bangladesh,BGD,2003,77490000.0,18370000.0,17840000.0,13520000.0,2900000.0,5510000.0,4090000.0,11600000.0,3030000.0,1890000.0,850000.0
Bangladesh,BGD,2004,75840000.0,18240000.0,18440000.0,14010000.0,2960000.0,4130000.0,4710000.0,13520000.0,3260000.0,2180000.0,870000.0
Bangladesh,BGD,2005,77100000.0,18310000.0,19030000.0,13840000.0,2850000.0,4720000.0,5240000.0,14660000.0,3490000.0,2460000.0,960000.0
Bangladesh,BGD,2006,78240000.0,18700000.0,19270000.0,14070000.0,2850000.0,5320000.0,5470000.0,16920000.0,3920000.0,2500000.0,920000.0
Bangladesh,BGD,2007,78470000.0,18340000.0,19500000.0,14380000.0,2940000.0,6010000.0,5590000.0,18230000.0,4130000.0,2490000.0,900000.0
Bangladesh,BGD,2008,82450000.0,18470000.0,19700000.0,14630000.0,3080000.0,7040000.0,6270000.0,19620000.0,4490000.0,2530000.0,1070000.0
Bangladesh,BGD,2009,82380000.0,18520000.0,19920000.0,14760000.0,3080000.0,8189999.0,6620000.0,21790000.0,4860000.0,2500000.0,1010000.0
Bangladesh,BGD,2010,83500000.0,18320000.0,20170000.0,15480000.0,2880000.0,9210000.0,7660000.0,24310000.0,5270000.0,2790000.0,1130000.0
Bangladesh,BGD,2011,84570000.0,17870000.0,20420000.0,15850000.0,3100000.0,9260000.0,8930000.0,26440000.0,5320000.0,3510000.0,1290000.0
Bangladesh,BGD,2012,83990000.0,17900000.0,20690000.0,15820000.0,3070000.0,10250000.0,9010000.0,29910000.0,5920000.0,3510000.0,1230000.0
Bangladesh,BGD,2013,84210000.0,18130000.0,20960000.0,15720000.0,3210000.0,10680000.0,8520000.0,32849998.0,6520000.0,3220000.0,1270000.0
Bangladesh,BGD,2014,85310000.0,18010000.0,21240000.0,16580000.0,3240000.0,10470000.0,9210000.0,35150000.0,6670000.0,3240000.0,1300000.0
Bangladesh,BGD,2015,85990000.0,17760000.0,21510000.0,17510000.0,3690000.0,13380000.0,9660000.0,37730000.0,7290000.0,2910000.0,1350000.0
Bangladesh,BGD,2016,84310000.0,7810000.0,21790000.0,18950000.0,4000000.0,15340000.0,10250000.0,42140000.0,7900000.0,3100000.0,1380000.0
Bangladesh,BGD,2017,86970000.0,7800000.0,22080000.0,20130000.0,4340000.0,18110000.0,11430000.0,43940000.0,7880000.0,2970000.0,1510000.0
Bangladesh,BGD,2018,87500000.0,7850000.0,22360000.0,20460000.0,4780000.0,17020000.0,13190000.0,46230000.0,7910000.0,3590000.0,1660000.0
Bangladesh,BGD,2019,87640000.0,7890000.0,22630000.0,20800000.0,5130000.0,18500000.0,13920000.0,47340000.0,8130000.0,3860000.0,1760000.0
Bangladesh,BGD,2020,88110000.0,8120000.0,22920000.0,19130000.0,5280000.0,19900000.0,13080000.0,45580000.0,7740000.0,3720000.0,1060000.0
Bangladesh,BGD,2021,90220000.0,18060000.0,23170000.0,20900000.0,5600000.0,18340000.0,14440000.0,54810000.0,7920000.0,4139999.0,1460000.0
Bangladesh,BGD,2022,90390000.0,17590000.0,23410000.0,20750000.0,5700000.0,20150000.0,15270000.0,59990000.0,7700000.0,4220000.0,1980000.0
Bangladesh,BGD,2023,90590000.0,17620000.0,23650000.0,18350000.0,5900000.0,17650000.0,15400000.0,59180000.0,7110000.0,4120000.0,2069999.0
Barbados,BRB,1990,100000.0,0.0,2190000.0,60000.0,100000.0,180000.0,270000.0,480000.0,40000.0,10000.0,270000.0
Barbados,BRB,1991,100000.0,0.0,2230000.0,60000.0,100000.0,170000.0,270000.0,480000.0,40000.0,0.0,270000.0
Barbados,BRB,1992,100000.0,0.0,2270000.0,60000.0,90000.0,110000.0,270000.0,460000.0,50000.0,0.0,230000.0
Barbados,BRB,1993,100000.0,0.0,2320000.0,60000.0,40000.0,100000.0,270000.0,480000.0,50000.0,0.0,210000.0
Barbados,BRB,1994,100000.0,0.0,2360000.0,60000.0,50000.0,129999.0,280000.0,490000.0,50000.0,10000.0,280000.0
Barbados,BRB,1995,100000.0,0.0,2370000.0,60000.0,40000.0,140000.0,280000.0,519999.0,50000.0,10000.0,300000.0
Barbados,BRB,1996,100000.0,0.0,2380000.0,60000.0,60000.0,160000.0,250000.0,550000.0,50000.0,0.0,340000.0
Barbados,BRB,1997,100000.0,0.0,2390000.0,70000.0,90000.0,180000.0,300000.0,560000.0,50000.0,0.0,440000.0
Barbados,BRB,1998,90000.0,0.0,2140000.0,80000.0,140000.0,170000.0,340000.0,550000.0,40000.0,0.0,390000.0
Barbados,BRB,1999,90000.0,0.0,2140000.0,90000.0,140000.0,180000.0,350000.0,600000.0,50000.0,10000.0,410000.0
Barbados,BRB,2000,80000.0,0.0,2140000.0,80000.0,140000.0,210000.0,370000.0,570000.0,40000.0,10000.0,500000.0
Barbados,BRB,2001,80000.0,-10000.0,2150000.0,70000.0,150000.0,170000.0,370000.0,610000.0,40000.0,10000.0,390000.0
Barbados,BRB,2002,70000.0,-10000.0,2150000.0,80000.0,190000.0,150000.0,370000.0,580000.0,40000.0,0.0,380000.0
Barbados,BRB,2003,60000.0,-10000.0,2160000.0,80000.0,200000.0,160000.0,380000.0,600000.0,40000.0,10000.0,370000.0
Barbados,BRB,2004,70000.0,-10000.0,2170000.0,80000.0,220000.0,160000.0,390000.0,620000.0,30000.0,10000.0,370000.0
Barbados,BRB,2005,60000.0,-10000.0,2170000.0,80000.0,230000.0,160000.0,410000.0,640000.0,30000.0,10000.0,360000.0
Barbados,BRB,2006,60000.0,-10000.0,2180000.0,80000.0,250000.0,150000.0,410000.0,680000.0,30000.0,10000.0,340000.0
Barbados,BRB,2007,50000.0,-10000.0,2190000.0,80000.0,259999.0,160000.0,410000.0,680000.0,30000.0,0.0,360000.0
Barbados,BRB,2008,60000.0,-10000.0,2200000.0,110000.0,270000.0,190000.0,460000.0,850000.0,30000.0,10000.0,390000.0
Barbados,BRB,2009,50000.0,-10000.0,2210000.0,100000.0,259999.0,170000.0,440000.0,870000.0,30000.0,10000.0,330000.0
Barbados,BRB,2010,50000.0,-10000.0,2210000.0,110000.0,259999.0,160000.0,440000.0,760000.0,30000.0,10000.0,310000.0
Barbados,BRB,2011,60000.0,10000.0,2220000.0,90000.0,259999.0,170000.0,460000.0,810000.0,30000.0,10000.0,350000.0
Barbados,BRB,2012,60000.0,10000.0,2220000.0,90000.0,240000.0,150000.0,440000.0,800000.0,30000.0,0.0,280000.0
Barbados,BRB,2013,60000.0,10000.0,2230000.0,90000.0,240000.0,160000.0,420000.0,800000.0,30000.0,0.0,460000.0
Barbados,BRB,2014,60000.0,10000.0,2230000.0,90000.0,250000.0,180000.0,410000.0,630000.0,30000.0,0.0,480000.0
Barbados,BRB,2015,60000.0,10000.0,2240000.0,80000.0,250000.0,129999.0,410000.0,630000.0,30000.0,0.0,330000.0
Barbados,BRB,2016,60000.0,0.0,2240000.0,80000.0,259999.0,259999.0,420000.0,550000.0,30000.0,0.0,350000.0
Barbados,BRB,2017,60000.0,0.0,2250000.0,90000.0,310000.0,220000.0,430000.0,550000.0,20000.0,0.0,400000.0
Barbados,BRB,2018,60000.0,0.0,2250000.0,90000.0,320000.0,230000.0,410000.0,620000.0,40000.0,0.0,410000.0
Barbados,BRB,2019,60000.0,0.0,2260000.0,100000.0,330000.0,290000.0,420000.0,490000.0,40000.0,0.0,400000.0
Barbados,BRB,2020,60000.0,0.0,2260000.0,70000.0,320000.0,280000.0,370000.0,470000.0,30000.0,0.0,200000.0
Barbados,BRB,2021,60000.0,0.0,2260000.0,80000.0,360000.0,220000.0,350000.0,450000.0,20000.0,0.0,170000.0
Barbados,BRB,2022,60000.0,0.0,2270000.0,80000.0,370000.0,220000.0,390000.0,519999.0,20000.0,0.0,340000.0
Barbados,BRB,2023,60000.0,0.0,2270000.0,100000.0,390000.0,230000.0,370000.0,530000.0,20000.0,0.0,390000.0
Belarus,BLR,1990,35560000.0,-12770000.0,6900000.0,14400000.0,720000.0,8390000.0,11910000.0,62290000.0,3290000.0,3930000.0,0.0
Belarus,BLR,1991,34380000.0,-12770000.0,6860000.0,13480000.0,690000.0,8170000.0,12710000.0,58800000.0,3130000.0,4120000.0,0.0
Belarus,BLR,1992,29210000.0,-12880000.0,6630000.0,12150000.0,1530000.0,5480000.0,11740000.0,54730000.0,3170000.0,3690000.0,0.0
Belarus,BLR,1993,28240000.0,-12880000.0,6510000.0,11020000.0,1360000.0,5530000.0,9890000.0,46300000.0,3090000.0,3500000.0,0.0
Belarus,BLR,1994,26990000.0,-12880000.0,6460000.0,8930000.0,1080000.0,4179999.0,7000000.0,42330000.0,2960000.0,2290000.0,0.0
Belarus,BLR,1995,26100000.0,-12560000.0,6450000.0,8510000.0,1130000.0,3410000.0,6930000.0,36740000.0,2820000.0,2020000.0,0.0
Belarus,BLR,1996,25340000.0,-12470000.0,6500000.0,8790000.0,1210000.0,3860000.0,7520000.0,36410000.0,2830000.0,1930000.0,0.0
Belarus,BLR,1997,24960000.0,-12360000.0,6650000.0,7310000.0,1410000.0,3880000.0,7890000.0,37980000.0,2940000.0,1850000.0,0.0
Belarus,BLR,1998,24720000.0,-12200000.0,6790000.0,6360000.0,1510000.0,4450000.0,8330000.0,36010000.0,2890000.0,1850000.0,0.0
Belarus,BLR,1999,24430000.0,-11750000.0,6920000.0,6310000.0,1540000.0,4270000.0,7350000.0,35140000.0,2910000.0,1710000.0,0.0
Belarus,BLR,2000,23550000.0,-11710000.0,7080000.0,6430000.0,1560000.0,3220000.0,6660000.0,34350000.0,3080000.0,2150000.0,0.0
Belarus,BLR,2001,23280000.0,-3790000.0,7050000.0,5700000.0,1530000.0,3270000.0,6330000.0,34370000.0,3040000.0,1910000.0,0.0
Belarus,BLR,2002,22650000.0,-3730000.0,7150000.0,5540000.0,1690000.0,3240000.0,6810000.0,33980000.0,3070000.0,1880000.0,0.0
Belarus,BLR,2003,22650000.0,-3890000.0,7270000.0,5420000.0,1900000.0,3610000.0,7030000.0,34050000.0,3110000.0,1910000.0,0.0
Belarus,BLR,2004,22590000.0,-4080000.0,7470000.0,5220000.0,2050000.0,3920000.0,7200000.0,36750000.0,3200000.0,2020000.0,0.0
Belarus,BLR,2005,22920000.0,-4120000.0,7790000.0,5410000.0,2240000.0,4040000.0,8020000.0,36100000.0,3130000.0,2180000.0,0.0
Belarus,BLR,2006,23340000.0,-4159999.0,7910000.0,5490000.0,2390000.0,4000000.0,9400000.0,36790000.0,3230000.0,2350000.0,0.0
Belarus,BLR,2007,23170000.0,-4240000.0,8109999.0,5290000.0,2480000.0,4280000.0,9560000.0,34880000.0,3150000.0,2480000.0,0.0
Belarus,BLR,2008,23590000.0,-4460000.0,8210000.0,5170000.0,2670000.0,4550000.0,10860000.0,35850000.0,3200000.0,2800000.0,0.0
Belarus,BLR,2009,24000000.0,-4540000.0,8149999.0,5140000.0,2730000.0,4250000.0,9910000.0,34540000.0,3010000.0,2180000.0,0.0
Belarus,BLR,2010,23920000.0,-4540000.0,8380000.0,5620000.0,2940000.0,4680000.0,10510000.0,37330000.0,3170000.0,2089999.0,0.0
Belarus,BLR,2011,24490000.0,4139999.0,8510000.0,5470000.0,2930000.0,4770000.0,11160000.0,33460000.0,3040000.0,2270000.0,0.0
Belarus,BLR,2012,24620000.0,4190000.0,8690000.0,5760000.0,3160000.0,5130000.0,11960000.0,33180000.0,3090000.0,2280000.0,0.0
Belarus,BLR,2013,24560000.0,4179999.0,9080000.0,5590000.0,3350000.0,5230000.0,12480000.0,32800000.0,3000000.0,2170000.0,310000.0
Belarus,BLR,2014,24170000.0,4220000.0,9220000.0,5170000.0,3650000.0,5350000.0,11870000.0,32930000.0,3080000.0,2140000.0,340000.0
Belarus,BLR,2015,24110000.0,4190000.0,9180000.0,4830000.0,3310000.0,4480000.0,10640000.0,31250000.0,3000000.0,2020000.0,340000.0
Belarus,BLR,2016,23270000.0,880000.0,9120000.0,5150000.0,3170000.0,4530000.0,11060000.0,30830000.0,2950000.0,2040000.0,370000.0
Belarus,BLR,2017,23740000.0,720000.0,9280000.0,5210000.0,3210000.0,4670000.0,11530000.0,30970000.0,3070000.0,2300000.0,390000.0
Belarus,BLR,2018,23540000.0,710000.0,9550000.0,5250000.0,3200000.0,4780000.0,12130000.0,33210000.0,3090000.0,2420000.0,450000.0
Belarus,BLR,2019,23460000.0,470000.0,9620000.0,4810000.0,3430000.0,4850000.0,12090000.0,32009998.0,3110000.0,2320000.0,580000.0
Belarus,BLR,2020,23790000.0,500000.0,9580000.0,4650000.0,3520000.0,4720000.0,10870000.0,30580000.0,3190000.0,2300000.0,330000.0
Belarus,BLR,2021,23310000.0,-104280000.0,9690000.0,5330000.0,3380000.0,4610000.0,10640000.0,30750000.0,3140000.0,2440000.0,380000.0
Belarus,BLR,2022,23480000.0,-104260000.0,9680000.0,5360000.0,3430000.0,4360000.0,10260000.0,28680000.0,2960000.0,2510000.0,360000.0
Belarus,BLR,2023,23570000.0,-104270000.0,9710000.0,5150000.0,3440000.0,4690000.0,10250000.0,27760000.0,3030000.0,2510000.0,360000.0
Belgium,BEL,1990,12080000.0,-3870000.0,4490000.0,25030000.0,10680000.0,28200000.0,20680000.0,31720000.0,1250000.0,1860000.0,16190001.0
Belgium,BEL,1991,12150000.0,-3870000.0,4640000.0,27920000.0,10650000.0,29090000.0,20870000.0,32210000.0,1090000.0,2030000.0,16360001.0
Belgium,BEL,1992,11940000.0,-3870000.0,4750000.0,27790000.0,11110000.0,26820000.0,21700000.0,31390000.0,930000.0,2550000.0,16129999.0
Belgium,BEL,1993,11880000.0,-3870000.0,4390000.0,27010000.0,11180000.0,24720000.0,22230000.0,31280000.0,990000.0,2770000.0,16379999.0
Belgium,BEL,1994,11840000.0,-3870000.0,4590000.0,26280000.0,12500000.0,26680000.0,22820000.0,33500000.0,860000.0,3400000.0,15660000.0
Belgium,BEL,1995,12010000.0,-3880000.0,4580000.0,27510000.0,13370000.0,24890000.0,22970000.0,33180000.0,860000.0,3730000.0,15390000.0
Belgium,BEL,1996,12020000.0,-3880000.0,4470000.0,31940000.0,13370000.0,25020000.0,23410000.0,32910000.0,840000.0,4159999.0,17740000.0
Belgium,BEL,1997,11780000.0,-3880000.0,4500000.0,29580000.0,10660000.0,26160000.0,23750000.0,31370000.0,800000.0,3580000.0,19910000.0
Belgium,BEL,1998,11670000.0,-3880000.0,4370000.0,29290000.0,9980000.0,27170000.0,24480000.0,33020000.0,780000.0,3220000.0,21550000.0
Belgium,BEL,1999,12130000.0,-3880000.0,4080000.0,27740000.0,9450000.0,27940000.0,24700000.0,29940000.0,780000.0,3000000.0,19510000.0
Belgium,BEL,2000,10850000.0,-3970000.0,3890000.0,26770000.0,9690000.0,29220000.0,24990000.0,31300000.0,760000.0,2650000.0,21910000.0
Belgium,BEL,2001,10700000.0,-2960000.0,3440000.0,27860000.0,9130000.0,30820000.0,25820000.0,29300000.0,750000.0,2540000.0,21120000.0
Belgium,BEL,2002,11140000.0,-2970000.0,3240000.0,26590000.0,8890000.0,24690000.0,25750000.0,29500000.0,720000.0,2210000.0,25610000.0
Belgium,BEL,2003,10700000.0,-2970000.0,2860000.0,28560000.0,8490000.0,25120000.0,26400000.0,30620000.0,690000.0,2780000.0,28000000.0
Belgium,BEL,2004,10530000.0,-2970000.0,2850000.0,28100000.0,8770000.0,22200000.0,27490000.0,30410000.0,680000.0,3240000.0,28820000.0
Belgium,BEL,2005,10360000.0,-2970000.0,2620000.0,27890000.0,8800000.0,20780000.0,26700000.0,30580000.0,700000.0,2990000.0,28380000.0
Belgium,BEL,2006,10200000.0,-2970000.0,2540000.0,25950000.0,8330000.0,20030000.0,27100000.0,30200000.0,700000.0,2600000.0,30580000.0
Belgium,BEL,2007,10200000.0,-2970000.0,2340000.0,23050000.0,8130000.0,18550000.0,27930000.0,30060000.0,700000.0,2180000.0,34100000.0
Belgium,BEL,2008,10070000.0,-2970000.0,2170000.0,27100000.0,8470000.0,18700000.0,28010000.0,28660000.0,670000.0,2240000.0,35390000.0
Belgium,BEL,2009,10210000.0,-2970000.0,2089999.0,25180000.0,7990000.0,16760000.0,27200000.0,26960000.0,670000.0,2210000.0,26700000.0
Belgium,BEL,2010,10240000.0,-2970000.0,1890000.0,27640000.0,8200000.0,19310000.0,26400000.0,30070000.0,730000.0,2180000.0,28930000.0
Belgium,BEL,2011,10150000.0,-2320000.0,1820000.0,22610000.0,7750000.0,17820000.0,25990000.0,26580000.0,680000.0,1910000.0,26430000.0
Belgium,BEL,2012,10000000.0,-2320000.0,1750000.0,23870000.0,7650000.0,17530000.0,25220000.0,25340000.0,650000.0,1900000.0,23760000.0
Belgium,BEL,2013,9870000.0,-2320000.0,1580000.0,26080000.0,7500000.0,19000000.0,24720000.0,23350000.0,640000.0,2050000.0,23910000.0
Belgium,BEL,2014,10050000.0,-2320000.0,1480000.0,20680000.0,7770000.0,19030000.0,24980000.0,22410000.0,640000.0,1730000.0,21530000.0
Belgium,BEL,2015,10160000.0,-2320000.0,1350000.0,23590000.0,7410000.0,18700000.0,26630000.0,23270000.0,650000.0,1730000.0,23190000.0
Belgium,BEL,2016,9990000.0,3180000.0,1280000.0,23300000.0,7740000.0,19340000.0,26360000.0,22020000.0,630000.0,1880000.0,25940000.0
Belgium,BEL,2017,9650000.0,3180000.0,1240000.0,23080000.0,7650000.0,18570000.0,25770000.0,22140000.0,620000.0,1950000.0,29130000.0
Belgium,BEL,2018,9680000.0,3180000.0,1150000.0,22800000.0,7790000.0,19080000.0,25870000.0,22460000.0,600000.0,1930000.0,35260000.0
Belgium,BEL,2019,9700000.0,3180000.0,1090000.0,20620000.0,7530000.0,19300000.0,25610000.0,23320000.0,600000.0,2100000.0,31780000.0
Belgium,BEL,2020,9600000.0,3180000.0,1010000.0,20790000.0,6710000.0,18110000.0,21430000.0,21190000.0,570000.0,1980000.0,23990000.0
Belgium,BEL,2021,9510000.0,200000.0,930000.0,22080000.0,6840000.0,19190000.0,23630000.0,20420000.0,560000.0,2040000.0,28770000.0
Belgium,BEL,2022,9210000.0,200000.0,890000.0,18090000.0,6760000.0,17350000.0,23830000.0,20400000.0,430000.0,1990000.0,29710000.0
Belgium,BEL,2023,8910000.0,200000.0,870000.0,17470000.0,6600000.0,16400000.0,24230000.0,17960000.0,440000.0,2000000.0,27390000.0
Belize,BLZ,1990,180000.0,4670000.0,6680000.0,100000.0,0.0,40000.0,110000.0,80000.0,0.0,,40000.0
Belize,BLZ,1991,170000.0,4670000.0,6820000.0,140000.0,0.0,50000.0,150000.0,100000.0,0.0,,50000.0
Belize,BLZ,1992,190000.0,4670000.0,6970000.0,30000.0,0.0,30000.0,220000.0,110000.0,0.0,,50000.0
Belize,BLZ,1993,170000.0,4670000.0,7120000.0,30000.0,0.0,30000.0,230000.0,120000.0,0.0,,30000.0
Belize,BLZ,1994,170000.0,4670000.0,7270000.0,40000.0,0.0,30000.0,230000.0,110000.0,0.0,,40000.0
Belize,BLZ,1995,140000.0,4670000.0,6080000.0,40000.0,0.0,40000.0,240000.0,90000.0,0.0,,30000.0
Belize,BLZ,1996,129999.0,4650000.0,4880000.0,40000.0,0.0,30000.0,190000.0,80000.0,0.0,,40000.0
Belize,BLZ,1997,140000.0,4620000.0,3690000.0,40000.0,0.0,40000.0,259999.0,90000.0,0.0,,50000.0
Belize,BLZ,1998,150000.0,4700000.0,2490000.0,30000.0,0.0,20000.0,259999.0,90000.0,0.0,,70000.0
Belize,BLZ,1999,170000.0,4640000.0,1300000.0,40000.0,0.0,30000.0,240000.0,60000.0,0.0,,70000.0
Belize,BLZ,2000,160000.0,4670000.0,100000.0,50000.0,0.0,80000.0,270000.0,30000.0,0.0,,90000.0
Belize,BLZ,2001,170000.0,4030000.0,120000.0,50000.0,10000.0,140000.0,250000.0,40000.0,10000.0,,50000.0
Belize,BLZ,2002,230000.0,4060000.0,140000.0,40000.0,10000.0,150000.0,230000.0,40000.0,10000.0,,60000.0
Belize,BLZ,2003,290000.0,4290000.0,160000.0,40000.0,10000.0,100000.0,240000.0,80000.0,20000.0,,60000.0
Belize,BLZ,2004,170000.0,3990000.0,170000.0,50000.0,20000.0,60000.0,240000.0,60000.0,0.0,,70000.0
Belize,BLZ,2005,190000.0,4100000.0,180000.0,50000.0,20000.0,80000.0,250000.0,70000.0,0.0,,70000.0
Belize,BLZ,2006,190000.0,4020000.0,190000.0,50000.0,20000.0,129999.0,259999.0,30000.0,40000.0,,70000.0
Belize,BLZ,2007,220000.0,4139999.0,190000.0,50000.0,30000.0,120000.0,290000.0,30000.0,50000.0,,50000.0
Belize,BLZ,2008,230000.0,4070000.0,190000.0,50000.0,30000.0,90000.0,310000.0,10000.0,60000.0,,50000.0
Belize,BLZ,2009,259999.0,4030000.0,190000.0,50000.0,30000.0,110000.0,350000.0,30000.0,60000.0,,50000.0
Belize,BLZ,2010,250000.0,4080000.0,200000.0,50000.0,40000.0,120000.0,340000.0,20000.0,70000.0,,40000.0
Belize,BLZ,2011,300000.0,5970000.0,200000.0,50000.0,40000.0,50000.0,470000.0,20000.0,60000.0,,40000.0
Belize,BLZ,2012,280000.0,5540000.0,210000.0,50000.0,40000.0,60000.0,350000.0,20000.0,40000.0,,40000.0
Belize,BLZ,2013,380000.0,5680000.0,210000.0,40000.0,40000.0,50000.0,370000.0,20000.0,30000.0,,50000.0
Belize,BLZ,2014,340000.0,5550000.0,220000.0,40000.0,40000.0,50000.0,410000.0,20000.0,30000.0,,50000.0
Belize,BLZ,2015,350000.0,5600000.0,220000.0,100000.0,40000.0,60000.0,540000.0,20000.0,30000.0,,50000.0
Belize,BLZ,2016,350000.0,4600000.0,230000.0,110000.0,50000.0,50000.0,510000.0,20000.0,30000.0,,60000.0
Belize,BLZ,2017,340000.0,4660000.0,230000.0,129999.0,50000.0,60000.0,480000.0,20000.0,20000.0,,60000.0
Belize,BLZ,2018,350000.0,4580000.0,240000.0,140000.0,50000.0,60000.0,470000.0,20000.0,10000.0,,60000.0
Belize,BLZ,2019,360000.0,4650000.0,240000.0,140000.0,50000.0,50000.0,540000.0,60000.0,20000.0,,60000.0
Belize,BLZ,2020,360000.0,4750000.0,250000.0,140000.0,60000.0,60000.0,450000.0,10000.0,30000.0,,70000.0
Belize,BLZ,2021,360000.0,4600000.0,250000.0,150000.0,60000.0,60000.0,460000.0,30000.0,0.0,,70000.0
Belize,BLZ,2022,300000.0,4580000.0,259999.0,160000.0,60000.0,60000.0,480000.0,20000.0,0.0,,70000.0
Belize,BLZ,2023,380000.0,4670000.0,259999.0,170000.0,70000.0,60000.0,490000.0,20000.0,0.0,,80000.0
Benin,BEN,1990,3060000.0,-4270000.0,170000.0,550000.0,80000.0,30000.0,170000.0,30000.0,30000.0,110000.0,50000.0
Benin,BEN,1991,3200000.0,-4270000.0,170000.0,560000.0,80000.0,20000.0,129999.0,30000.0,30000.0,120000.0,50000.0
Benin,BEN,1992,3250000.0,-4270000.0,220000.0,580000.0,80000.0,20000.0,120000.0,30000.0,30000.0,120000.0,40000.0
Benin,BEN,1993,3270000.0,-4270000.0,270000.0,590000.0,80000.0,30000.0,120000.0,30000.0,30000.0,120000.0,60000.0
Benin,BEN,1994,3530000.0,-4270000.0,300000.0,610000.0,70000.0,20000.0,120000.0,30000.0,20000.0,120000.0,60000.0
Benin,BEN,1995,3270000.0,-4270000.0,330000.0,620000.0,80000.0,30000.0,120000.0,30000.0,10000.0,129999.0,70000.0
Benin,BEN,1996,4159999.0,-4159999.0,290000.0,880000.0,70000.0,150000.0,510000.0,30000.0,10000.0,140000.0,70000.0
Benin,BEN,1997,4360000.0,-4280000.0,250000.0,950000.0,80000.0,180000.0,700000.0,50000.0,10000.0,129999.0,50000.0
Benin,BEN,1998,4630000.0,-3430000.0,220000.0,1020000.0,10000.0,140000.0,770000.0,50000.0,10000.0,120000.0,100000.0
Benin,BEN,1999,4470000.0,-3650000.0,180000.0,1300000.0,10000.0,160000.0,870000.0,50000.0,0.0,60000.0,100000.0
Benin,BEN,2000,4950000.0,-4020000.0,140000.0,1350000.0,10000.0,160000.0,940000.0,50000.0,0.0,0.0,70000.0
Benin,BEN,2001,3970000.0,40660000.0,150000.0,1620000.0,40000.0,150000.0,1020000.0,60000.0,10000.0,0.0,60000.0
Benin,BEN,2002,4540000.0,40650000.0,150000.0,1740000.0,230000.0,150000.0,1210000.0,70000.0,10000.0,0.0,60000.0
Benin,BEN,2003,4250000.0,40650000.0,160000.0,1850000.0,270000.0,140000.0,1410000.0,60000.0,10000.0,0.0,110000.0
Benin,BEN,2004,4159999.0,40620000.0,160000.0,2010000.0,350000.0,150000.0,1440000.0,60000.0,10000.0,0.0,80000.0
Benin,BEN,2005,4920000.0,40730000.0,170000.0,2140000.0,400000.0,140000.0,1590000.0,80000.0,10000.0,0.0,30000.0
Benin,BEN,2006,4540000.0,40680000.0,180000.0,2390000.0,440000.0,129999.0,2020000.0,110000.0,10000.0,0.0,70000.0
Benin,BEN,2007,4670000.0,40670000.0,180000.0,2460000.0,480000.0,129999.0,2500000.0,150000.0,10000.0,0.0,80000.0
Benin,BEN,2008,4340000.0,40610000.0,190000.0,2530000.0,490000.0,120000.0,2520000.0,160000.0,10000.0,0.0,129999.0
Benin,BEN,2009,4500000.0,40630000.0,200000.0,2600000.0,580000.0,150000.0,2890000.0,90000.0,10000.0,0.0,280000.0
Benin,BEN,2010,4550000.0,40600000.0,210000.0,2360000.0,640000.0,150000.0,3250000.0,90000.0,20000.0,0.0,470000.0
Benin,BEN,2011,4720000.0,39100000.0,210000.0,2089999.0,650000.0,170000.0,3370000.0,90000.0,20000.0,0.0,140000.0
Benin,BEN,2012,4820000.0,39070000.0,220000.0,1840000.0,670000.0,160000.0,3500000.0,40000.0,10000.0,0.0,160000.0
Benin,BEN,2013,5100000.0,39070000.0,230000.0,1660000.0,660000.0,250000.0,3940000.0,90000.0,20000.0,0.0,129999.0
Benin,BEN,2014,5020000.0,39040000.0,240000.0,1620000.0,680000.0,470000.0,4170000.0,240000.0,20000.0,0.0,129999.0
Benin,BEN,2015,5030000.0,39060000.0,240000.0,1560000.0,700000.0,400000.0,4690000.0,220000.0,20000.0,0.0,120000.0
Benin,BEN,2016,5320000.0,13450000.0,250000.0,1620000.0,760000.0,400000.0,5960000.0,190000.0,20000.0,30000.0,110000.0
Benin,BEN,2017,5250000.0,13460000.0,259999.0,1640000.0,830000.0,330000.0,6150000.0,200000.0,20000.0,40000.0,100000.0
Benin,BEN,2018,5640000.0,13440000.0,259999.0,1730000.0,1080000.0,120000.0,6920000.0,170000.0,20000.0,50000.0,100000.0
Benin,BEN,2019,6020000.0,13470000.0,270000.0,2050000.0,1160000.0,500000.0,6060000.0,270000.0,30000.0,60000.0,70000.0
Benin,BEN,2020,5570000.0,13460000.0,280000.0,2100000.0,1240000.0,530000.0,6330000.0,510000.0,40000.0,60000.0,50000.0
Benin,BEN,2021,5980000.0,12760000.0,290000.0,1910000.0,1330000.0,530000.0,4360000.0,519999.0,30000.0,30000.0,60000.0
Benin,BEN,2022,6250000.0,12760000.0,300000.0,1980000.0,1390000.0,620000.0,4560000.0,510000.0,30000.0,40000.0,110000.0
Benin,BEN,2023,6770000.0,12770000.0,310000.0,2010000.0,1440000.0,770000.0,5790000.0,460000.0,30000.0,30000.0,129999.0
Bhutan,BTN,1990,680000.0,-4240000.0,10000.0,30000.0,60000.0,40000.0,40000.0,10000.0,0.0,0.0,0.0
Bhutan,BTN,1991,550000.0,-4240000.0,10000.0,30000.0,60000.0,40000.0,40000.0,0.0,0.0,0.0,0.0
Bhutan,BTN,1992,510000.0,-4240000.0,20000.0,20000.0,60000.0,70000.0,50000.0,0.0,0.0,0.0,0.0
Bhutan,BTN,1993,510000.0,-4240000.0,30000.0,30000.0,50000.0,40000.0,50000.0,0.0,0.0,0.0,0.0
Bhutan,BTN,1994,510000.0,-4240000.0,30000.0,30000.0,60000.0,60000.0,50000.0,0.0,0.0,0.0,0.0
Bhutan,BTN,1995,550000.0,-4240000.0,40000.0,30000.0,70000.0,70000.0,70000.0,,0.0,0.0,0.0
Bhutan,BTN,1996,540000.0,-4240000.0,40000.0,50000.0,80000.0,90000.0,80000.0,,0.0,0.0,0.0
Bhutan,BTN,1997,530000.0,-4240000.0,50000.0,40000.0,80000.0,180000.0,80000.0,,0.0,0.0,0.0
Bhutan,BTN,1998,530000.0,-4230000.0,50000.0,40000.0,80000.0,170000.0,90000.0,,0.0,0.0,0.0
Bhutan,BTN,1999,550000.0,-4200000.0,50000.0,40000.0,80000.0,160000.0,100000.0,,0.0,0.0,0.0
Bhutan,BTN,2000,510000.0,-4240000.0,60000.0,40000.0,80000.0,160000.0,110000.0,,0.0,0.0,0.0
Bhutan,BTN,2001,470000.0,-4250000.0,70000.0,40000.0,90000.0,210000.0,120000.0,0.0,0.0,0.0,0.0
Bhutan,BTN,2002,450000.0,-4260000.0,70000.0,40000.0,90000.0,230000.0,140000.0,0.0,0.0,,0.0
Bhutan,BTN,2003,470000.0,-4260000.0,80000.0,40000.0,90000.0,210000.0,160000.0,0.0,0.0,,0.0
Bhutan,BTN,2004,470000.0,-4250000.0,90000.0,40000.0,90000.0,140000.0,170000.0,0.0,0.0,,0.0
Bhutan,BTN,2005,540000.0,-4260000.0,90000.0,50000.0,90000.0,170000.0,170000.0,0.0,0.0,,0.0
Bhutan,BTN,2006,560000.0,-4250000.0,100000.0,50000.0,100000.0,90000.0,170000.0,0.0,0.0,,0.0
Bhutan,BTN,2007,570000.0,-4190000.0,110000.0,50000.0,100000.0,80000.0,190000.0,0.0,0.0,,0.0
Bhutan,BTN,2008,600000.0,-4250000.0,120000.0,30000.0,110000.0,340000.0,200000.0,0.0,0.0,,0.0
Bhutan,BTN,2009,540000.0,-4250000.0,120000.0,40000.0,110000.0,350000.0,220000.0,0.0,0.0,,0.0
Bhutan,BTN,2010,540000.0,-4220000.0,129999.0,40000.0,120000.0,500000.0,280000.0,0.0,0.0,,0.0
Bhutan,BTN,2011,550000.0,-830000.0,140000.0,40000.0,290000.0,400000.0,350000.0,0.0,0.0,,0.0
Bhutan,BTN,2012,530000.0,-760000.0,150000.0,40000.0,280000.0,490000.0,400000.0,0.0,0.0,,10000.0
Bhutan,BTN,2013,540000.0,-840000.0,150000.0,40000.0,310000.0,580000.0,410000.0,0.0,0.0,,10000.0
Bhutan,BTN,2014,550000.0,-810000.0,160000.0,40000.0,370000.0,600000.0,390000.0,0.0,0.0,,10000.0
Bhutan,BTN,2015,550000.0,-810000.0,170000.0,40000.0,420000.0,640000.0,410000.0,0.0,0.0,,10000.0
Bhutan,BTN,2016,570000.0,-150000.0,170000.0,40000.0,490000.0,660000.0,430000.0,0.0,0.0,,10000.0
Bhutan,BTN,2017,580000.0,-160000.0,170000.0,40000.0,470000.0,750000.0,470000.0,0.0,0.0,,10000.0
Bhutan,BTN,2018,580000.0,-160000.0,170000.0,20000.0,510000.0,680000.0,540000.0,0.0,0.0,,10000.0
Bhutan,BTN,2019,560000.0,-170000.0,170000.0,40000.0,490000.0,570000.0,540000.0,0.0,0.0,,10000.0
Bhutan,BTN,2020,540000.0,-160000.0,180000.0,30000.0,350000.0,540000.0,380000.0,0.0,0.0,,0.0
Bhutan,BTN,2021,530000.0,3650000.0,180000.0,30000.0,370000.0,770000.0,390000.0,0.0,0.0,,0.0
Bhutan,BTN,2022,490000.0,3660000.0,180000.0,30000.0,340000.0,830000.0,410000.0,0.0,0.0,,10000.0
Bhutan,BTN,2023,460000.0,3670000.0,180000.0,30000.0,340000.0,780000.0,660000.0,0.0,0.0,,10000.0
Bolivia,BOL,1990,16900000.0,77190000.0,200000.0,1200000.0,290000.0,780000.0,2320000.0,1550000.0,14020000.0,60000.0,0.0
Bolivia,BOL,1991,17200000.0,77190000.0,310000.0,1180000.0,300000.0,730000.0,2430000.0,1520000.0,15260000.0,120000.0,0.0
Bolivia,BOL,1992,17570000.0,77190000.0,430000.0,1220000.0,330000.0,740000.0,2400000.0,1720000.0,15400000.0,110000.0,0.0
Bolivia,BOL,1993,17920000.0,77190000.0,550000.0,1280000.0,360000.0,770000.0,2770000.0,1680000.0,11420000.0,40000.0,0.0
Bolivia,BOL,1994,18370000.0,77190000.0,660000.0,1310000.0,390000.0,870000.0,2880000.0,1950000.0,7850000.0,40000.0,0.0
Bolivia,BOL,1995,18760000.0,77190000.0,850000.0,1340000.0,450000.0,960000.0,3200000.0,2260000.0,3630000.0,40000.0,0.0
Bolivia,BOL,1996,18460000.0,76050000.0,1039999.0,1410000.0,450000.0,830000.0,3320000.0,2000000.0,3500000.0,30000.0,0.0
Bolivia,BOL,1997,19010000.0,76510000.0,1220000.0,1520000.0,519999.0,910000.0,3150000.0,2069999.0,5100000.0,20000.0,0.0
Bolivia,BOL,1998,19860000.0,76450000.0,1410000.0,1510000.0,580000.0,1010000.0,3250000.0,2140000.0,3340000.0,20000.0,0.0
Bolivia,BOL,1999,20810000.0,82030000.0,1500000.0,1480000.0,600000.0,1020000.0,3250000.0,1680000.0,3200000.0,30000.0,0.0
Bolivia,BOL,2000,20830000.0,72170000.0,1600000.0,1070000.0,540000.0,920000.0,2700000.0,1800000.0,2690000.0,770000.0,160000.0
Bolivia,BOL,2001,20250000.0,43810000.0,1850000.0,1110000.0,519999.0,1110000.0,2710000.0,1560000.0,2580000.0,750000.0,140000.0
Bolivia,BOL,2002,22150000.0,47720000.0,2110000.0,1150000.0,550000.0,1280000.0,2790000.0,1790000.0,2890000.0,710000.0,150000.0
Bolivia,BOL,2003,21840000.0,43320000.0,2160000.0,1170000.0,620000.0,1170000.0,3000000.0,2110000.0,3120000.0,730000.0,160000.0
Bolivia,BOL,2004,23640000.0,56020000.0,2200000.0,1250000.0,700000.0,1320000.0,3310000.0,2130000.0,3400000.0,750000.0,160000.0
Bolivia,BOL,2005,24840000.0,47920000.0,2260000.0,1280000.0,790000.0,1320000.0,3540000.0,2390000.0,3610000.0,740000.0,180000.0
Bolivia,BOL,2006,24410000.0,48960000.0,2330000.0,1340000.0,910000.0,1450000.0,4090000.0,2490000.0,3700000.0,780000.0,180000.0
Bolivia,BOL,2007,24510000.0,53650000.0,2370000.0,1370000.0,980000.0,1870000.0,4630000.0,2730000.0,3710000.0,770000.0,150000.0
Bolivia,BOL,2008,24690000.0,45920000.0,2410000.0,1360000.0,1110000.0,1770000.0,5230000.0,3040000.0,3800000.0,730000.0,160000.0
Bolivia,BOL,2009,25130000.0,42940000.0,2480000.0,1400000.0,1280000.0,1800000.0,5690000.0,3260000.0,3440000.0,690000.0,160000.0
Bolivia,BOL,2010,28500000.0,64550004.0,2540000.0,1450000.0,1340000.0,1850000.0,6250000.0,3770000.0,3810000.0,660000.0,170000.0
Bolivia,BOL,2011,27050000.0,47080000.0,2580000.0,1500000.0,1450000.0,2050000.0,6930000.0,4050000.0,4060000.0,670000.0,190000.0
Bolivia,BOL,2012,27360000.0,45700000.0,2620000.0,1520000.0,1420000.0,2190000.0,7530000.0,4260000.0,4510000.0,660000.0,129999.0
Bolivia,BOL,2013,27590000.0,43360000.0,2680000.0,1580000.0,1540000.0,2410000.0,8350000.0,4240000.0,4980000.0,660000.0,170000.0
Bolivia,BOL,2014,26650000.0,42710000.0,2750000.0,1690000.0,1670000.0,2470000.0,9060000.0,4640000.0,5300000.0,650000.0,180000.0
Bolivia,BOL,2015,27650000.0,44850000.0,2810000.0,1730000.0,1740000.0,2450000.0,9430000.0,4750000.0,5220000.0,600000.0,190000.0
Bolivia,BOL,2016,28740000.0,61410000.0,2860000.0,1800000.0,1810000.0,2410000.0,9930000.0,5580000.0,5000000.0,560000.0,190000.0
Bolivia,BOL,2017,28520000.0,59510000.0,2920000.0,1830000.0,1830000.0,2360000.0,10600000.0,5280000.0,4840000.0,540000.0,200000.0
Bolivia,BOL,2018,28530000.0,59850000.0,2980000.0,1890000.0,1900000.0,2310000.0,11020000.0,4940000.0,4620000.0,660000.0,200000.0
Bolivia,BOL,2019,30340000.0,71200000.0,3030000.0,1900000.0,1980000.0,2370000.0,11160000.0,4520000.0,4200000.0,740000.0,210000.0
Bolivia,BOL,2020,30960000.0,66489996.0,3090000.0,1880000.0,1720000.0,1900000.0,9000000.0,4090000.0,3940000.0,580000.0,80000.0
Bolivia,BOL,2021,31510000.0,71940000.0,3130000.0,2020000.0,1910000.0,2130000.0,11500000.0,4210000.0,4050000.0,790000.0,90000.0
Bolivia,BOL,2022,32480000.0,68430000.0,3180000.0,2100000.0,2040000.0,2180000.0,12680000.0,4230000.0,3860000.0,880000.0,170000.0
Bolivia,BOL,2023,33960000.0,70740000.0,3370000.0,2030000.0,2100000.0,2280000.0,13450000.0,4810000.0,3520000.0,810000.0,200000.0
Bosnia and Herzegovina,BIH,1990,2870000.0,-11050000.0,1320000.0,360000.0,80000.0,5930000.0,2240000.0,10730000.0,2130000.0,4960000.0,80000.0
Bosnia and Herzegovina,BIH,1991,2720000.0,-11050000.0,1340000.0,350000.0,70000.0,5800000.0,1910000.0,8700000.0,2079999.0,4940000.0,60000.0
Bosnia and Herzegovina,BIH,1992,2670000.0,-11050000.0,930000.0,230000.0,360000.0,3680000.0,1080000.0,6880000.0,2030000.0,4230000.0,50000.0
Bosnia and Herzegovina,BIH,1993,2520000.0,-11050000.0,540000.0,120000.0,230000.0,2740000.0,870000.0,5980000.0,1980000.0,3820000.0,90000.0
Bosnia and Herzegovina,BIH,1994,2390000.0,-11050000.0,660000.0,129999.0,220000.0,660000.0,990000.0,690000.0,1930000.0,700000.0,110000.0
Bosnia and Herzegovina,BIH,1995,2010000.0,-11050000.0,740000.0,120000.0,200000.0,670000.0,1020000.0,790000.0,1880000.0,780000.0,110000.0
Bosnia and Herzegovina,BIH,1996,1700000.0,-11060000.0,1080000.0,230000.0,180000.0,350000.0,1050000.0,2100000.0,1830000.0,490000.0,120000.0
Bosnia and Herzegovina,BIH,1997,2069999.0,-11060000.0,1080000.0,170000.0,240000.0,560000.0,1080000.0,5840000.0,1780000.0,880000.0,120000.0
Bosnia and Herzegovina,BIH,1998,2270000.0,-11000000.0,1200000.0,180000.0,370000.0,460000.0,1430000.0,7930000.0,1730000.0,750000.0,120000.0
Bosnia and Herzegovina,BIH,1999,2380000.0,-11040000.0,1330000.0,190000.0,620000.0,430000.0,1370000.0,7810000.0,1680000.0,710000.0,120000.0
Bosnia and Herzegovina,BIH,2000,2460000.0,-10920000.0,1420000.0,160000.0,850000.0,1510000.0,2140000.0,8940000.0,1630000.0,1110000.0,30000.0
Bosnia and Herzegovina,BIH,2001,2340000.0,-5880000.0,1460000.0,160000.0,800000.0,1340000.0,2180000.0,8780000.0,1580000.0,1180000.0,20000.0
Bosnia and Herzegovina,BIH,2002,2240000.0,-5870000.0,780000.0,150000.0,1050000.0,1500000.0,2089999.0,9570000.0,1530000.0,1039999.0,20000.0
Bosnia and Herzegovina,BIH,2003,2340000.0,-5840000.0,860000.0,170000.0,880000.0,390000.0,2100000.0,10370000.0,1480000.0,1660000.0,20000.0
Bosnia and Herzegovina,BIH,2004,2580000.0,-5870000.0,940000.0,170000.0,1080000.0,810000.0,2440000.0,10290000.0,1470000.0,1620000.0,20000.0
Bosnia and Herzegovina,BIH,2005,2640000.0,-5880000.0,1000000.0,200000.0,1039999.0,1070000.0,2350000.0,10580000.0,1430000.0,1810000.0,20000.0
Bosnia and Herzegovina,BIH,2006,2790000.0,-5870000.0,1010000.0,200000.0,1120000.0,1140000.0,2950000.0,11920000.0,1370000.0,1430000.0,20000.0
Bosnia and Herzegovina,BIH,2007,2630000.0,-5880000.0,1240000.0,190000.0,1250000.0,1220000.0,3110000.0,12480000.0,1310000.0,1590000.0,20000.0
Bosnia and Herzegovina,BIH,2008,2700000.0,-5870000.0,1400000.0,190000.0,1230000.0,1280000.0,3450000.0,13570000.0,1250000.0,1930000.0,20000.0
Bosnia and Herzegovina,BIH,2009,2820000.0,-5880000.0,1530000.0,519999.0,1039999.0,1370000.0,3560000.0,14070000.0,1190000.0,860000.0,20000.0
Bosnia and Herzegovina,BIH,2010,2780000.0,-5880000.0,1330000.0,690000.0,1070000.0,1610000.0,3470000.0,13890000.0,1140000.0,1020000.0,20000.0
Bosnia and Herzegovina,BIH,2011,2850000.0,-3810000.0,1400000.0,680000.0,950000.0,1790000.0,3470000.0,16580000.0,1090000.0,1080000.0,20000.0
Bosnia and Herzegovina,BIH,2012,2880000.0,-3820000.0,1520000.0,610000.0,920000.0,1810000.0,3250000.0,15160000.0,1050000.0,1000000.0,20000.0
Bosnia and Herzegovina,BIH,2013,2810000.0,-3840000.0,1430000.0,660000.0,930000.0,2230000.0,2870000.0,15260000.0,980000.0,660000.0,10000.0
Bosnia and Herzegovina,BIH,2014,2880000.0,-3840000.0,1270000.0,1190000.0,920000.0,2020000.0,3040000.0,13010000.0,810000.0,170000.0,10000.0
Bosnia and Herzegovina,BIH,2015,2940000.0,-3840000.0,1280000.0,1300000.0,900000.0,2120000.0,3170000.0,12860000.0,810000.0,170000.0,20000.0
Bosnia and Herzegovina,BIH,2016,2800000.0,-240000.0,1290000.0,1550000.0,970000.0,2050000.0,3690000.0,15010000.0,830000.0,40000.0,30000.0
Bosnia and Herzegovina,BIH,2017,2770000.0,-240000.0,1300000.0,1220000.0,1060000.0,2190000.0,3850000.0,15320000.0,940000.0,50000.0,30000.0
Bosnia and Herzegovina,BIH,2018,2630000.0,-240000.0,1310000.0,1290000.0,1150000.0,2400000.0,3820000.0,15170000.0,970000.0,110000.0,20000.0
Bosnia and Herzegovina,BIH,2019,2430000.0,-250000.0,1310000.0,1150000.0,1170000.0,2300000.0,4090000.0,13680000.0,890000.0,100000.0,30000.0
Bosnia and Herzegovina,BIH,2020,2540000.0,-240000.0,1320000.0,1190000.0,1280000.0,1410000.0,3700000.0,14670000.0,880000.0,129999.0,10000.0
Bosnia and Herzegovina,BIH,2021,2050000.0,-2930000.0,1330000.0,1210000.0,1280000.0,1660000.0,4260000.0,14020000.0,900000.0,140000.0,40000.0
Bosnia and Herzegovina,BIH,2022,2020000.0,-2920000.0,1330000.0,1180000.0,1250000.0,1610000.0,4090000.0,14190000.0,1420000.0,150000.0,90000.0
Bosnia and Herzegovina,BIH,2023,1810000.0,-2930000.0,1360000.0,1050000.0,1260000.0,1340000.0,4179999.0,12960000.0,1380000.0,150000.0,100000.0
Botswana,BWA,1990,10340000.0,550000.0,70000.0,570000.0,10000.0,500000.0,670000.0,1520000.0,0.0,30000.0,40000.0
Botswana,BWA,1991,9580000.0,550000.0,70000.0,600000.0,10000.0,490000.0,730000.0,1400000.0,0.0,30000.0,30000.0
Botswana,BWA,1992,9260000.0,550000.0,129999.0,650000.0,10000.0,690000.0,840000.0,1650000.0,0.0,40000.0,30000.0
Botswana,BWA,1993,8960000.0,550000.0,180000.0,680000.0,10000.0,640000.0,820000.0,1640000.0,0.0,40000.0,10000.0
Botswana,BWA,1994,9340000.0,550000.0,240000.0,700000.0,20000.0,480000.0,790000.0,1660000.0,0.0,40000.0,20000.0
Botswana,BWA,1995,10140000.0,550000.0,230000.0,670000.0,20000.0,400000.0,920000.0,1750000.0,0.0,40000.0,20000.0
Botswana,BWA,1996,11170000.0,800000.0,210000.0,690000.0,20000.0,550000.0,930000.0,1320000.0,0.0,40000.0,20000.0
Botswana,BWA,1997,10610000.0,760000.0,200000.0,690000.0,20000.0,550000.0,1000000.0,1400000.0,0.0,40000.0,20000.0
Botswana,BWA,1998,9640000.0,830000.0,190000.0,910000.0,20000.0,960000.0,1070000.0,1320000.0,0.0,40000.0,20000.0
Botswana,BWA,1999,9490000.0,770000.0,180000.0,800000.0,20000.0,850000.0,1160000.0,1660000.0,0.0,40000.0,30000.0
Botswana,BWA,2000,9090000.0,620000.0,170000.0,840000.0,30000.0,860000.0,1260000.0,1660000.0,0.0,40000.0,20000.0
Botswana,BWA,2001,12100000.0,560000.0,170000.0,930000.0,30000.0,940000.0,1350000.0,1240000.0,0.0,60000.0,20000.0
Botswana,BWA,2002,12320000.0,560000.0,170000.0,930000.0,40000.0,1080000.0,1280000.0,1310000.0,0.0,70000.0,20000.0
Botswana,BWA,2003,4320000.0,560000.0,170000.0,820000.0,40000.0,900000.0,1380000.0,1370000.0,0.0,70000.0,20000.0
Botswana,BWA,2004,4730000.0,590000.0,170000.0,660000.0,50000.0,650000.0,1500000.0,1610000.0,0.0,110000.0,30000.0
Botswana,BWA,2005,5980000.0,600000.0,170000.0,660000.0,50000.0,930000.0,1540000.0,1680000.0,0.0,40000.0,30000.0
Botswana,BWA,2006,8160000.0,590000.0,170000.0,680000.0,60000.0,980000.0,1630000.0,1270000.0,0.0,40000.0,40000.0
Botswana,BWA,2007,6320000.0,590000.0,170000.0,710000.0,70000.0,1220000.0,1760000.0,1080000.0,0.0,129999.0,30000.0
Botswana,BWA,2008,15590000.0,590000.0,170000.0,690000.0,70000.0,1160000.0,2040000.0,1050000.0,0.0,60000.0,50000.0
Botswana,BWA,2009,5860000.0,590000.0,170000.0,700000.0,180000.0,990000.0,1830000.0,910000.0,0.0,110000.0,50000.0
Botswana,BWA,2010,18550000.0,590000.0,170000.0,720000.0,190000.0,1110000.0,1940000.0,590000.0,0.0,40000.0,40000.0
Botswana,BWA,2011,23920000.0,590000.0,170000.0,720000.0,100000.0,990000.0,2030000.0,550000.0,0.0,40000.0,40000.0
Botswana,BWA,2012,9510000.0,590000.0,170000.0,750000.0,100000.0,1480000.0,2040000.0,1150000.0,0.0,40000.0,40000.0
Botswana,BWA,2013,7960000.0,590000.0,170000.0,750000.0,100000.0,700000.0,2089999.0,2320000.0,0.0,40000.0,40000.0
Botswana,BWA,2014,5080000.0,580000.0,170000.0,780000.0,110000.0,760000.0,2220000.0,3750000.0,0.0,40000.0,30000.0
Botswana,BWA,2015,4580000.0,580000.0,170000.0,730000.0,110000.0,650000.0,2290000.0,3820000.0,0.0,40000.0,40000.0
Botswana,BWA,2016,3670000.0,430000.0,170000.0,730000.0,120000.0,620000.0,2320000.0,3620000.0,0.0,40000.0,40000.0
Botswana,BWA,2017,6900000.0,430000.0,180000.0,730000.0,129999.0,630000.0,2360000.0,4580000.0,0.0,40000.0,40000.0
Botswana,BWA,2018,4580000.0,430000.0,180000.0,760000.0,140000.0,690000.0,2520000.0,4190000.0,0.0,40000.0,50000.0
Botswana,BWA,2019,2640000.0,470000.0,190000.0,760000.0,150000.0,650000.0,2420000.0,3330000.0,0.0,40000.0,50000.0
Botswana,BWA,2020,5910000.0,470000.0,190000.0,760000.0,160000.0,570000.0,2190000.0,3030000.0,0.0,40000.0,10000.0
Botswana,BWA,2021,14100000.0,630000.0,200000.0,790000.0,170000.0,620000.0,2290000.0,3250000.0,0.0,40000.0,20000.0
Botswana,BWA,2022,10830000.0,630000.0,200000.0,810000.0,180000.0,650000.0,2390000.0,4810000.0,0.0,40000.0,30000.0
Botswana,BWA,2023,14340000.0,630000.0,200000.0,820000.0,190000.0,670000.0,2470000.0,4280000.0,0.0,40000.0,40000.0
Brazil,BRA,1990,357780000.0,1520499968.0,34010000.0,25490000.0,18100000.0,49490000.0,84270000.0,28720000.0,10160000.0,13520000.0,3190000.0
Brazil,BRA,1991,369510016.0,1520499968.0,35330000.0,25690000.0,20020000.0,52760000.0,88200000.0,28780000.0,9900000.0,12930000.0,3980000.0
Brazil,BRA,1992,375860000.0,1520499968.0,36770000.0,26250000.0,18260000.0,53570000.0,88890000.0,30540000.0,9750000.0,13450000.0,4060000.0
Brazil,BRA,1993,377429984.0,1520530048.0,38020000.0,25630000.0,19630000.0,55900000.0,92460000.0,30850000.0,9560000.0,14120000.0,4810000.0
Brazil,BRA,1994,385680000.0,1520530048.0,39370000.0,26470000.0,19350000.0,57950000.0,96730000.0,30670000.0,9550000.0,14770000.0,5690000.0
Brazil,BRA,1995,392120000.0,1520530048.0,41000000.0,26600000.0,20940000.0,61860000.0,106990000.0,32189998.0,9860000.0,15790000.0,5810000.0
Brazil,BRA,1996,373149984.0,1519139968.0,42480000.0,26580000.0,21480000.0,67490000.0,116750000.0,34660000.0,11500000.0,16379999.0,6670000.0
Brazil,BRA,1997,381429984.0,1521980032.0,44200000.0,26980000.0,21930000.0,71410000.0,123900000.0,39020000.0,12360000.0,18140000.0,8069999.0
Brazil,BRA,1998,392260000.0,1534030080.0,45850000.0,27550000.0,23860000.0,73500000.0,130350008.0,39730000.0,14350000.0,16270000.0,8319999.0
Brazil,BRA,1999,394529984.0,1527529984.0,48610000.0,28810000.0,24910000.0,78320000.0,127660000.0,46270000.0,15630000.0,16629999.0,10780000.0
Brazil,BRA,2000,399570016.0,1509500032.0,50620000.0,28870000.0,23270000.0,85860000.0,128850008.0,50960000.0,17130000.0,16090000.0,11380000.0
Brazil,BRA,2001,418060000.0,998640000.0,51920000.0,29420000.0,22610000.0,83750000.0,131470000.0,55810000.0,17110000.0,17480000.0,12310000.0
Brazil,BRA,2002,443020000.0,1007160000.0,54450000.0,30130000.0,24440000.0,86730000.0,133600008.0,51220000.0,18240000.0,17280000.0,13760000.0
Brazil,BRA,2003,462100000.0,1005289984.0,57750000.0,28260000.0,24160000.0,86000000.0,131170000.0,51530000.0,18420000.0,17570000.0,13520000.0
Brazil,BRA,2004,486340000.0,1008270016.0,58240000.0,28900000.0,27630000.0,88900000.0,140330000.0,57230000.0,18540000.0,17680000.0,13620000.0
Brazil,BRA,2005,491680000.0,1012950016.0,59490000.0,28530000.0,29310000.0,87580000.0,141150000.0,59480000.0,21950000.0,17540000.0,14500000.0
Brazil,BRA,2006,482500000.0,1000129984.0,62790000.0,28570000.0,32680000.0,87980000.0,144150000.0,59770000.0,21500000.0,17720000.0,14590000.0
Brazil,BRA,2007,491230016.0,1015720000.0,64580000.0,28420000.0,30450000.0,97140000.0,150700000.0,59150000.0,21100000.0,18860000.0,15760000.0
Brazil,BRA,2008,482580000.0,998859968.0,65610000.0,28360000.0,33690000.0,97200000.0,156500000.0,70890000.0,22980000.0,20900000.0,19280000.0
Brazil,BRA,2009,482690016.0,993560000.0,67280000.0,27850000.0,34680000.0,87100000.0,153900000.0,59410000.0,24440000.0,20230000.0,16990000.0
Brazil,BRA,2010,513390016.0,1016150016.0,70870000.0,27780000.0,38470000.0,101830000.0,173970000.0,71610000.0,24540000.0,21160000.0,18770000.0
Brazil,BRA,2011,510970016.0,288109984.0,72850000.0,27220000.0,39180000.0,110530000.0,191580000.0,65059996.0,26100000.0,19650000.0,20300000.0
Brazil,BRA,2012,511809984.0,294230016.0,74150000.0,27120000.0,41360000.0,106710000.0,209390000.0,84220000.0,27330000.0,20310000.0,19030000.0
Brazil,BRA,2013,507580000.0,285450016.0,79810000.0,26590000.0,43170000.0,105300000.0,216970000.0,109560000.0,27010000.0,20570000.0,18040000.0
Brazil,BRA,2014,516609984.0,289209984.0,80930000.0,27080000.0,43070000.0,102320000.0,222380000.0,128560000.0,29870000.0,21340000.0,18810000.0
Brazil,BRA,2015,519260000.0,296010016.0,81670000.0,27080000.0,41610000.0,98440000.0,208200000.0,123470000.0,30570000.0,21610000.0,20110000.0
Brazil,BRA,2016,521249984.0,676940032.0,85170000.0,26960000.0,40930000.0,88920000.0,206370000.0,98890000.0,30070000.0,21000000.0,17910000.0
Brazil,BRA,2017,524560000.0,682430016.0,86220000.0,27490000.0,41660000.0,95060000.0,207730000.0,102120000.0,31410000.0,22850000.0,17600000.0
Brazil,BRA,2018,514229984.0,671229952.0,87280000.0,28240000.0,43720000.0,91900000.0,199260000.0,92760000.0,30360000.0,22360000.0,16960000.0
Brazil,BRA,2019,525919968.0,679969984.0,88330000.0,28000000.0,45830000.0,88330000.0,200760000.0,91950000.0,32470002.0,22830000.0,18180000.0
Brazil,BRA,2020,538609984.0,687369984.0,88630000.0,28620000.0,50660000.0,82490000.0,189810000.0,86130000.0,32779998.0,23170000.0,15120000.0
Brazil,BRA,2021,554229952.0,916880000.0,88710000.0,28610000.0,53390000.0,92250000.0,207960000.0,111730000.0,32869998.0,23230000.0,13180000.0
Brazil,BRA,2022,574129984.0,919040000.0,88840000.0,28600000.0,54000000.0,93210000.0,220760000.0,72860000.0,32770000.0,23810000.0,15750000.0
Brazil,BRA,2023,581950016.0,916499968.0,93810000.0,28890000.0,56440000.0,89920000.0,226810000.0,69870000.0,35750000.0,25370000.0,15720000.0
Brunei,BRN,1990,40000.0,1370000.0,170000.0,50000.0,10000.0,129999.0,570000.0,2540000.0,1410000.0,0.0,230000.0
Brunei,BRN,1991,50000.0,1370000.0,170000.0,50000.0,20000.0,140000.0,610000.0,2610000.0,1500000.0,0.0,280000.0
Brunei,BRN,1992,50000.0,1370000.0,250000.0,50000.0,20000.0,170000.0,670000.0,2710000.0,1610000.0,0.0,310000.0
Brunei,BRN,1993,50000.0,1370000.0,300000.0,60000.0,20000.0,170000.0,700000.0,2950000.0,1800000.0,0.0,340000.0
Brunei,BRN,1994,50000.0,1370000.0,350000.0,60000.0,20000.0,190000.0,740000.0,3170000.0,1830000.0,0.0,410000.0
Brunei,BRN,1995,50000.0,1380000.0,380000.0,60000.0,20000.0,200000.0,800000.0,3470000.0,1820000.0,0.0,430000.0
Brunei,BRN,1996,50000.0,1320000.0,410000.0,60000.0,30000.0,230000.0,860000.0,3590000.0,1790000.0,0.0,440000.0
Brunei,BRN,1997,60000.0,1520000.0,440000.0,70000.0,30000.0,270000.0,900000.0,3880000.0,1830000.0,0.0,480000.0
Brunei,BRN,1998,60000.0,5760000.0,460000.0,60000.0,30000.0,200000.0,840000.0,3240000.0,1850000.0,0.0,440000.0
Brunei,BRN,1999,60000.0,1250000.0,480000.0,60000.0,30000.0,170000.0,830000.0,3150000.0,2079999.0,0.0,390000.0
Brunei,BRN,2000,70000.0,1270000.0,500000.0,60000.0,30000.0,140000.0,830000.0,3420000.0,2260000.0,0.0,430000.0
Brunei,BRN,2001,80000.0,1260000.0,519999.0,60000.0,40000.0,120000.0,870000.0,3290000.0,2320000.0,0.0,450000.0
Brunei,BRN,2002,70000.0,1210000.0,540000.0,60000.0,50000.0,129999.0,910000.0,3300000.0,2260000.0,0.0,470000.0
Brunei,BRN,2003,80000.0,1360000.0,550000.0,60000.0,60000.0,129999.0,950000.0,4139999.0,2380000.0,0.0,490000.0
Brunei,BRN,2004,80000.0,1210000.0,570000.0,50000.0,60000.0,120000.0,1000000.0,3780000.0,2240000.0,0.0,519999.0
Brunei,BRN,2005,80000.0,1240000.0,590000.0,50000.0,70000.0,120000.0,980000.0,3700000.0,2160000.0,0.0,530000.0
Brunei,BRN,2006,90000.0,1190000.0,600000.0,80000.0,80000.0,1900000.0,1060000.0,4210000.0,2540000.0,0.0,570000.0
Brunei,BRN,2007,90000.0,1180000.0,620000.0,110000.0,90000.0,1850000.0,1160000.0,3760000.0,2360000.0,0.0,550000.0
Brunei,BRN,2008,90000.0,1170000.0,630000.0,110000.0,100000.0,1930000.0,1160000.0,3930000.0,3030000.0,120000.0,570000.0
Brunei,BRN,2009,90000.0,1180000.0,650000.0,110000.0,110000.0,970000.0,1150000.0,5130000.0,2470000.0,110000.0,540000.0
Brunei,BRN,2010,100000.0,1180000.0,660000.0,100000.0,120000.0,440000.0,1210000.0,5160000.0,2240000.0,0.0,620000.0
Brunei,BRN,2011,90000.0,280000.0,670000.0,100000.0,120000.0,470000.0,1320000.0,5160000.0,2310000.0,0.0,650000.0
Brunei,BRN,2012,100000.0,259999.0,680000.0,100000.0,129999.0,540000.0,1380000.0,4990000.0,2270000.0,0.0,460000.0
Brunei,BRN,2013,100000.0,259999.0,700000.0,90000.0,140000.0,420000.0,1360000.0,4970000.0,2120000.0,50000.0,519999.0
Brunei,BRN,2014,100000.0,340000.0,710000.0,90000.0,140000.0,340000.0,1390000.0,4840000.0,2140000.0,90000.0,450000.0
Brunei,BRN,2015,100000.0,270000.0,710000.0,90000.0,150000.0,420000.0,1390000.0,4090000.0,2100000.0,40000.0,550000.0
Brunei,BRN,2016,100000.0,350000.0,720000.0,90000.0,170000.0,320000.0,1370000.0,4630000.0,2190000.0,40000.0,240000.0
Brunei,BRN,2017,100000.0,250000.0,730000.0,90000.0,180000.0,430000.0,1370000.0,4790000.0,2460000.0,80000.0,230000.0
Brunei,BRN,2018,100000.0,250000.0,740000.0,120000.0,200000.0,370000.0,1390000.0,5210000.0,2150000.0,90000.0,259999.0
Brunei,BRN,2019,90000.0,300000.0,740000.0,90000.0,220000.0,410000.0,1360000.0,4770000.0,2510000.0,70000.0,350000.0
Brunei,BRN,2020,100000.0,350000.0,750000.0,90000.0,240000.0,510000.0,1240000.0,7570000.0,1900000.0,50000.0,120000.0
Brunei,BRN,2021,110000.0,259999.0,760000.0,90000.0,259999.0,540000.0,1180000.0,7110000.0,2040000.0,0.0,60000.0
Brunei,BRN,2022,110000.0,259999.0,770000.0,80000.0,270000.0,560000.0,1240000.0,6730000.0,1510000.0,0.0,120000.0
Brunei,BRN,2023,110000.0,259999.0,890000.0,80000.0,280000.0,560000.0,1340000.0,6670000.0,1530000.0,0.0,200000.0
Bulgaria,BGR,1990,12010000.0,-21830000.0,5240000.0,6320000.0,3730000.0,12120000.0,6640000.0,45310000.0,2340000.0,1680000.0,900000.0
Bulgaria,BGR,1991,11170000.0,-21830000.0,4860000.0,4370000.0,2370000.0,8910000.0,3580000.0,39670000.0,2010000.0,1470000.0,1650000.0
Bulgaria,BGR,1992,8890000.0,-21830000.0,4800000.0,4720000.0,2040000.0,7400000.0,3940000.0,37750000.0,2200000.0,990000.0,1800000.0
Bulgaria,BGR,1993,7130000.0,-21830000.0,4580000.0,5410000.0,2010000.0,6410000.0,4460000.0,38160000.0,2210000.0,870000.0,2060000.0
Bulgaria,BGR,1994,6310000.0,-21830000.0,3790000.0,4660000.0,2380000.0,7930000.0,4070000.0,35050000.0,2089999.0,1039999.0,1840000.0
Bulgaria,BGR,1995,5450000.0,-21830000.0,4420000.0,3470000.0,3340000.0,9070000.0,4330000.0,35600000.0,2180000.0,870000.0,1860000.0
Bulgaria,BGR,1996,5540000.0,-21820000.0,4580000.0,3980000.0,3350000.0,8750000.0,4270000.0,35920000.0,2130000.0,890000.0,1430000.0
Bulgaria,BGR,1997,5350000.0,-21830000.0,4560000.0,2860000.0,2660000.0,14150000.0,4390000.0,29600000.0,1930000.0,880000.0,470000.0
Bulgaria,BGR,1998,5180000.0,-21820000.0,4300000.0,3050000.0,1830000.0,11400000.0,5560000.0,29050000.0,1650000.0,840000.0,610000.0
Bulgaria,BGR,1999,5240000.0,-21830000.0,4190000.0,2310000.0,1710000.0,7870000.0,5790000.0,26840000.0,1350000.0,870000.0,240000.0
Bulgaria,BGR,2000,5330000.0,-21800000.0,4130000.0,1650000.0,2069999.0,8000000.0,5560000.0,26580000.0,1450000.0,880000.0,450000.0
Bulgaria,BGR,2001,5290000.0,-23610000.0,3880000.0,1520000.0,2100000.0,7890000.0,5730000.0,29440000.0,1310000.0,800000.0,620000.0
Bulgaria,BGR,2002,5450000.0,-23610000.0,3740000.0,1960000.0,1970000.0,7510000.0,5970000.0,26650000.0,1600000.0,810000.0,710000.0
Bulgaria,BGR,2003,5660000.0,-23620000.0,4110000.0,2120000.0,2089999.0,8120000.0,6570000.0,29610000.0,1770000.0,810000.0,920000.0
Bulgaria,BGR,2004,5480000.0,-23620000.0,4120000.0,1690000.0,2390000.0,8020000.0,7100000.0,28770000.0,1300000.0,790000.0,830000.0
Bulgaria,BGR,2005,4990000.0,-23610000.0,3820000.0,1610000.0,2680000.0,7850000.0,7930000.0,28660000.0,1320000.0,860000.0,920000.0
Bulgaria,BGR,2006,4550000.0,-23620000.0,3800000.0,1880000.0,2330000.0,7960000.0,8370000.0,28930000.0,1160000.0,840000.0,880000.0
Bulgaria,BGR,2007,4820000.0,-23590000.0,3800000.0,1650000.0,2900000.0,8440000.0,8090000.0,32230000.0,1310000.0,750000.0,710000.0
Bulgaria,BGR,2008,4910000.0,-23620000.0,3770000.0,1690000.0,2900000.0,6130000.0,8480000.0,31910000.0,1320000.0,480000.0,1020000.0
Bulgaria,BGR,2009,5050000.0,-23630000.0,3700000.0,1430000.0,1690000.0,3510000.0,8149999.0,28870000.0,1300000.0,480000.0,1110000.0
Bulgaria,BGR,2010,4840000.0,-23620000.0,3720000.0,1650000.0,1520000.0,3730000.0,7930000.0,30730000.0,1360000.0,460000.0,810000.0
Bulgaria,BGR,2011,5420000.0,-12180000.0,3710000.0,1870000.0,1530000.0,3640000.0,8109999.0,35330000.0,1620000.0,510000.0,750000.0
Bulgaria,BGR,2012,4710000.0,-12190000.0,3630000.0,1840000.0,1660000.0,3300000.0,8400000.0,30640000.0,1460000.0,500000.0,690000.0
Bulgaria,BGR,2013,4910000.0,-12200000.0,3680000.0,1580000.0,1790000.0,3310000.0,7440000.0,26570000.0,1280000.0,460000.0,770000.0
Bulgaria,BGR,2014,5080000.0,-12200000.0,3600000.0,1290000.0,1970000.0,3370000.0,8330000.0,28260000.0,1300000.0,470000.0,770000.0
Bulgaria,BGR,2015,5160000.0,-12200000.0,3490000.0,1440000.0,1970000.0,3690000.0,9150000.0,29310000.0,1440000.0,480000.0,810000.0
Bulgaria,BGR,2016,5350000.0,-18670000.0,3430000.0,1530000.0,2060000.0,3740000.0,9270000.0,26050000.0,1330000.0,440000.0,890000.0
Bulgaria,BGR,2017,5310000.0,-18670000.0,3190000.0,1590000.0,2089999.0,4400000.0,9410000.0,27460000.0,1440000.0,440000.0,970000.0
Bulgaria,BGR,2018,5180000.0,-18680000.0,3090000.0,1390000.0,2089999.0,4850000.0,9620000.0,24020000.0,1270000.0,470000.0,1030000.0
Bulgaria,BGR,2019,5210000.0,-18680000.0,2950000.0,1330000.0,2069999.0,4620000.0,9740000.0,22550000.0,1180000.0,480000.0,960000.0
Bulgaria,BGR,2020,5350000.0,-18680000.0,2870000.0,1370000.0,1980000.0,4450000.0,9160000.0,18310000.0,1060000.0,450000.0,680000.0
Bulgaria,BGR,2021,5270000.0,-15380000.0,2820000.0,1620000.0,2000000.0,5050000.0,9850000.0,22390000.0,1190000.0,490000.0,760000.0
Bulgaria,BGR,2022,5000000.0,-15380000.0,2820000.0,1090000.0,2020000.0,4670000.0,9870000.0,27370000.0,1360000.0,519999.0,880000.0
Bulgaria,BGR,2023,5020000.0,-15380000.0,2880000.0,850000.0,2079999.0,4080000.0,10090000.0,16299999.0,1330000.0,530000.0,920000.0
Burkina Faso,BFA,1990,10330000.0,29790000.0,220000.0,470000.0,0.0,50000.0,270000.0,129999.0,0.0,0.0,30000.0
Burkina Faso,BFA,1991,10730000.0,29790000.0,220000.0,480000.0,0.0,50000.0,280000.0,129999.0,0.0,0.0,40000.0
Burkina Faso,BFA,1992,10990000.0,29790000.0,300000.0,500000.0,0.0,50000.0,280000.0,129999.0,0.0,0.0,40000.0
Burkina Faso,BFA,1993,11200000.0,29790000.0,350000.0,519999.0,0.0,70000.0,290000.0,120000.0,0.0,0.0,40000.0
Burkina Faso,BFA,1994,11490000.0,29790000.0,400000.0,519999.0,0.0,100000.0,280000.0,100000.0,0.0,0.0,40000.0
Burkina Faso,BFA,1995,11840000.0,29790000.0,490000.0,550000.0,20000.0,30000.0,340000.0,110000.0,0.0,0.0,40000.0
Burkina Faso,BFA,1996,12490000.0,30240000.0,580000.0,510000.0,20000.0,40000.0,360000.0,140000.0,0.0,0.0,40000.0
Burkina Faso,BFA,1997,13030000.0,30160000.0,680000.0,519999.0,20000.0,40000.0,360000.0,180000.0,0.0,0.0,60000.0
Burkina Faso,BFA,1998,13150000.0,30830000.0,770000.0,530000.0,20000.0,50000.0,420000.0,190000.0,0.0,0.0,50000.0
Burkina Faso,BFA,1999,13450000.0,30380000.0,870000.0,360000.0,80000.0,40000.0,510000.0,170000.0,0.0,0.0,50000.0
Burkina Faso,BFA,2000,14490000.0,30620000.0,960000.0,370000.0,40000.0,50000.0,530000.0,210000.0,0.0,0.0,40000.0
Burkina Faso,BFA,2001,13590000.0,20420000.0,1060000.0,470000.0,40000.0,50000.0,560000.0,220000.0,0.0,0.0,70000.0
Burkina Faso,BFA,2002,14230000.0,20420000.0,1150000.0,540000.0,40000.0,50000.0,570000.0,220000.0,0.0,0.0,60000.0
Burkina Faso,BFA,2003,17550000.0,20420000.0,1250000.0,620000.0,60000.0,60000.0,590000.0,250000.0,0.0,0.0,70000.0
Burkina Faso,BFA,2004,18130000.0,20420000.0,1340000.0,660000.0,70000.0,70000.0,600000.0,270000.0,0.0,0.0,50000.0
Burkina Faso,BFA,2005,18690000.0,20420000.0,1440000.0,710000.0,90000.0,0.0,670000.0,300000.0,0.0,0.0,60000.0
Burkina Faso,BFA,2006,18380000.0,20420000.0,1530000.0,790000.0,100000.0,0.0,790000.0,340000.0,0.0,0.0,90000.0
Burkina Faso,BFA,2007,18770000.0,20420000.0,1620000.0,870000.0,120000.0,0.0,920000.0,360000.0,0.0,0.0,70000.0
Burkina Faso,BFA,2008,19270000.0,20420000.0,1720000.0,950000.0,310000.0,0.0,1039999.0,350000.0,0.0,0.0,70000.0
Burkina Faso,BFA,2009,19820000.0,20420000.0,1790000.0,1010000.0,370000.0,0.0,980000.0,410000.0,0.0,0.0,90000.0
Burkina Faso,BFA,2010,20740000.0,20420000.0,1850000.0,1050000.0,390000.0,190000.0,1230000.0,590000.0,0.0,0.0,80000.0
Burkina Faso,BFA,2011,20980000.0,18390000.0,1920000.0,1120000.0,400000.0,140000.0,1300000.0,730000.0,0.0,0.0,100000.0
Burkina Faso,BFA,2012,21050000.0,18390000.0,1990000.0,1230000.0,440000.0,100000.0,1640000.0,810000.0,0.0,0.0,100000.0
Burkina Faso,BFA,2013,21700000.0,18390000.0,2030000.0,1270000.0,420000.0,129999.0,1790000.0,680000.0,0.0,0.0,140000.0
Burkina Faso,BFA,2014,22040000.0,18390000.0,2140000.0,1340000.0,360000.0,40000.0,1860000.0,750000.0,0.0,0.0,110000.0
Burkina Faso,BFA,2015,22280000.0,18390000.0,2250000.0,1420000.0,730000.0,70000.0,1880000.0,1210000.0,0.0,0.0,100000.0
Burkina Faso,BFA,2016,23430000.0,18450000.0,2290000.0,1510000.0,880000.0,140000.0,2200000.0,1000000.0,0.0,0.0,70000.0
Burkina Faso,BFA,2017,23650000.0,18450000.0,2330000.0,1590000.0,960000.0,60000.0,2790000.0,1050000.0,0.0,0.0,90000.0
Burkina Faso,BFA,2018,23870000.0,18450000.0,2410000.0,1690000.0,1130000.0,110000.0,3180000.0,1010000.0,0.0,0.0,100000.0
Burkina Faso,BFA,2019,24340000.0,18450000.0,2490000.0,1620000.0,1390000.0,630000.0,2870000.0,880000.0,0.0,10000.0,90000.0
Burkina Faso,BFA,2020,20350000.0,18450000.0,2560000.0,1850000.0,1440000.0,650000.0,2950000.0,750000.0,0.0,20000.0,50000.0
Burkina Faso,BFA,2021,23050000.0,18620000.0,2640000.0,1790000.0,1530000.0,670000.0,3430000.0,1050000.0,0.0,10000.0,80000.0
Burkina Faso,BFA,2022,23120000.0,18620000.0,2710000.0,1820000.0,1590000.0,540000.0,3710000.0,990000.0,0.0,10000.0,100000.0
Burkina Faso,BFA,2023,24280000.0,18620000.0,2790000.0,1940000.0,1610000.0,550000.0,3780000.0,1039999.0,0.0,10000.0,129999.0
Burundi,BDI,1990,1200000.0,5030000.0,90000.0,20000.0,0.0,30000.0,129999.0,0.0,0.0,,20000.0
Burundi,BDI,1991,1210000.0,5030000.0,100000.0,30000.0,0.0,40000.0,160000.0,0.0,0.0,,20000.0
Burundi,BDI,1992,1220000.0,5030000.0,100000.0,30000.0,0.0,40000.0,129999.0,0.0,0.0,,20000.0
Burundi,BDI,1993,1190000.0,5030000.0,100000.0,30000.0,0.0,40000.0,140000.0,0.0,0.0,,20000.0
Burundi,BDI,1994,1080000.0,5030000.0,100000.0,30000.0,0.0,40000.0,140000.0,0.0,0.0,,20000.0
Burundi,BDI,1995,1120000.0,5150000.0,110000.0,30000.0,0.0,40000.0,150000.0,0.0,0.0,,20000.0
Burundi,BDI,1996,1100000.0,5180000.0,110000.0,30000.0,0.0,40000.0,160000.0,0.0,0.0,,20000.0
Burundi,BDI,1997,1130000.0,5200000.0,110000.0,30000.0,0.0,40000.0,160000.0,0.0,0.0,,20000.0
Burundi,BDI,1998,1039999.0,5220000.0,110000.0,30000.0,0.0,40000.0,160000.0,0.0,0.0,,20000.0
Burundi,BDI,1999,1060000.0,5280000.0,120000.0,20000.0,0.0,40000.0,170000.0,0.0,0.0,,20000.0
Burundi,BDI,2000,1070000.0,5270000.0,120000.0,20000.0,0.0,50000.0,190000.0,0.0,0.0,,20000.0
Burundi,BDI,2001,1090000.0,3170000.0,129999.0,30000.0,0.0,40000.0,150000.0,0.0,0.0,,20000.0
Burundi,BDI,2002,1060000.0,3170000.0,140000.0,20000.0,0.0,20000.0,170000.0,0.0,0.0,,10000.0
Burundi,BDI,2003,1090000.0,3170000.0,150000.0,20000.0,10000.0,20000.0,129999.0,0.0,0.0,,10000.0
Burundi,BDI,2004,1150000.0,3160000.0,150000.0,10000.0,10000.0,20000.0,120000.0,0.0,0.0,,20000.0
Burundi,BDI,2005,1210000.0,3160000.0,160000.0,20000.0,10000.0,0.0,140000.0,0.0,0.0,,20000.0
Burundi,BDI,2006,1300000.0,3170000.0,160000.0,20000.0,10000.0,10000.0,160000.0,0.0,0.0,,20000.0
Burundi,BDI,2007,1350000.0,3170000.0,160000.0,20000.0,10000.0,0.0,160000.0,0.0,0.0,,20000.0
Burundi,BDI,2008,1450000.0,3170000.0,150000.0,20000.0,10000.0,10000.0,170000.0,0.0,0.0,,20000.0
Burundi,BDI,2009,1580000.0,3170000.0,150000.0,30000.0,20000.0,0.0,190000.0,0.0,0.0,,20000.0
Burundi,BDI,2010,1760000.0,3180000.0,140000.0,30000.0,20000.0,10000.0,230000.0,20000.0,0.0,,10000.0
Burundi,BDI,2011,1910000.0,-1770000.0,160000.0,30000.0,20000.0,10000.0,290000.0,10000.0,0.0,,10000.0
Burundi,BDI,2012,1940000.0,-1780000.0,170000.0,40000.0,20000.0,10000.0,300000.0,0.0,0.0,,10000.0
Burundi,BDI,2013,2290000.0,-1770000.0,190000.0,40000.0,20000.0,10000.0,320000.0,20000.0,0.0,,10000.0
Burundi,BDI,2014,2240000.0,-1770000.0,200000.0,20000.0,20000.0,0.0,310000.0,30000.0,0.0,,10000.0
Burundi,BDI,2015,2210000.0,-1770000.0,220000.0,10000.0,20000.0,0.0,330000.0,30000.0,0.0,,10000.0
Burundi,BDI,2016,2510000.0,3140000.0,230000.0,20000.0,30000.0,30000.0,370000.0,20000.0,0.0,,0.0
Burundi,BDI,2017,3040000.0,3130000.0,240000.0,20000.0,30000.0,10000.0,430000.0,70000.0,0.0,,10000.0
Burundi,BDI,2018,3050000.0,3120000.0,240000.0,20000.0,30000.0,0.0,560000.0,90000.0,0.0,,20000.0
Burundi,BDI,2019,3370000.0,3090000.0,250000.0,20000.0,30000.0,30000.0,560000.0,90000.0,0.0,,20000.0
Burundi,BDI,2020,2840000.0,3080000.0,259999.0,20000.0,40000.0,10000.0,660000.0,60000.0,0.0,,10000.0
Burundi,BDI,2021,3920000.0,3080000.0,270000.0,20000.0,40000.0,30000.0,650000.0,90000.0,0.0,,10000.0
Burundi,BDI,2022,4030000.0,3080000.0,280000.0,20000.0,40000.0,30000.0,760000.0,80000.0,0.0,,20000.0
Burundi,BDI,2023,3880000.0,3080000.0,280000.0,20000.0,50000.0,50000.0,690000.0,50000.0,0.0,,20000.0
Cambodia,KHM,1990,15750000.0,9810000.0,180000.0,0.0,0.0,0.0,0.0,0.0,0.0,0.0,0.0
Cambodia,KHM,1991,15340000.0,9810000.0,180000.0,0.0,0.0,0.0,0.0,0.0,0.0,0.0,0.0
Cambodia,KHM,1992,15830000.0,9810000.0,230000.0,0.0,0.0,0.0,0.0,0.0,0.0,0.0,0.0
Cambodia,KHM,1993,16670000.0,9810000.0,270000.0,0.0,0.0,0.0,0.0,0.0,0.0,0.0,0.0
Cambodia,KHM,1994,15240000.0,9810000.0,300000.0,0.0,0.0,0.0,0.0,0.0,0.0,0.0,0.0
Cambodia,KHM,1995,17440000.0,9810000.0,300000.0,1750000.0,0.0,60000.0,1190000.0,160000.0,0.0,0.0,30000.0
Cambodia,KHM,1996,17620000.0,5600000.0,300000.0,1800000.0,0.0,80000.0,1190000.0,200000.0,0.0,0.0,30000.0
Cambodia,KHM,1997,17700000.0,6790000.0,300000.0,1850000.0,0.0,80000.0,1240000.0,259999.0,0.0,0.0,30000.0
Cambodia,KHM,1998,17490000.0,10430000.0,300000.0,1880000.0,0.0,100000.0,1430000.0,310000.0,0.0,0.0,20000.0
Cambodia,KHM,1999,18750000.0,8660000.0,300000.0,1940000.0,10000.0,100000.0,1400000.0,340000.0,0.0,0.0,30000.0
Cambodia,KHM,2000,17490000.0,8060000.0,300000.0,2030000.0,10000.0,120000.0,1360000.0,380000.0,0.0,0.0,40000.0
Cambodia,KHM,2001,17460000.0,7570000.0,310000.0,2000000.0,30000.0,120000.0,1560000.0,430000.0,0.0,0.0,40000.0
Cambodia,KHM,2002,17770000.0,10310000.0,310000.0,2100000.0,50000.0,129999.0,1360000.0,590000.0,0.0,0.0,30000.0
Cambodia,KHM,2003,19170000.0,11350000.0,320000.0,2230000.0,70000.0,140000.0,1390000.0,610000.0,0.0,0.0,40000.0
Cambodia,KHM,2004,18920000.0,12530000.0,330000.0,2160000.0,100000.0,150000.0,1420000.0,660000.0,0.0,0.0,50000.0
Cambodia,KHM,2005,20080000.0,9660000.0,340000.0,2200000.0,120000.0,180000.0,1550000.0,770000.0,0.0,0.0,40000.0
Cambodia,KHM,2006,21400000.0,11910000.0,350000.0,2230000.0,150000.0,190000.0,1660000.0,950000.0,0.0,0.0,50000.0
Cambodia,KHM,2007,21830000.0,11790000.0,350000.0,2210000.0,230000.0,200000.0,2069999.0,1210000.0,0.0,0.0,110000.0
Cambodia,KHM,2008,22030000.0,10930000.0,360000.0,2110000.0,580000.0,200000.0,2140000.0,1230000.0,0.0,110000.0,90000.0
Cambodia,KHM,2009,22700000.0,10870000.0,370000.0,2280000.0,590000.0,220000.0,2770000.0,1039999.0,0.0,210000.0,70000.0
Cambodia,KHM,2010,22820000.0,9350000.0,370000.0,2220000.0,640000.0,710000.0,3040000.0,890000.0,0.0,50000.0,100000.0
Cambodia,KHM,2011,23760000.0,86560000.0,380000.0,2190000.0,720000.0,720000.0,3220000.0,910000.0,0.0,50000.0,110000.0
Cambodia,KHM,2012,22990000.0,84420000.0,390000.0,2200000.0,800000.0,730000.0,3400000.0,900000.0,0.0,129999.0,150000.0
Cambodia,KHM,2013,22770000.0,84950000.0,390000.0,2230000.0,840000.0,690000.0,3480000.0,730000.0,0.0,280000.0,170000.0
Cambodia,KHM,2014,22990000.0,84430000.0,400000.0,2250000.0,860000.0,590000.0,3810000.0,1520000.0,0.0,470000.0,190000.0
Cambodia,KHM,2015,23350000.0,84600000.0,400000.0,2270000.0,1020000.0,500000.0,4200000.0,2380000.0,0.0,570000.0,200000.0
Cambodia,KHM,2016,23230000.0,49120000.0,410000.0,2300000.0,1850000.0,800000.0,4650000.0,3380000.0,0.0,630000.0,220000.0
Cambodia,KHM,2017,24330000.0,48610000.0,420000.0,2320000.0,2780000.0,880000.0,4950000.0,3640000.0,0.0,630000.0,320000.0
Cambodia,KHM,2018,24710000.0,47760000.0,420000.0,2480000.0,3850000.0,810000.0,5310000.0,3420000.0,0.0,210000.0,420000.0
Cambodia,KHM,2019,24440000.0,47150000.0,430000.0,2580000.0,5600000.0,860000.0,6430000.0,4470000.0,0.0,259999.0,470000.0
Cambodia,KHM,2020,24270000.0,47490000.0,440000.0,2280000.0,6000000.0,2300000.0,6780000.0,5140000.0,0.0,690000.0,129999.0
Cambodia,KHM,2021,25400000.0,73620000.0,440000.0,2310000.0,6580000.0,2750000.0,6820000.0,4030000.0,0.0,670000.0,60000.0
Cambodia,KHM,2022,23940000.0,71920000.0,450000.0,2180000.0,6750000.0,2880000.0,7180000.0,3540000.0,0.0,710000.0,120000.0
Cambodia,KHM,2023,25580000.0,72020000.0,450000.0,2069999.0,6790000.0,3010000.0,7540000.0,8180000.0,0.0,740000.0,210000.0
Cameroon,CMR,1990,10620000.0,49520000.0,1120000.0,4170000.0,1050000.0,170000.0,1790000.0,40000.0,4580000.0,0.0,200000.0
Cameroon,CMR,1991,10530000.0,49520000.0,1140000.0,4270000.0,900000.0,150000.0,1600000.0,40000.0,10810000.0,0.0,230000.0
Cameroon,CMR,1992,10570000.0,49520000.0,1540000.0,4220000.0,920000.0,140000.0,1610000.0,30000.0,10510000.0,0.0,210000.0
Cameroon,CMR,1993,10560000.0,49520000.0,1850000.0,4350000.0,930000.0,150000.0,1730000.0,30000.0,8370000.0,0.0,170000.0
Cameroon,CMR,1994,10610000.0,49520000.0,2089999.0,4550000.0,860000.0,140000.0,1800000.0,30000.0,6180000.0,0.0,259999.0
Cameroon,CMR,1995,10580000.0,49530000.0,2170000.0,4630000.0,800000.0,160000.0,1750000.0,30000.0,5840000.0,0.0,259999.0
Cameroon,CMR,1996,11080000.0,50110000.0,2250000.0,4710000.0,700000.0,160000.0,1770000.0,30000.0,6320000.0,0.0,320000.0
Cameroon,CMR,1997,11470000.0,50050000.0,2320000.0,4860000.0,880000.0,160000.0,1860000.0,30000.0,6420000.0,0.0,340000.0
Cameroon,CMR,1998,12540000.0,52530000.0,2400000.0,5030000.0,850000.0,150000.0,1920000.0,50000.0,6660000.0,0.0,190000.0
Cameroon,CMR,1999,12770000.0,51390000.0,2480000.0,5080000.0,910000.0,180000.0,1680000.0,40000.0,6480000.0,0.0,210000.0
Cameroon,CMR,2000,14290000.0,50760000.0,2560000.0,5340000.0,860000.0,200000.0,1900000.0,40000.0,6550000.0,0.0,240000.0
Cameroon,CMR,2001,13170000.0,38490000.0,2670000.0,5330000.0,860000.0,200000.0,1900000.0,60000.0,6250000.0,0.0,259999.0
Cameroon,CMR,2002,13150000.0,38450000.0,2770000.0,5930000.0,940000.0,210000.0,2110000.0,90000.0,5920000.0,0.0,280000.0
Cameroon,CMR,2003,14550000.0,40090000.0,2880000.0,6120000.0,910000.0,200000.0,2150000.0,120000.0,5820000.0,0.0,290000.0
Cameroon,CMR,2004,13090000.0,38760000.0,2990000.0,6240000.0,1120000.0,200000.0,2210000.0,120000.0,5510000.0,0.0,250000.0
Cameroon,CMR,2005,14650000.0,39980000.0,3100000.0,6340000.0,1150000.0,180000.0,2160000.0,160000.0,5220000.0,0.0,240000.0
Cameroon,CMR,2006,13500000.0,38470000.0,3220000.0,5390000.0,1240000.0,230000.0,1920000.0,600000.0,5170000.0,0.0,270000.0
Cameroon,CMR,2007,13240000.0,38500000.0,3330000.0,4470000.0,1450000.0,290000.0,2180000.0,1330000.0,5030000.0,0.0,360000.0
Cameroon,CMR,2008,12440000.0,38850000.0,3460000.0,4540000.0,1440000.0,310000.0,2240000.0,1420000.0,5310000.0,0.0,370000.0
Cameroon,CMR,2009,11980000.0,38460000.0,3590000.0,4700000.0,1530000.0,390000.0,2580000.0,1550000.0,5010000.0,0.0,370000.0
Cameroon,CMR,2010,12470000.0,38780000.0,3720000.0,4700000.0,1600000.0,370000.0,2740000.0,1650000.0,4410000.0,0.0,350000.0
Cameroon,CMR,2011,12230000.0,31620000.0,3850000.0,4870000.0,1610000.0,380000.0,2900000.0,1300000.0,4040000.0,0.0,340000.0
Cameroon,CMR,2012,12430000.0,31490000.0,3970000.0,5010000.0,1700000.0,390000.0,3090000.0,1220000.0,3830000.0,0.0,310000.0
Cameroon,CMR,2013,12820000.0,31510000.0,4090000.0,5160000.0,1800000.0,410000.0,3280000.0,1490000.0,4200000.0,0.0,330000.0
Cameroon,CMR,2014,13090000.0,31110000.0,4220000.0,5250000.0,1810000.0,430000.0,3500000.0,1850000.0,4640000.0,70000.0,340000.0
Cameroon,CMR,2015,13290000.0,31140000.0,4350000.0,5430000.0,2010000.0,220000.0,3240000.0,2030000.0,5530000.0,90000.0,310000.0
Cameroon,CMR,2016,13110000.0,95250000.0,4490000.0,5590000.0,2440000.0,230000.0,3340000.0,2120000.0,5490000.0,90000.0,70000.0
Cameroon,CMR,2017,12960000.0,95150000.0,4630000.0,5780000.0,2710000.0,240000.0,3260000.0,2260000.0,4930000.0,100000.0,50000.0
Cameroon,CMR,2018,12860000.0,94980000.0,4770000.0,5950000.0,3010000.0,250000.0,3400000.0,2620000.0,4840000.0,110000.0,50000.0
Cameroon,CMR,2019,12790000.0,95590000.0,4910000.0,6120000.0,3170000.0,259999.0,3500000.0,2350000.0,4900000.0,120000.0,50000.0
Cameroon,CMR,2020,13280000.0,96040000.0,5050000.0,6290000.0,3610000.0,259999.0,3500000.0,2550000.0,4530000.0,120000.0,20000.0
Cameroon,CMR,2021,13180000.0,63110000.0,5200000.0,6450000.0,4159999.0,270000.0,3620000.0,1860000.0,4150000.0,120000.0,40000.0
Cameroon,CMR,2022,13310000.0,63350000.0,5350000.0,6620000.0,4370000.0,280000.0,3750000.0,1690000.0,4020000.0,120000.0,50000.0
Cameroon,CMR,2023,12980000.0,63020000.0,5500000.0,6800000.0,4500000.0,290000.0,3860000.0,1330000.0,3940000.0,129999.0,50000.0
Canada,CAN,1990,50670000.0,106650000.0,20610000.0,64730004.0,29000000.0,77190000.0,128340000.0,138260000.0,39180000.0,7380000.0,5680000.0
Canada,CAN,1991,50990000.0,106650000.0,20640000.0,64210000.0,28550000.0,75020000.0,124480000.0,138930000.0,41080000.0,7430000.0,5530000.0
Canada,CAN,1992,52200000.0,106650000.0,20770000.0,66040000.0,26560000.0,74150000.0,128820008.0,146010000.0,43230000.0,8029999.0,5810000.0
Canada,CAN,1993,52570000.0,106650000.0,21080000.0,69260000.0,24970000.0,74190000.0,130840000.0,137660000.0,43830000.0,8390000.0,5260000.0
Canada,CAN,1994,52740000.0,106650000.0,21390000.0,70500000.0,27000000.0,77790000.0,137220000.0,142210000.0,44130000.0,8470000.0,5590000.0
Canada,CAN,1995,55480000.0,107110000.0,21390000.0,69490000.0,27000000.0,78840000.0,140880000.0,147550000.0,47600000.0,8980000.0,5860000.0
Canada,CAN,1996,57730000.0,110550000.0,21170000.0,74980000.0,27390000.0,82350000.0,144260000.0,148840000.0,49040000.0,9540000.0,6110000.0
Canada,CAN,1997,57010000.0,107800000.0,21180000.0,72210000.0,26710000.0,82000000.0,148780000.0,161480000.0,50670000.0,9940000.0,5990000.0
Canada,CAN,1998,58940000.0,116130000.0,21620000.0,65150000.0,23950000.0,79580000.0,151460000.0,175830000.0,53380000.0,9570000.0,6720000.0
Canada,CAN,1999,57680000.0,110050000.0,22550000.0,68280000.0,21110000.0,80350000.0,155270000.0,177480000.0,52940000.0,9850000.0,6500000.0
Canada,CAN,2000,56400000.0,108080000.0,23000000.0,73030000.0,21310000.0,83980000.0,154080000.0,189310000.0,54740000.0,10020000.0,6540000.0
Canada,CAN,2001,56670000.0,255690000.0,22660000.0,69680000.0,20130000.0,77850000.0,151910000.0,194530000.0,55720000.0,8890000.0,6950000.0
Canada,CAN,2002,58180000.0,256170016.0,23060000.0,76430000.0,20980000.0,79410000.0,163910000.0,193930000.0,55600000.0,7910000.0,5610000.0
Canada,CAN,2003,58240000.0,256950016.0,23160000.0,80400000.0,20970000.0,82770000.0,166620000.0,203550000.0,57510000.0,8120000.0,3780000.0
Canada,CAN,2004,60100000.0,256600000.0,23240000.0,77450000.0,23300000.0,85020000.0,164100000.0,192240000.0,58650000.0,8109999.0,11080000.0
Canada,CAN,2005,61720000.0,256140016.0,23340000.0,75490000.0,22850000.0,68340000.0,167890000.0,211710000.0,58920000.0,16559999.0,12970000.0
Canada,CAN,2006,59000000.0,256299984.0,23530000.0,70740000.0,21230000.0,65720000.0,166800000.0,210620000.0,63260000.0,16780000.0,12250000.0
Canada,CAN,2007,60990000.0,255800000.0,23080000.0,75720000.0,20790000.0,66589996.0,172430000.0,228160000.0,65089996.0,17320000.0,12920000.0
Canada,CAN,2008,59310000.0,255510000.0,23130000.0,75070000.0,20590000.0,64220000.0,172460000.0,212720000.0,63550000.0,17500000.0,12130000.0
Canada,CAN,2009,57080000.0,255820000.0,22140000.0,73010000.0,17530000.0,56780000.0,168330000.0,202360000.0,61430000.0,14400000.0,10730000.0
Canada,CAN,2010,57590000.0,256410000.0,21540000.0,68730000.0,17830000.0,60730000.0,174300000.0,208430000.0,65739996.0,16580000.0,11330000.0
Canada,CAN,2011,58830000.0,62430000.0,21530000.0,74010000.0,18400000.0,65170000.0,174060000.0,209410000.0,68890000.0,17560000.0,11060000.0
Canada,CAN,2012,60940000.0,62760000.0,21980000.0,68650000.0,19580000.0,66540000.0,174410000.0,210670000.0,68000000.0,17230000.0,11990000.0
Canada,CAN,2013,61140000.0,62770000.0,22890000.0,71610000.0,19860000.0,65019996.0,178260000.0,213460000.0,72220000.0,17750000.0,12530000.0
Canada,CAN,2014,60220000.0,62350000.0,22680000.0,75540000.0,20030000.0,64839996.0,176700000.0,215610000.0,77830000.0,18400000.0,12210000.0
Canada,CAN,2015,59330000.0,64519996.0,22780000.0,71930000.0,20360000.0,63950000.0,176160000.0,214240000.0,76640000.0,19180000.0,12110000.0
Canada,CAN,2016,58410000.0,162450000.0,22730000.0,69470000.0,20330000.0,69020000.0,175260000.0,211120000.0,77960000.0,19480000.0,13060000.0
Canada,CAN,2017,59170000.0,162810000.0,22900000.0,73820000.0,20890000.0,70300000.0,179450000.0,211110000.0,84510000.0,20090000.0,14350000.0
Canada,CAN,2018,60940000.0,165050000.0,22920000.0,78980000.0,22020000.0,69740000.0,185720000.0,210350000.0,87430000.0,20810000.0,16450001.0
Canada,CAN,2019,59790000.0,163340000.0,22680000.0,77470000.0,22220000.0,71420000.0,181710000.0,209410000.0,87190000.0,19890000.0,16030001.0
Canada,CAN,2020,62090000.0,162150000.0,22610000.0,73260000.0,21580000.0,64180000.0,152620000.0,199440000.0,76910000.0,18760000.0,7500000.0
Canada,CAN,2021,60970000.0,144860000.0,22640000.0,69740000.0,22800000.0,66250000.0,160800000.0,199200000.0,77630000.0,19520000.0,7310000.0
Canada,CAN,2022,60790000.0,142700000.0,23040000.0,73580000.0,22670000.0,67980000.0,168760000.0,200620000.0,77880000.0,19240000.0,12030000.0
Canada,CAN,2023,66550004.0,155700000.0,23640000.0,68150000.0,23200000.0,67740000.0,169570000.0,205060000.0,77030000.0,19310000.0,14190000.0
Cape Verde,CPV,1990,90000.0,-10000.0,0.0,20000.0,0.0,0.0,129999.0,30000.0,0.0,,60000.0
Cape Verde,CPV,1991,100000.0,-10000.0,0.0,20000.0,0.0,0.0,100000.0,40000.0,0.0,,60000.0
Cape Verde,CPV,1992,120000.0,-10000.0,0.0,20000.0,0.0,0.0,110000.0,40000.0,0.0,,70000.0
Cape Verde,CPV,1993,129999.0,-10000.0,0.0,20000.0,0.0,0.0,100000.0,50000.0,0.0,,70000.0
Cape Verde,CPV,1994,110000.0,-10000.0,0.0,20000.0,0.0,0.0,100000.0,50000.0,0.0,,70000.0
Cape Verde,CPV,1995,129999.0,-10000.0,40000.0,30000.0,0.0,10000.0,110000.0,60000.0,0.0,,80000.0
Cape Verde,CPV,1996,100000.0,-10000.0,40000.0,30000.0,0.0,20000.0,110000.0,60000.0,0.0,,100000.0
Cape Verde,CPV,1997,110000.0,-10000.0,40000.0,30000.0,0.0,20000.0,110000.0,60000.0,0.0,,100000.0
Cape Verde,CPV,1998,120000.0,-10000.0,40000.0,30000.0,0.0,20000.0,120000.0,70000.0,0.0,,110000.0
Cape Verde,CPV,1999,129999.0,-10000.0,40000.0,40000.0,0.0,30000.0,150000.0,80000.0,0.0,,120000.0
Cape Verde,CPV,2000,120000.0,-10000.0,30000.0,40000.0,0.0,30000.0,150000.0,90000.0,0.0,,140000.0
Cape Verde,CPV,2001,110000.0,-10000.0,0.0,40000.0,0.0,30000.0,170000.0,110000.0,0.0,,150000.0
Cape Verde,CPV,2002,110000.0,-10000.0,0.0,40000.0,0.0,30000.0,180000.0,140000.0,0.0,,170000.0
Cape Verde,CPV,2003,110000.0,-10000.0,0.0,40000.0,0.0,40000.0,190000.0,150000.0,0.0,,150000.0
Cape Verde,CPV,2004,120000.0,-10000.0,0.0,40000.0,0.0,30000.0,200000.0,160000.0,0.0,,180000.0
Cape Verde,CPV,2005,110000.0,-10000.0,0.0,40000.0,10000.0,0.0,230000.0,170000.0,0.0,,230000.0
Cape Verde,CPV,2006,110000.0,-10000.0,0.0,60000.0,10000.0,0.0,270000.0,200000.0,0.0,,240000.0
Cape Verde,CPV,2007,100000.0,-10000.0,0.0,60000.0,10000.0,0.0,270000.0,150000.0,0.0,,280000.0
Cape Verde,CPV,2008,100000.0,-10000.0,0.0,40000.0,10000.0,0.0,230000.0,210000.0,0.0,,330000.0
Cape Verde,CPV,2009,110000.0,-10000.0,0.0,40000.0,10000.0,0.0,250000.0,210000.0,0.0,,240000.0
Cape Verde,CPV,2010,120000.0,-10000.0,0.0,40000.0,10000.0,0.0,259999.0,240000.0,0.0,,259999.0
Cape Verde,CPV,2011,120000.0,-10000.0,0.0,40000.0,10000.0,0.0,290000.0,240000.0,0.0,,340000.0
Cape Verde,CPV,2012,120000.0,-10000.0,0.0,40000.0,10000.0,0.0,270000.0,210000.0,0.0,,330000.0
Cape Verde,CPV,2013,120000.0,-10000.0,10000.0,40000.0,10000.0,0.0,250000.0,210000.0,0.0,,310000.0
Cape Verde,CPV,2014,120000.0,-10000.0,10000.0,40000.0,10000.0,0.0,240000.0,220000.0,0.0,,380000.0
Cape Verde,CPV,2015,120000.0,-10000.0,10000.0,40000.0,10000.0,0.0,230000.0,220000.0,0.0,,370000.0
Cape Verde,CPV,2016,120000.0,-20000.0,10000.0,40000.0,10000.0,0.0,240000.0,220000.0,0.0,30000.0,360000.0
Cape Verde,CPV,2017,110000.0,-20000.0,10000.0,50000.0,10000.0,0.0,240000.0,259999.0,0.0,40000.0,390000.0
Cape Verde,CPV,2018,100000.0,-20000.0,10000.0,50000.0,20000.0,0.0,259999.0,259999.0,0.0,30000.0,390000.0
Cape Verde,CPV,2019,110000.0,-20000.0,10000.0,50000.0,20000.0,0.0,290000.0,270000.0,0.0,40000.0,370000.0
Cape Verde,CPV,2020,110000.0,-20000.0,10000.0,50000.0,20000.0,0.0,220000.0,240000.0,0.0,20000.0,240000.0
Cape Verde,CPV,2021,110000.0,-10000.0,10000.0,50000.0,20000.0,0.0,250000.0,240000.0,0.0,40000.0,240000.0
Cape Verde,CPV,2022,110000.0,-10000.0,10000.0,50000.0,20000.0,,270000.0,280000.0,0.0,0.0,250000.0
Cape Verde,CPV,2023,110000.0,-10000.0,10000.0,50000.0,20000.0,,259999.0,300000.0,0.0,,250000.0
Central African Republic,CAF,1990,16020000.0,37270000.0,290000.0,80000.0,0.0,10000.0,80000.0,20000.0,0.0,,50000.0
Central African Republic,CAF,1991,16340000.0,37270000.0,290000.0,60000.0,0.0,10000.0,90000.0,20000.0,0.0,,50000.0
Central African Republic,CAF,1992,16370001.0,37270000.0,330000.0,60000.0,0.0,10000.0,90000.0,20000.0,0.0,,50000.0
Central African Republic,CAF,1993,16400000.0,37270000.0,370000.0,60000.0,0.0,10000.0,100000.0,20000.0,0.0,,50000.0
Central African Republic,CAF,1994,16510000.0,37270000.0,390000.0,70000.0,0.0,10000.0,100000.0,20000.0,0.0,,50000.0
Central African Republic,CAF,1995,16620001.0,37270000.0,410000.0,70000.0,0.0,10000.0,100000.0,20000.0,0.0,,50000.0
Central African Republic,CAF,1996,19090000.0,21330000.0,430000.0,70000.0,0.0,10000.0,100000.0,20000.0,0.0,,50000.0
Central African Republic,CAF,1997,19260000.0,24630000.0,450000.0,70000.0,0.0,10000.0,100000.0,20000.0,0.0,,50000.0
Central African Republic,CAF,1998,21230000.0,27990000.0,470000.0,30000.0,0.0,10000.0,120000.0,20000.0,0.0,40000.0,50000.0
Central African Republic,CAF,1999,18880000.0,26500000.0,490000.0,40000.0,0.0,10000.0,129999.0,20000.0,0.0,40000.0,50000.0
Central African Republic,CAF,2000,21830000.0,24650000.0,510000.0,20000.0,10000.0,20000.0,80000.0,0.0,0.0,0.0,10000.0
Central African Republic,CAF,2001,18050000.0,38590000.0,519999.0,20000.0,10000.0,30000.0,100000.0,0.0,0.0,0.0,20000.0
Central African Republic,CAF,2002,15980000.0,35040000.0,540000.0,20000.0,10000.0,20000.0,90000.0,0.0,0.0,0.0,20000.0
Central African Republic,CAF,2003,21220000.0,45210000.0,550000.0,30000.0,10000.0,10000.0,70000.0,0.0,0.0,0.0,20000.0
Central African Republic,CAF,2004,18390000.0,37380000.0,570000.0,40000.0,10000.0,20000.0,80000.0,0.0,0.0,0.0,20000.0
Central African Republic,CAF,2005,19500000.0,44570000.0,580000.0,30000.0,10000.0,10000.0,90000.0,0.0,0.0,0.0,10000.0
Central African Republic,CAF,2006,19840000.0,41420000.0,600000.0,30000.0,10000.0,20000.0,90000.0,0.0,0.0,0.0,30000.0
Central African Republic,CAF,2007,20000000.0,45120000.0,610000.0,30000.0,20000.0,20000.0,110000.0,0.0,0.0,0.0,20000.0
Central African Republic,CAF,2008,21390000.0,41960000.0,630000.0,30000.0,20000.0,20000.0,110000.0,0.0,0.0,,10000.0
Central African Republic,CAF,2009,16880000.0,33920000.0,650000.0,20000.0,20000.0,20000.0,120000.0,0.0,0.0,,20000.0
Central African Republic,CAF,2010,19030000.0,40950000.0,670000.0,20000.0,20000.0,30000.0,129999.0,0.0,0.0,,20000.0
Central African Republic,CAF,2011,20200000.0,43430000.0,680000.0,20000.0,20000.0,20000.0,120000.0,0.0,0.0,,20000.0
Central African Republic,CAF,2012,17120000.0,42570000.0,690000.0,10000.0,20000.0,30000.0,150000.0,0.0,0.0,,20000.0
Central African Republic,CAF,2013,18350000.0,39260000.0,700000.0,10000.0,20000.0,10000.0,90000.0,0.0,0.0,,10000.0
Central African Republic,CAF,2014,17890000.0,36150000.0,700000.0,10000.0,30000.0,20000.0,100000.0,0.0,0.0,,20000.0
Central African Republic,CAF,2015,18320000.0,36460000.0,710000.0,20000.0,30000.0,30000.0,160000.0,0.0,0.0,,20000.0
Central African Republic,CAF,2016,20080000.0,50260000.0,720000.0,10000.0,30000.0,30000.0,200000.0,0.0,10000.0,,20000.0
Central African Republic,CAF,2017,18090000.0,46420000.0,730000.0,40000.0,30000.0,40000.0,220000.0,0.0,0.0,,40000.0
Central African Republic,CAF,2018,18530000.0,46870000.0,750000.0,10000.0,30000.0,40000.0,230000.0,0.0,0.0,,10000.0
Central African Republic,CAF,2019,16870000.0,46500000.0,770000.0,10000.0,40000.0,40000.0,270000.0,0.0,0.0,,20000.0
Central African Republic,CAF,2020,18040000.0,45450000.0,780000.0,0.0,40000.0,50000.0,290000.0,0.0,0.0,,10000.0
Central African Republic,CAF,2021,18090000.0,46130000.0,800000.0,10000.0,40000.0,50000.0,320000.0,0.0,0.0,,10000.0
Central African Republic,CAF,2022,18820000.0,46630000.0,820000.0,0.0,50000.0,50000.0,330000.0,0.0,0.0,,10000.0
Central African Republic,CAF,2023,15550000.0,40750000.0,840000.0,0.0,50000.0,50000.0,330000.0,0.0,0.0,,10000.0
Chad,TCD,1990,19170000.0,8029999.0,300000.0,530000.0,0.0,0.0,259999.0,100000.0,0.0,20000.0,30000.0
Chad,TCD,1991,19980000.0,8029999.0,300000.0,530000.0,0.0,0.0,270000.0,90000.0,0.0,30000.0,30000.0
Chad,TCD,1992,20840000.0,8029999.0,440000.0,540000.0,0.0,0.0,290000.0,90000.0,0.0,30000.0,30000.0
Chad,TCD,1993,21640000.0,8029999.0,540000.0,590000.0,0.0,0.0,290000.0,90000.0,0.0,30000.0,40000.0
Chad,TCD,1994,22640000.0,8029999.0,490000.0,590000.0,0.0,0.0,300000.0,90000.0,0.0,30000.0,40000.0
Chad,TCD,1995,23650000.0,8029999.0,440000.0,600000.0,0.0,0.0,310000.0,90000.0,0.0,30000.0,40000.0
Chad,TCD,1996,27450000.0,8319999.0,400000.0,620000.0,0.0,0.0,320000.0,90000.0,0.0,30000.0,40000.0
Chad,TCD,1997,28030000.0,9480000.0,350000.0,590000.0,0.0,0.0,330000.0,90000.0,0.0,30000.0,40000.0
Chad,TCD,1998,28870000.0,13440000.0,310000.0,600000.0,0.0,0.0,340000.0,90000.0,510000.0,30000.0,40000.0
Chad,TCD,1999,30870000.0,13250000.0,330000.0,600000.0,0.0,0.0,350000.0,90000.0,1250000.0,30000.0,40000.0
Chad,TCD,2000,33660000.0,10560000.0,340000.0,660000.0,0.0,20000.0,129999.0,80000.0,1530000.0,30000.0,40000.0
Chad,TCD,2001,30300000.0,14420000.0,360000.0,680000.0,80000.0,20000.0,150000.0,110000.0,1670000.0,30000.0,40000.0
Chad,TCD,2002,32730000.0,14480000.0,370000.0,690000.0,150000.0,30000.0,180000.0,129999.0,1730000.0,30000.0,40000.0
Chad,TCD,2003,34540000.0,14610000.0,390000.0,710000.0,230000.0,30000.0,200000.0,160000.0,400000.0,30000.0,40000.0
Chad,TCD,2004,36190000.0,14630000.0,390000.0,700000.0,310000.0,30000.0,200000.0,150000.0,2150000.0,40000.0,40000.0
Chad,TCD,2005,38400000.0,14360000.0,390000.0,740000.0,380000.0,40000.0,210000.0,170000.0,2079999.0,40000.0,40000.0
Chad,TCD,2006,39650000.0,15130000.0,400000.0,750000.0,480000.0,30000.0,270000.0,150000.0,1960000.0,40000.0,40000.0
Chad,TCD,2007,41950000.0,15770000.0,400000.0,760000.0,580000.0,30000.0,270000.0,150000.0,1790000.0,40000.0,40000.0
Chad,TCD,2008,43430000.0,14870000.0,400000.0,790000.0,680000.0,30000.0,320000.0,129999.0,1660000.0,40000.0,40000.0
Chad,TCD,2009,44650000.0,13990000.0,400000.0,830000.0,780000.0,50000.0,420000.0,259999.0,1500000.0,40000.0,40000.0
Chad,TCD,2010,47600000.0,14890000.0,410000.0,840000.0,880000.0,50000.0,850000.0,270000.0,1530000.0,40000.0,40000.0
Chad,TCD,2011,50210000.0,22190000.0,420000.0,850000.0,920000.0,70000.0,750000.0,210000.0,1510000.0,40000.0,40000.0
Chad,TCD,2012,52990000.0,22880000.0,440000.0,900000.0,1010000.0,190000.0,990000.0,519999.0,1450000.0,40000.0,40000.0
Chad,TCD,2013,55280000.0,22000000.0,460000.0,920000.0,1060000.0,220000.0,1010000.0,560000.0,1780000.0,40000.0,40000.0
Chad,TCD,2014,57860000.0,21860000.0,470000.0,930000.0,1110000.0,230000.0,1050000.0,530000.0,1850000.0,40000.0,50000.0
Chad,TCD,2015,62570000.0,21870000.0,490000.0,940000.0,1150000.0,220000.0,1010000.0,540000.0,2600000.0,40000.0,60000.0
Chad,TCD,2016,66930000.0,22820000.0,510000.0,980000.0,1320000.0,190000.0,910000.0,430000.0,2570000.0,0.0,70000.0
Chad,TCD,2017,69460000.0,22190000.0,530000.0,940000.0,1510000.0,240000.0,790000.0,490000.0,2200000.0,0.0,70000.0
Chad,TCD,2018,73860000.0,22120000.0,540000.0,970000.0,1680000.0,230000.0,750000.0,519999.0,2280000.0,0.0,80000.0
Chad,TCD,2019,76900000.0,21840000.0,550000.0,1039999.0,1850000.0,250000.0,780000.0,540000.0,2200000.0,0.0,80000.0
Chad,TCD,2020,82220000.0,21900000.0,570000.0,1220000.0,1990000.0,230000.0,800000.0,540000.0,2040000.0,0.0,80000.0
Chad,TCD,2021,85630000.0,21710000.0,590000.0,1290000.0,2150000.0,240000.0,860000.0,660000.0,2010000.0,0.0,80000.0
Chad,TCD,2022,90300000.0,21270000.0,610000.0,1310000.0,2300000.0,250000.0,920000.0,600000.0,2220000.0,0.0,70000.0
Chad,TCD,2023,95730000.0,21310000.0,630000.0,1320000.0,2410000.0,270000.0,980000.0,550000.0,2370000.0,0.0,80000.0
Chile,CHL,1990,10630000.0,-17540000.0,1039999.0,3770000.0,1090000.0,6460000.0,9300000.0,10620000.0,900000.0,420000.0,1160000.0
Chile,CHL,1991,10690000.0,-17540000.0,1130000.0,4010000.0,1130000.0,6750000.0,9700000.0,8359999.0,690000.0,660000.0,1190000.0
Chile,CHL,1992,11020000.0,-17540000.0,1220000.0,4550000.0,1340000.0,7670000.0,10530000.0,7100000.0,710000.0,650000.0,1230000.0
Chile,CHL,1993,11440000.0,-17540000.0,1310000.0,4720000.0,1470000.0,8109999.0,11670000.0,7190000.0,940000.0,590000.0,1350000.0
Chile,CHL,1994,11930000.0,-17540000.0,1390000.0,4980000.0,1570000.0,7940000.0,12620000.0,9230000.0,1190000.0,600000.0,1700000.0
Chile,CHL,1995,12230000.0,-17540000.0,1520000.0,5090000.0,1470000.0,8950000.0,13960000.0,10090000.0,1370000.0,450000.0,1790000.0
Chile,CHL,1996,12470000.0,-17660000.0,1650000.0,4880000.0,1480000.0,9670000.0,15180000.0,13930000.0,1490000.0,830000.0,1510000.0
Chile,CHL,1997,12810000.0,-17530000.0,1790000.0,5420000.0,1530000.0,12870000.0,16080000.0,15780000.0,1390000.0,910000.0,1790000.0
Chile,CHL,1998,12900000.0,-17600000.0,1920000.0,4810000.0,1740000.0,10800000.0,16930000.0,18640000.0,1290000.0,560000.0,2290000.0
Chile,CHL,1999,12940000.0,-17570000.0,2050000.0,5180000.0,1600000.0,10320000.0,17130000.0,21200000.0,1420000.0,500000.0,2440000.0
Chile,CHL,2000,12730000.0,-17690000.0,2190000.0,5340000.0,1740000.0,10460000.0,17370000.0,16570000.0,1430000.0,580000.0,3050000.0
Chile,CHL,2001,12650000.0,-20450000.0,2360000.0,5410000.0,1910000.0,11350000.0,16430000.0,14680000.0,1430000.0,490000.0,3260000.0
Chile,CHL,2002,12370000.0,-20340000.0,2530000.0,5270000.0,2140000.0,10550000.0,16950000.0,15780000.0,1290000.0,590000.0,3230000.0
Chile,CHL,2003,12380000.0,-20340000.0,2700000.0,5050000.0,2330000.0,10930000.0,16700001.0,17200000.0,1130000.0,430000.0,3910000.0
Chile,CHL,2004,12830000.0,-20360000.0,2870000.0,5450000.0,2640000.0,10760000.0,17290000.0,20900000.0,1120000.0,680000.0,4210000.0
Chile,CHL,2005,12500000.0,-20320000.0,3040000.0,5210000.0,2710000.0,10730000.0,18950000.0,20860000.0,1090000.0,390000.0,4430000.0
Chile,CHL,2006,12340000.0,-20400000.0,3210000.0,5250000.0,3010000.0,12250000.0,18680000.0,20900000.0,960000.0,330000.0,5210000.0
Chile,CHL,2007,12030000.0,-20310000.0,3100000.0,5650000.0,3290000.0,12160000.0,20230000.0,26410000.0,780000.0,410000.0,5230000.0
Chile,CHL,2008,12270000.0,-20240000.0,2990000.0,5750000.0,3490000.0,12250000.0,21020000.0,28890000.0,650000.0,450000.0,5340000.0
Chile,CHL,2009,12070000.0,-20360000.0,2880000.0,5920000.0,3470000.0,11440000.0,21160000.0,27020000.0,720000.0,510000.0,3990000.0
Chile,CHL,2010,12370000.0,-20380000.0,2770000.0,6340000.0,3660000.0,13850000.0,21920000.0,27490000.0,720000.0,900000.0,2860000.0
Chile,CHL,2011,12260000.0,-13550000.0,3100000.0,7200000.0,3770000.0,14140000.0,22340000.0,32509998.0,670000.0,1160000.0,2930000.0
Chile,CHL,2012,12310000.0,-13550000.0,3430000.0,6820000.0,3860000.0,11760000.0,22930000.0,37110000.0,590000.0,890000.0,2690000.0
Chile,CHL,2013,10740000.0,-13700000.0,3760000.0,6860000.0,3820000.0,13050000.0,25030000.0,38620000.0,560000.0,670000.0,2580000.0
Chile,CHL,2014,10290000.0,-13530000.0,3950000.0,5570000.0,3850000.0,14180000.0,24110000.0,32630002.0,530000.0,600000.0,2620000.0
Chile,CHL,2015,10120000.0,-13160000.0,4139999.0,5540000.0,3950000.0,15220000.0,25780000.0,35510000.0,570000.0,670000.0,2130000.0
Chile,CHL,2016,9910000.0,5140000.0,4330000.0,6620000.0,4170000.0,15190000.0,26970000.0,37320000.0,620000.0,820000.0,2180000.0
Chile,CHL,2017,10060000.0,6370000.0,4830000.0,7180000.0,4110000.0,14590000.0,27980000.0,36700000.0,580000.0,1410000.0,2310000.0
Chile,CHL,2018,10100000.0,5110000.0,5330000.0,7340000.0,4070000.0,14540000.0,28940000.0,35210000.0,640000.0,1490000.0,2470000.0
Chile,CHL,2019,10330000.0,5220000.0,5560000.0,7140000.0,4320000.0,14640000.0,29360000.0,40190000.0,680000.0,1420000.0,2640000.0
Chile,CHL,2020,10530000.0,5280000.0,5780000.0,6800000.0,4500000.0,14150000.0,26010000.0,37290000.0,570000.0,1280000.0,1340000.0
Chile,CHL,2021,10270000.0,3560000.0,5990000.0,7340000.0,4770000.0,14440000.0,28430000.0,35370000.0,590000.0,1100000.0,1610000.0
Chile,CHL,2022,9690000.0,3710000.0,6210000.0,7730000.0,4890000.0,15570000.0,30280000.0,31160000.0,630000.0,1120000.0,2050000.0
Chile,CHL,2023,9860000.0,5050000.0,6730000.0,7600000.0,5100000.0,15230000.0,29040000.0,22210000.0,660000.0,1230000.0,2220000.0
China,CHN,1990,603140032.0,-346489984.0,185250000.0,635270016.0,93520000.0,750430016.0,96180000.0,725900032.0,169240000.0,144800000.0,5690000.0
China,CHN,1991,613160000.0,-346489984.0,188220000.0,635530048.0,111930000.0,784280000.0,102940000.0,794900032.0,170250000.0,149240000.0,7330000.0
China,CHN,1992,617249984.0,-346489984.0,204940000.0,610770048.0,135220000.0,813489984.0,113740000.0,878369984.0,174520000.0,143880000.0,11380000.0
China,CHN,1993,605360000.0,-346489984.0,221250000.0,622030016.0,156780000.0,867580032.0,128810000.0,998349952.0,185060000.0,150260000.0,9900000.0
China,CHN,1994,624950016.0,-346489984.0,237270000.0,589630016.0,180340000.0,909770048.0,119230000.0,1083579904.0,201540000.0,160830000.0,10930000.0
China,CHN,1995,682140032.0,-346440000.0,227530000.0,614510016.0,203240000.0,1077410048.0,130500000.0,1186550016.0,228880000.0,156520000.0,11280000.0
China,CHN,1996,724960000.0,-345929984.0,217780000.0,555059968.0,215170000.0,975210048.0,173710000.0,1331209984.0,236670000.0,92550000.0,12530000.0
China,CHN,1997,655760000.0,-345850016.0,208020000.0,598340032.0,228930000.0,967530048.0,149750000.0,1329040000.0,231710000.0,142730000.0,10220000.0
China,CHN,1998,679889984.0,-345600000.0,198250000.0,536309984.0,237480000.0,1030709952.0,143880000.0,1410599936.0,228260000.0,153530000.0,10730000.0
China,CHN,1999,699219968.0,-345720000.0,188480000.0,541310016.0,265250000.0,877289984.0,161150000.0,1433719936.0,226140000.0,158840000.0,10950000.0
China,CHN,2000,688340032.0,-345510016.0,178700000.0,505740000.0,286049984.0,890520000.0,254770000.0,1576230016.0,239480000.0,98850000.0,13920000.0
China,CHN,2001,676140032.0,-329420000.0,169000000.0,500010016.0,325420000.0,944840000.0,260739984.0,1662220032.0,255190000.0,105080000.0,15660000.0
China,CHN,2002,678900032.0,-329720000.0,159460000.0,502820000.0,356100000.0,985280000.0,283460000.0,1841600000.0,267049984.0,115610000.0,17540000.0
China,CHN,2003,667489984.0,-328869984.0,149890000.0,521190016.0,443529984.0,1125430016.0,321140000.0,2180009984.0,314360000.0,133590000.0,17180000.0
China,CHN,2004,686000000.0,-329020000.0,140320000.0,557669952.0,482480000.0,1482829952.0,380580000.0,2377449984.0,364600000.0,146860000.0,22900000.0
China,CHN,2005,693619968.0,-329429984.0,130810000.0,563049984.0,551800000.0,1918749952.0,407549984.0,2554139904.0,412470016.0,161630000.0,26610000.0
China,CHN,2006,695120000.0,-329600000.0,134380000.0,578619968.0,622820032.0,2066979968.0,445840000.0,2900329984.0,449929984.0,166540000.0,30970000.0
China,CHN,2007,685710016.0,-329410016.0,137950000.0,576969984.0,687440000.0,2254400000.0,480249984.0,3172989952.0,489040000.0,166760000.0,34350000.0
China,CHN,2008,698140032.0,-328280000.0,141520000.0,545390016.0,718659968.0,2392969984.0,520130016.0,3210439936.0,501549984.0,166460000.0,33590000.0
China,CHN,2009,699219968.0,-329240000.0,145100000.0,543950016.0,795880000.0,2585860096.0,530280032.0,3458030080.0,531789984.0,171450000.0,36210000.0
China,CHN,2010,699640000.0,-329140000.0,148670000.0,557500032.0,871500032.0,2832600064.0,583070016.0,3834759936.0,583150016.0,175660000.0,43860000.0
China,CHN,2011,693689984.0,-707419968.0,163110000.0,571789952.0,961219968.0,2993600000.0,637500032.0,4327109632.0,624099968.0,184090000.0,47380000.0
China,CHN,2012,694770048.0,-707560000.0,177550000.0,579640000.0,989240000.0,3032729856.0,702979968.0,4453810176.0,610169984.0,192740000.0,47590000.0
China,CHN,2013,694580032.0,-707539968.0,195230000.0,589260032.0,1046229952.0,3053929984.0,759440000.0,4746250240.0,620830016.0,205790000.0,45060000.0
China,CHN,2014,695820032.0,-707169984.0,212910000.0,597210048.0,1081369984.0,3076350208.0,789510016.0,4692430336.0,618880000.0,204440000.0,45000000.0
China,CHN,2015,700700032.0,-707500032.0,220420000.0,622909952.0,1027500032.0,2985840128.0,849349952.0,4596859904.0,597680000.0,209580000.0,53650000.0
China,CHN,2016,699619968.0,-836340032.0,227930000.0,624739968.0,1075229952.0,2844009984.0,866830016.0,4701109760.0,542340032.0,209560000.0,57560000.0
China,CHN,2017,686179968.0,-836600000.0,235440000.0,630390016.0,1118390016.0,2673230080.0,900120000.0,5038839808.0,542830016.0,200900000.0,62060000.0
China,CHN,2018,676820032.0,-836310016.0,242400000.0,590310016.0,1143969920.0,2729479936.0,985110016.0,5390230016.0,561530048.0,178570000.0,69390000.0
China,CHN,2019,655369984.0,-836229952.0,249690000.0,544609984.0,1221069952.0,2726320128.0,1041709952.0,5575360000.0,572739968.0,165040000.0,69750000.0
China,CHN,2020,674499968.0,-836190016.0,257160000.0,531229984.0,1270620032.0,2703139840.0,1060900032.0,5679439872.0,579400000.0,164370000.0,54990000.0
China,CHN,2021,684390016.0,-834560000.0,263739984.0,511989984.0,1259270016.0,2653929984.0,1127579904.0,6255089664.0,593219968.0,151130000.0,57900000.0
China,CHN,2022,689320000.0,-834739968.0,270700000.0,488910016.0,1190550016.0,2656580096.0,1020340032.0,6412759552.0,611380032.0,145480000.0,52420000.0
China,CHN,2023,691169984.0,-834349952.0,285190016.0,481280000.0,1168550016.0,2687840000.0,1075600000.0,6838629888.0,613849984.0,144290000.0,63180000.0
Colombia,COL,1990,61210000.0,107770000.0,9520000.0,5120000.0,3270000.0,12950000.0,17540000.0,12460000.0,12020000.0,1850000.0,1220000.0
Colombia,COL,1991,60710000.0,107770000.0,9890000.0,5250000.0,3280000.0,13490000.0,18290000.0,12950000.0,11450000.0,1620000.0,1260000.0
Colombia,COL,1992,61310000.0,107770000.0,10270000.0,5130000.0,3430000.0,13830000.0,19320000.0,13620000.0,12170000.0,1650000.0,1440000.0
Colombia,COL,1993,62310000.0,107770000.0,10640000.0,5440000.0,3860000.0,15340000.0,19590000.0,14110000.0,12610000.0,1820000.0,1360000.0
Colombia,COL,1994,63290000.0,107770000.0,11010000.0,5050000.0,4500000.0,16290001.0,18460000.0,12430000.0,13550000.0,4260000.0,1650000.0
Colombia,COL,1995,63250000.0,107810000.0,11190000.0,5200000.0,4470000.0,16000000.0,21890000.0,14070000.0,16440001.0,1740000.0,1810000.0
Colombia,COL,1996,63660000.0,107690000.0,11370000.0,5680000.0,4139999.0,16709999.0,22410000.0,11960000.0,17430000.0,1890000.0,1810000.0
Colombia,COL,1997,62910000.0,108070000.0,11550000.0,5180000.0,4350000.0,17480000.0,23510000.0,14590000.0,20160000.0,1860000.0,1920000.0
Colombia,COL,1998,63520000.0,108110000.0,11730000.0,5470000.0,4260000.0,16059999.0,22970000.0,16280001.0,21740000.0,1860000.0,1840000.0
Colombia,COL,1999,60930000.0,107870000.0,11910000.0,5540000.0,3360000.0,15090000.0,20560000.0,12000000.0,21280000.0,1690000.0,1730000.0
Colombia,COL,2000,61770000.0,108300000.0,12090000.0,5510000.0,3640000.0,16500000.0,19930000.0,13710000.0,21170000.0,1740000.0,1830000.0
Colombia,COL,2001,63050000.0,48780000.0,12400000.0,4970000.0,3680000.0,16340000.0,20830000.0,13950000.0,22220000.0,1740000.0,2170000.0
Colombia,COL,2002,63300000.0,48700000.0,12710000.0,5510000.0,3780000.0,16360001.0,18600000.0,13420000.0,20790000.0,1770000.0,1900000.0
Colombia,COL,2003,64850000.0,48950000.0,13020000.0,5600000.0,4270000.0,14860000.0,19020000.0,13690000.0,22320000.0,1840000.0,1970000.0
Colombia,COL,2004,65730004.0,49770000.0,13330000.0,4990000.0,4640000.0,14290000.0,21580000.0,12360000.0,22790000.0,1710000.0,2270000.0
Colombia,COL,2005,65360000.0,48780000.0,14160000.0,5150000.0,5710000.0,15090000.0,21190000.0,12950000.0,23740000.0,1670000.0,2200000.0
Colombia,COL,2006,65050004.0,48900000.0,15760000.0,6100000.0,6020000.0,12200000.0,22250000.0,12370000.0,25370000.0,1740000.0,2660000.0
Colombia,COL,2007,67440000.0,49610000.0,17470000.0,6130000.0,6720000.0,12480000.0,23130000.0,12580000.0,26570000.0,1760000.0,2450000.0
Colombia,COL,2008,67360000.0,48970000.0,20690000.0,5880000.0,6710000.0,14150000.0,23600000.0,11060000.0,28100000.0,1940000.0,2660000.0
Colombia,COL,2009,66800004.0,48830000.0,23130000.0,5510000.0,6450000.0,12490000.0,21860000.0,17270000.0,28920000.0,2830000.0,2740000.0
Colombia,COL,2010,68530000.0,48820000.0,26670000.0,5560000.0,6860000.0,12370000.0,22270000.0,17620000.0,30860000.0,2890000.0,3390000.0
Colombia,COL,2011,64350000.0,40320000.0,27350000.0,5870000.0,7500000.0,15640000.0,26860000.0,13690000.0,35610000.0,3430000.0,3750000.0
Colombia,COL,2012,60340000.0,40320000.0,28630000.0,5860000.0,7650000.0,12300000.0,28360000.0,15350000.0,37380000.0,3680000.0,5550000.0
Colombia,COL,2013,59320000.0,40370000.0,28810000.0,5720000.0,7750000.0,17150000.0,26940000.0,19010000.0,37490000.0,7140000.0,2710000.0
Colombia,COL,2014,59280000.0,40590000.0,29280000.0,5940000.0,8050000.0,16709999.0,28290000.0,19820000.0,37960000.0,7440000.0,2730000.0
Colombia,COL,2015,56860000.0,40530000.0,29680000.0,5720000.0,7910000.0,14790000.0,30610000.0,21880000.0,37170000.0,6530000.0,3250000.0
Colombia,COL,2016,58950000.0,72040000.0,31100000.0,5790000.0,7610000.0,15070000.0,31890000.0,22820000.0,36300000.0,6580000.0,3360000.0
Colombia,COL,2017,62350000.0,71900000.0,33310002.0,5640000.0,7760000.0,15750000.0,31800000.0,16030001.0,35830000.0,4900000.0,3210000.0
Colombia,COL,2018,66500000.0,72730000.0,33970000.0,6120000.0,8130000.0,16129999.0,32650002.0,18180000.0,34500000.0,4970000.0,3130000.0
Colombia,COL,2019,68860000.0,71950000.0,35320000.0,6040000.0,8340000.0,14870000.0,33720000.0,19210000.0,35100000.0,2840000.0,3160000.0
Colombia,COL,2020,71680000.0,72130000.0,36500000.0,6150000.0,8189999.0,14130000.0,28380000.0,22050000.0,25840000.0,3450000.0,1650000.0
Colombia,COL,2021,74290000.0,57270000.0,37530000.0,6370000.0,9160000.0,15730000.0,36830000.0,16900000.0,26530000.0,3980000.0,1920000.0
Colombia,COL,2022,74420000.0,57680000.0,38420000.0,7300000.0,9680000.0,14220000.0,39310000.0,17580000.0,26380000.0,4179999.0,3320000.0
Colombia,COL,2023,74180000.0,57220000.0,39210000.0,7320000.0,9780000.0,14720000.0,40270000.0,23720000.0,23970000.0,3680000.0,3130000.0
Comoros,COM,1990,200000.0,60000.0,0.0,10000.0,0.0,0.0,40000.0,10000.0,0.0,,0.0
Comoros,COM,1991,140000.0,60000.0,0.0,10000.0,0.0,0.0,50000.0,10000.0,0.0,,0.0
Comoros,COM,1992,129999.0,60000.0,0.0,10000.0,0.0,0.0,50000.0,20000.0,0.0,,0.0
Comoros,COM,1993,129999.0,60000.0,0.0,10000.0,0.0,0.0,50000.0,20000.0,0.0,,0.0
Comoros,COM,1994,140000.0,60000.0,0.0,10000.0,0.0,0.0,50000.0,20000.0,0.0,,0.0
Comoros,COM,1995,140000.0,60000.0,0.0,10000.0,0.0,0.0,50000.0,20000.0,0.0,,0.0
Comoros,COM,1996,140000.0,60000.0,0.0,10000.0,0.0,0.0,50000.0,20000.0,0.0,,0.0
Comoros,COM,1997,140000.0,60000.0,0.0,10000.0,0.0,0.0,50000.0,20000.0,0.0,,0.0
Comoros,COM,1998,140000.0,60000.0,0.0,10000.0,0.0,0.0,60000.0,20000.0,0.0,,0.0
Comoros,COM,1999,150000.0,60000.0,0.0,10000.0,0.0,0.0,60000.0,20000.0,0.0,,0.0
Comoros,COM,2000,140000.0,60000.0,0.0,10000.0,0.0,0.0,70000.0,30000.0,0.0,,0.0
Comoros,COM,2001,140000.0,80000.0,0.0,10000.0,0.0,0.0,70000.0,30000.0,0.0,,0.0
Comoros,COM,2002,140000.0,80000.0,0.0,10000.0,0.0,0.0,70000.0,30000.0,0.0,,0.0
Comoros,COM,2003,129999.0,80000.0,0.0,10000.0,0.0,10000.0,90000.0,30000.0,0.0,,0.0
Comoros,COM,2004,129999.0,80000.0,0.0,10000.0,0.0,10000.0,100000.0,40000.0,0.0,,0.0
Comoros,COM,2005,129999.0,120000.0,0.0,10000.0,10000.0,10000.0,90000.0,40000.0,0.0,,0.0
Comoros,COM,2006,120000.0,80000.0,0.0,10000.0,10000.0,10000.0,110000.0,50000.0,0.0,,0.0
Comoros,COM,2007,120000.0,80000.0,0.0,10000.0,10000.0,10000.0,50000.0,40000.0,0.0,,0.0
Comoros,COM,2008,120000.0,80000.0,0.0,10000.0,10000.0,10000.0,60000.0,40000.0,0.0,,0.0
Comoros,COM,2009,120000.0,80000.0,0.0,0.0,10000.0,10000.0,80000.0,40000.0,0.0,,0.0
Comoros,COM,2010,110000.0,80000.0,0.0,0.0,10000.0,10000.0,90000.0,60000.0,0.0,,0.0
Comoros,COM,2011,110000.0,70000.0,0.0,10000.0,10000.0,10000.0,80000.0,50000.0,0.0,,0.0
Comoros,COM,2012,110000.0,70000.0,0.0,10000.0,10000.0,10000.0,80000.0,50000.0,0.0,0.0,0.0
Comoros,COM,2013,110000.0,70000.0,0.0,10000.0,10000.0,20000.0,120000.0,50000.0,0.0,0.0,0.0
Comoros,COM,2014,110000.0,70000.0,0.0,10000.0,10000.0,20000.0,100000.0,50000.0,0.0,0.0,0.0
Comoros,COM,2015,110000.0,80000.0,0.0,10000.0,10000.0,20000.0,110000.0,50000.0,0.0,0.0,0.0
Comoros,COM,2016,110000.0,40000.0,0.0,10000.0,20000.0,20000.0,129999.0,50000.0,0.0,0.0,0.0
Comoros,COM,2017,110000.0,40000.0,0.0,10000.0,20000.0,20000.0,150000.0,80000.0,0.0,10000.0,20000.0
Comoros,COM,2018,110000.0,40000.0,0.0,10000.0,20000.0,20000.0,160000.0,90000.0,0.0,10000.0,20000.0
Comoros,COM,2019,110000.0,40000.0,0.0,20000.0,20000.0,20000.0,180000.0,100000.0,0.0,10000.0,20000.0
Comoros,COM,2020,110000.0,40000.0,0.0,20000.0,20000.0,20000.0,220000.0,120000.0,0.0,10000.0,20000.0
Comoros,COM,2021,110000.0,-10000.0,0.0,20000.0,30000.0,20000.0,330000.0,120000.0,0.0,30000.0,20000.0
Comoros,COM,2022,110000.0,-10000.0,0.0,20000.0,30000.0,20000.0,360000.0,120000.0,0.0,20000.0,20000.0
Comoros,COM,2023,110000.0,-10000.0,0.0,20000.0,30000.0,20000.0,300000.0,120000.0,0.0,30000.0,20000.0
Congo,COG,1990,2170000.0,9070000.0,280000.0,430000.0,40000.0,40000.0,519999.0,10000.0,7930000.0,0.0,80000.0
Congo,COG,1991,2170000.0,9070000.0,290000.0,440000.0,50000.0,60000.0,550000.0,0.0,7700000.0,0.0,60000.0
Congo,COG,1992,2170000.0,9070000.0,340000.0,450000.0,50000.0,50000.0,480000.0,10000.0,8010000.0,0.0,80000.0
Congo,COG,1993,2170000.0,9070000.0,390000.0,460000.0,50000.0,40000.0,480000.0,10000.0,7360000.0,0.0,60000.0
Congo,COG,1994,2180000.0,9070000.0,420000.0,430000.0,40000.0,30000.0,300000.0,0.0,6360000.0,0.0,60000.0
Congo,COG,1995,2180000.0,9060000.0,420000.0,430000.0,40000.0,30000.0,430000.0,10000.0,7180000.0,0.0,50000.0
Congo,COG,1996,950000.0,9150000.0,420000.0,440000.0,20000.0,30000.0,320000.0,10000.0,8840000.0,0.0,80000.0
Congo,COG,1997,1010000.0,9100000.0,420000.0,420000.0,10000.0,20000.0,250000.0,0.0,9740000.0,0.0,50000.0
Congo,COG,1998,1050000.0,9020000.0,420000.0,370000.0,0.0,0.0,320000.0,0.0,11410000.0,0.0,60000.0
Congo,COG,1999,1060000.0,9100000.0,420000.0,380000.0,0.0,0.0,310000.0,20000.0,11870000.0,0.0,50000.0
Congo,COG,2000,890000.0,8930000.0,430000.0,290000.0,10000.0,0.0,430000.0,0.0,12410000.0,0.0,80000.0
Congo,COG,2001,980000.0,8660000.0,450000.0,320000.0,10000.0,10000.0,560000.0,0.0,11670000.0,0.0,120000.0
Congo,COG,2002,1460000.0,8580000.0,460000.0,350000.0,20000.0,10000.0,430000.0,0.0,8520000.0,0.0,90000.0
Congo,COG,2003,2290000.0,8920000.0,480000.0,390000.0,30000.0,40000.0,610000.0,40000.0,8770000.0,0.0,100000.0
Congo,COG,2004,2430000.0,8810000.0,490000.0,360000.0,40000.0,20000.0,720000.0,40000.0,9430000.0,0.0,90000.0
Congo,COG,2005,2870000.0,8830000.0,510000.0,430000.0,80000.0,20000.0,740000.0,50000.0,11120000.0,0.0,110000.0
Congo,COG,2006,2930000.0,8930000.0,530000.0,730000.0,90000.0,30000.0,900000.0,50000.0,12300000.0,0.0,110000.0
Congo,COG,2007,2670000.0,8790000.0,550000.0,519999.0,100000.0,30000.0,980000.0,40000.0,9970000.0,0.0,240000.0
Congo,COG,2008,2720000.0,8760000.0,580000.0,570000.0,120000.0,70000.0,1200000.0,50000.0,10160000.0,0.0,280000.0
Congo,COG,2009,2550000.0,8770000.0,600000.0,630000.0,129999.0,60000.0,1310000.0,129999.0,11310000.0,0.0,160000.0
Congo,COG,2010,2950000.0,8950000.0,620000.0,690000.0,129999.0,30000.0,1510000.0,210000.0,12620000.0,0.0,140000.0
Congo,COG,2011,3060000.0,13370000.0,650000.0,1150000.0,129999.0,40000.0,1680000.0,300000.0,11720000.0,0.0,160000.0
Congo,COG,2012,2920000.0,13370000.0,670000.0,1190000.0,160000.0,120000.0,1660000.0,420000.0,8970000.0,0.0,150000.0
Congo,COG,2013,3090000.0,13370000.0,690000.0,1220000.0,210000.0,100000.0,1970000.0,420000.0,9590000.0,0.0,140000.0
Congo,COG,2014,2650000.0,13290000.0,710000.0,1240000.0,300000.0,70000.0,2079999.0,440000.0,9170000.0,0.0,129999.0
Congo,COG,2015,3040000.0,13490000.0,730000.0,1120000.0,390000.0,120000.0,1770000.0,1260000.0,8400000.0,0.0,160000.0
Congo,COG,2016,3060000.0,16570000.0,750000.0,1160000.0,510000.0,90000.0,1500000.0,1350000.0,7920000.0,0.0,129999.0
Congo,COG,2017,3010000.0,16219999.0,770000.0,1170000.0,560000.0,120000.0,1350000.0,1340000.0,8720000.0,0.0,100000.0
Congo,COG,2018,3090000.0,16500000.0,790000.0,1250000.0,440000.0,110000.0,1430000.0,1160000.0,11310000.0,0.0,100000.0
Congo,COG,2019,3060000.0,16559999.0,820000.0,1260000.0,470000.0,50000.0,1130000.0,1970000.0,11850000.0,0.0,60000.0
Congo,COG,2020,2680000.0,16430000.0,840000.0,1290000.0,440000.0,60000.0,1320000.0,2170000.0,11520000.0,0.0,70000.0
Congo,COG,2021,2610000.0,-3810000.0,860000.0,1310000.0,500000.0,60000.0,1340000.0,2210000.0,10070000.0,0.0,70000.0
Congo,COG,2022,3130000.0,-3570000.0,880000.0,1330000.0,570000.0,10000.0,1350000.0,2250000.0,11070000.0,0.0,90000.0
Congo,COG,2023,2600000.0,-3760000.0,900000.0,1380000.0,580000.0,10000.0,1660000.0,2079999.0,11100000.0,0.0,100000.0
Cook Islands,COK,1990,10000.0,-20000.0,,,0.0,,30000.0,10000.0,0.0,,20000.0
Cook Islands,COK,1991,10000.0,-20000.0,,,0.0,,30000.0,10000.0,0.0,,20000.0
Cook Islands,COK,1992,10000.0,-20000.0,,,0.0,,30000.0,10000.0,0.0,,20000.0
Cook Islands,COK,1993,10000.0,-20000.0,,,0.0,,30000.0,10000.0,0.0,,20000.0
Cook Islands,COK,1994,20000.0,-20000.0,30000.0,,0.0,,30000.0,10000.0,0.0,,20000.0
Cook Islands,COK,1995,20000.0,-20000.0,,,0.0,,30000.0,10000.0,0.0,,20000.0
Cook Islands,COK,1996,20000.0,-20000.0,,,0.0,,40000.0,20000.0,0.0,,10000.0
Cook Islands,COK,1997,20000.0,-20000.0,,,0.0,,40000.0,20000.0,0.0,,10000.0
Cook Islands,COK,1998,20000.0,-20000.0,,,0.0,,40000.0,20000.0,0.0,,10000.0
Cook Islands,COK,1999,20000.0,-20000.0,,,0.0,,40000.0,20000.0,0.0,,10000.0
Cook Islands,COK,2000,20000.0,-20000.0,,,0.0,,40000.0,20000.0,0.0,,10000.0
Cook Islands,COK,2001,20000.0,0.0,,,0.0,,30000.0,20000.0,0.0,,10000.0
Cook Islands,COK,2002,20000.0,0.0,,,0.0,,20000.0,20000.0,0.0,,10000.0
Cook Islands,COK,2003,20000.0,0.0,,,0.0,,30000.0,20000.0,0.0,,0.0
Cook Islands,COK,2004,20000.0,0.0,,,0.0,,30000.0,20000.0,0.0,,10000.0
Cook Islands,COK,2005,20000.0,0.0,,,0.0,,40000.0,20000.0,0.0,,20000.0
Cook Islands,COK,2006,20000.0,0.0,,,0.0,,40000.0,20000.0,0.0,,30000.0
Cook Islands,COK,2007,20000.0,0.0,,,0.0,,40000.0,30000.0,0.0,,20000.0
Cook Islands,COK,2008,20000.0,0.0,,,0.0,,40000.0,30000.0,0.0,,20000.0
Cook Islands,COK,2009,20000.0,0.0,,,0.0,,40000.0,20000.0,0.0,,20000.0
Cook Islands,COK,2010,20000.0,0.0,,,0.0,,50000.0,30000.0,0.0,,20000.0
Cook Islands,COK,2011,20000.0,0.0,,,0.0,,50000.0,30000.0,0.0,,30000.0
Cook Islands,COK,2012,20000.0,0.0,,,0.0,,60000.0,20000.0,0.0,,30000.0
Cook Islands,COK,2013,20000.0,0.0,,,0.0,,60000.0,20000.0,0.0,,30000.0
Cook Islands,COK,2014,20000.0,0.0,,,0.0,,60000.0,20000.0,0.0,,30000.0
Cook Islands,COK,2015,20000.0,0.0,,,0.0,,60000.0,20000.0,0.0,,30000.0
Cook Islands,COK,2016,20000.0,0.0,,,0.0,,60000.0,20000.0,0.0,,30000.0
Cook Islands,COK,2017,20000.0,0.0,,,0.0,,60000.0,20000.0,0.0,,30000.0
Cook Islands,COK,2018,20000.0,0.0,,,0.0,,60000.0,20000.0,0.0,,30000.0
Cook Islands,COK,2019,20000.0,0.0,,,0.0,,60000.0,20000.0,0.0,,30000.0
Cook Islands,COK,2020,20000.0,0.0,,,0.0,,50000.0,20000.0,0.0,,10000.0
Cook Islands,COK,2021,10000.0,0.0,,,0.0,,50000.0,20000.0,0.0,,10000.0
Cook Islands,COK,2022,10000.0,0.0,,,0.0,,60000.0,20000.0,0.0,,20000.0
Cook Islands,COK,2023,10000.0,0.0,,,0.0,,60000.0,30000.0,0.0,,20000.0
Costa Rica,CRI,1990,5160000.0,-3620000.0,610000.0,190000.0,360000.0,700000.0,1630000.0,190000.0,0.0,30000.0,259999.0
Costa Rica,CRI,1991,5170000.0,-3620000.0,710000.0,170000.0,410000.0,670000.0,1690000.0,259999.0,0.0,100000.0,190000.0
Costa Rica,CRI,1992,5110000.0,-3620000.0,810000.0,190000.0,400000.0,560000.0,2450000.0,670000.0,0.0,120000.0,380000.0
Costa Rica,CRI,1993,5070000.0,-3620000.0,910000.0,190000.0,480000.0,580000.0,2530000.0,500000.0,0.0,160000.0,510000.0
Costa Rica,CRI,1994,4680000.0,-3620000.0,1000000.0,200000.0,500000.0,660000.0,2660000.0,900000.0,0.0,170000.0,460000.0
Costa Rica,CRI,1995,4190000.0,-3620000.0,1100000.0,210000.0,470000.0,680000.0,2650000.0,860000.0,0.0,180000.0,690000.0
Costa Rica,CRI,1996,4190000.0,-3640000.0,1200000.0,250000.0,480000.0,670000.0,2670000.0,519999.0,0.0,220000.0,700000.0
Costa Rica,CRI,1997,4159999.0,-3620000.0,1320000.0,220000.0,510000.0,720000.0,2740000.0,290000.0,0.0,240000.0,580000.0
Costa Rica,CRI,1998,4210000.0,-3600000.0,1450000.0,230000.0,560000.0,770000.0,3030000.0,370000.0,0.0,250000.0,690000.0
Costa Rica,CRI,1999,3890000.0,-3630000.0,1570000.0,259999.0,600000.0,810000.0,3150000.0,129999.0,0.0,320000.0,760000.0
Costa Rica,CRI,2000,3690000.0,-3630000.0,1690000.0,230000.0,530000.0,870000.0,3050000.0,60000.0,0.0,410000.0,710000.0
Costa Rica,CRI,2001,3480000.0,-1160000.0,1720000.0,240000.0,610000.0,920000.0,3250000.0,190000.0,0.0,440000.0,670000.0
Costa Rica,CRI,2002,3360000.0,-1190000.0,1740000.0,280000.0,650000.0,750000.0,3590000.0,180000.0,0.0,360000.0,890000.0
Costa Rica,CRI,2003,3370000.0,-1180000.0,1760000.0,240000.0,650000.0,980000.0,3680000.0,230000.0,0.0,360000.0,480000.0
Costa Rica,CRI,2004,3160000.0,-1190000.0,1790000.0,350000.0,830000.0,950000.0,3950000.0,129999.0,0.0,160000.0,660000.0
Costa Rica,CRI,2005,3320000.0,-1200000.0,1810000.0,330000.0,1060000.0,1000000.0,3860000.0,290000.0,0.0,210000.0,940000.0
Costa Rica,CRI,2006,3260000.0,-1200000.0,1860000.0,380000.0,890000.0,1030000.0,4070000.0,570000.0,0.0,220000.0,850000.0
Costa Rica,CRI,2007,3530000.0,-1150000.0,1910000.0,360000.0,1280000.0,1250000.0,4370000.0,740000.0,0.0,220000.0,900000.0
Costa Rica,CRI,2008,3750000.0,-1210000.0,1960000.0,350000.0,1250000.0,1200000.0,4480000.0,680000.0,0.0,220000.0,790000.0
Costa Rica,CRI,2009,3590000.0,-1190000.0,2000000.0,330000.0,1290000.0,1070000.0,4540000.0,440000.0,0.0,230000.0,590000.0
Costa Rica,CRI,2010,3730000.0,-1190000.0,2050000.0,350000.0,1039999.0,1060000.0,4670000.0,610000.0,0.0,150000.0,590000.0
Costa Rica,CRI,2011,4000000.0,-6050000.0,2089999.0,310000.0,1100000.0,1160000.0,4790000.0,680000.0,0.0,180000.0,600000.0
Costa Rica,CRI,2012,3850000.0,-6000000.0,2160000.0,300000.0,1110000.0,1140000.0,4910000.0,590000.0,0.0,190000.0,550000.0
Costa Rica,CRI,2013,3920000.0,-5990000.0,2220000.0,310000.0,1140000.0,1090000.0,4990000.0,860000.0,0.0,200000.0,500000.0
Costa Rica,CRI,2014,3790000.0,-6040000.0,2280000.0,310000.0,1170000.0,1080000.0,5090000.0,780000.0,0.0,220000.0,500000.0
Costa Rica,CRI,2015,3900000.0,-5990000.0,2370000.0,320000.0,1220000.0,1060000.0,5440000.0,100000.0,0.0,220000.0,540000.0
Costa Rica,CRI,2016,4170000.0,-1300000.0,2520000.0,330000.0,1120000.0,1230000.0,5890000.0,140000.0,0.0,170000.0,610000.0
Costa Rica,CRI,2017,4270000.0,-1340000.0,2480000.0,340000.0,1210000.0,1310000.0,6010000.0,40000.0,0.0,180000.0,610000.0
Costa Rica,CRI,2018,4500000.0,-1340000.0,2490000.0,360000.0,1230000.0,1220000.0,6020000.0,110000.0,0.0,150000.0,670000.0
Costa Rica,CRI,2019,4590000.0,-1340000.0,2560000.0,390000.0,1230000.0,1000000.0,6120000.0,80000.0,0.0,129999.0,720000.0
Costa Rica,CRI,2020,4179999.0,-1340000.0,2590000.0,390000.0,1180000.0,1130000.0,5110000.0,20000.0,0.0,129999.0,310000.0
Costa Rica,CRI,2021,5530000.0,-1390000.0,2630000.0,430000.0,1270000.0,1240000.0,5830000.0,10000.0,0.0,150000.0,550000.0
Costa Rica,CRI,2022,4770000.0,-1310000.0,2670000.0,460000.0,1350000.0,1230000.0,5850000.0,90000.0,0.0,200000.0,770000.0
Costa Rica,CRI,2023,5670000.0,-1400000.0,2780000.0,400000.0,1400000.0,870000.0,6160000.0,460000.0,0.0,610000.0,820000.0
Cote d'Ivoire,CIV,1990,4840000.0,78430000.0,800000.0,2120000.0,20000.0,400000.0,1220000.0,590000.0,20000.0,140000.0,390000.0
Cote d'Ivoire,CIV,1991,4970000.0,78430000.0,3550000.0,2200000.0,30000.0,420000.0,1210000.0,630000.0,10000.0,150000.0,550000.0
Cote d'Ivoire,CIV,1992,5070000.0,78430000.0,6310000.0,2240000.0,30000.0,420000.0,1170000.0,690000.0,50000.0,140000.0,590000.0
Cote d'Ivoire,CIV,1993,5050000.0,78430000.0,9070000.0,2290000.0,30000.0,430000.0,1130000.0,910000.0,50000.0,140000.0,550000.0
Cote d'Ivoire,CIV,1994,5240000.0,78420000.0,11830000.0,2340000.0,40000.0,430000.0,1120000.0,1050000.0,60000.0,129999.0,600000.0
Cote d'Ivoire,CIV,1995,5340000.0,78580000.0,12070000.0,2420000.0,40000.0,450000.0,1260000.0,1020000.0,270000.0,160000.0,530000.0
Cote d'Ivoire,CIV,1996,5120000.0,78600000.0,12310000.0,2540000.0,40000.0,530000.0,1290000.0,1490000.0,530000.0,150000.0,580000.0
Cote d'Ivoire,CIV,1997,5310000.0,78850000.0,12560000.0,2630000.0,50000.0,610000.0,1410000.0,2130000.0,590000.0,180000.0,580000.0
Cote d'Ivoire,CIV,1998,5340000.0,79300000.0,12800000.0,2670000.0,50000.0,510000.0,1240000.0,2470000.0,530000.0,150000.0,590000.0
Cote d'Ivoire,CIV,1999,5230000.0,79310000.0,13050000.0,2800000.0,60000.0,760000.0,1460000.0,2510000.0,590000.0,1460000.0,620000.0
Cote d'Ivoire,CIV,2000,5410000.0,79150000.0,13290000.0,2860000.0,60000.0,750000.0,1320000.0,2370000.0,610000.0,1380000.0,670000.0
Cote d'Ivoire,CIV,2001,5730000.0,44590000.0,12360000.0,2830000.0,760000.0,730000.0,1290000.0,2470000.0,750000.0,1290000.0,620000.0
Cote d'Ivoire,CIV,2002,6510000.0,44000000.0,11430000.0,2940000.0,1450000.0,690000.0,1450000.0,2640000.0,1270000.0,1070000.0,610000.0
Cote d'Ivoire,CIV,2003,6330000.0,44030000.0,10500000.0,2930000.0,2150000.0,519999.0,1060000.0,2190000.0,700000.0,890000.0,570000.0
Cote d'Ivoire,CIV,2004,5090000.0,43980000.0,9570000.0,3930000.0,2850000.0,540000.0,1170000.0,2330000.0,530000.0,830000.0,570000.0
Cote d'Ivoire,CIV,2005,6610000.0,43980000.0,8640000.0,4010000.0,3540000.0,380000.0,1250000.0,3140000.0,710000.0,500000.0,640000.0
Cote d'Ivoire,CIV,2006,6250000.0,43970000.0,7700000.0,4130000.0,4440000.0,530000.0,1310000.0,2340000.0,910000.0,870000.0,440000.0
Cote d'Ivoire,CIV,2007,6390000.0,44090000.0,6770000.0,4090000.0,5350000.0,420000.0,1320000.0,2460000.0,860000.0,900000.0,500000.0
Cote d'Ivoire,CIV,2008,5930000.0,43980000.0,5840000.0,4240000.0,6250000.0,570000.0,1590000.0,2850000.0,870000.0,680000.0,390000.0
Cote d'Ivoire,CIV,2009,5770000.0,43980000.0,4910000.0,3930000.0,7150000.0,1060000.0,1580000.0,2520000.0,880000.0,190000.0,220000.0
Cote d'Ivoire,CIV,2010,5710000.0,43980000.0,3980000.0,4410000.0,8050000.0,970000.0,1510000.0,2920000.0,880000.0,200000.0,230000.0
Cote d'Ivoire,CIV,2011,5970000.0,41620000.0,3050000.0,4850000.0,8380000.0,910000.0,1620000.0,2800000.0,860000.0,200000.0,200000.0
Cote d'Ivoire,CIV,2012,6150000.0,41730000.0,2120000.0,5090000.0,8710000.0,1000000.0,2410000.0,3640000.0,870000.0,280000.0,230000.0
Cote d'Ivoire,CIV,2013,6620000.0,41630000.0,2170000.0,5440000.0,9040000.0,1290000.0,2610000.0,3610000.0,800000.0,300000.0,230000.0
Cote d'Ivoire,CIV,2014,5790000.0,41620000.0,2220000.0,5550000.0,9370000.0,1330000.0,2760000.0,3930000.0,770000.0,300000.0,330000.0
Cote d'Ivoire,CIV,2015,6020000.0,41620000.0,2280000.0,4360000.0,9700000.0,1440000.0,3230000.0,3960000.0,820000.0,350000.0,630000.0
Cote d'Ivoire,CIV,2016,7190000.0,21690000.0,2330000.0,4350000.0,11120000.0,800000.0,3930000.0,3550000.0,930000.0,340000.0,780000.0
Cote d'Ivoire,CIV,2017,6330000.0,21680000.0,2390000.0,4750000.0,12540000.0,1560000.0,3660000.0,3910000.0,960000.0,360000.0,760000.0
Cote d'Ivoire,CIV,2018,6340000.0,21670000.0,2460000.0,4430000.0,13960000.0,1260000.0,4060000.0,3580000.0,790000.0,210000.0,740000.0
Cote d'Ivoire,CIV,2019,6320000.0,21670000.0,2520000.0,4730000.0,15380000.0,1650000.0,4340000.0,3680000.0,830000.0,220000.0,830000.0
Cote d'Ivoire,CIV,2020,6550000.0,21700000.0,2590000.0,4980000.0,16790000.0,1120000.0,4260000.0,4050000.0,760000.0,230000.0,470000.0
Cote d'Ivoire,CIV,2021,6630000.0,31250000.0,2660000.0,5950000.0,17780000.0,1350000.0,6960000.0,4650000.0,670000.0,280000.0,630000.0
Cote d'Ivoire,CIV,2022,6970000.0,31260000.0,2730000.0,6200000.0,18770000.0,1120000.0,7590000.0,4770000.0,720000.0,380000.0,770000.0
Cote d'Ivoire,CIV,2023,7200000.0,31260000.0,2800000.0,6550000.0,19760000.0,1110000.0,7900000.0,5410000.0,770000.0,530000.0,890000.0
Croatia,HRV,1990,4310000.0,-840000.0,1090000.0,2650000.0,1850000.0,5390000.0,3670000.0,7890000.0,490000.0,1300000.0,590000.0
Croatia,HRV,1991,4080000.0,-840000.0,1100000.0,2470000.0,1420000.0,3700000.0,2930000.0,5500000.0,410000.0,830000.0,100000.0
Croatia,HRV,1992,3810000.0,-840000.0,1120000.0,1960000.0,1670000.0,2950000.0,2770000.0,6130000.0,510000.0,820000.0,70000.0
Croatia,HRV,1993,3480000.0,-840000.0,1140000.0,2220000.0,1330000.0,2790000.0,2900000.0,6440000.0,380000.0,810000.0,180000.0
Croatia,HRV,1994,3360000.0,-840000.0,1160000.0,2300000.0,1540000.0,2930000.0,3100000.0,5150000.0,340000.0,740000.0,360000.0
Croatia,HRV,1995,3190000.0,-840000.0,1180000.0,2530000.0,1310000.0,2680000.0,3300000.0,5770000.0,340000.0,740000.0,350000.0
Croatia,HRV,1996,3110000.0,-840000.0,1190000.0,2860000.0,1330000.0,2770000.0,3690000.0,5530000.0,330000.0,760000.0,380000.0
Croatia,HRV,1997,3370000.0,-830000.0,1230000.0,2830000.0,1480000.0,3020000.0,3910000.0,5980000.0,320000.0,770000.0,310000.0
Croatia,HRV,1998,3010000.0,-770000.0,1240000.0,2890000.0,1400000.0,3020000.0,4050000.0,6620000.0,300000.0,820000.0,340000.0
Croatia,HRV,1999,3070000.0,-840000.0,1290000.0,3110000.0,1750000.0,2890000.0,4340000.0,6760000.0,280000.0,850000.0,310000.0
Croatia,HRV,2000,3040000.0,-830000.0,1330000.0,2920000.0,1980000.0,2850000.0,4430000.0,6180000.0,270000.0,870000.0,259999.0
Croatia,HRV,2001,3000000.0,-820000.0,1350000.0,3230000.0,2079999.0,3090000.0,4490000.0,6690000.0,290000.0,810000.0,290000.0
Croatia,HRV,2002,3160000.0,-820000.0,1390000.0,3360000.0,2060000.0,2950000.0,4800000.0,7520000.0,290000.0,750000.0,270000.0
Croatia,HRV,2003,3100000.0,-820000.0,1430000.0,3640000.0,2060000.0,3010000.0,5210000.0,8180000.0,290000.0,770000.0,250000.0
Croatia,HRV,2004,3410000.0,-820000.0,1490000.0,3600000.0,2270000.0,3430000.0,5350000.0,7100000.0,290000.0,710000.0,290000.0
Croatia,HRV,2005,3250000.0,-820000.0,1480000.0,3640000.0,2350000.0,3530000.0,5560000.0,7100000.0,290000.0,720000.0,340000.0
Croatia,HRV,2006,3680000.0,-820000.0,1570000.0,3350000.0,2490000.0,3670000.0,5920000.0,6900000.0,310000.0,730000.0,330000.0
Croatia,HRV,2007,3690000.0,-820000.0,1650000.0,3040000.0,2650000.0,3680000.0,6360000.0,8029999.0,320000.0,710000.0,350000.0
Croatia,HRV,2008,3870000.0,-820000.0,1740000.0,3080000.0,2640000.0,3700000.0,6290000.0,6930000.0,310000.0,760000.0,390000.0
Croatia,HRV,2009,2920000.0,-820000.0,1790000.0,3160000.0,2290000.0,3010000.0,6250000.0,6500000.0,300000.0,740000.0,290000.0
Croatia,HRV,2010,2940000.0,-820000.0,1840000.0,3270000.0,2500000.0,2850000.0,6000000.0,6030000.0,300000.0,730000.0,320000.0
Croatia,HRV,2011,3070000.0,-1490000.0,1880000.0,3000000.0,2420000.0,2640000.0,5890000.0,6300000.0,280000.0,740000.0,390000.0
Croatia,HRV,2012,2890000.0,-1510000.0,1880000.0,2740000.0,2360000.0,2300000.0,5680000.0,5580000.0,240000.0,680000.0,350000.0
Croatia,HRV,2013,2640000.0,-1520000.0,1860000.0,2600000.0,2160000.0,2280000.0,5760000.0,5180000.0,230000.0,660000.0,380000.0
Croatia,HRV,2014,2640000.0,-1510000.0,1910000.0,2280000.0,2350000.0,2230000.0,5700000.0,4680000.0,220000.0,670000.0,380000.0
Croatia,HRV,2015,2660000.0,-1510000.0,1960000.0,2540000.0,2420000.0,2160000.0,6020000.0,4680000.0,230000.0,660000.0,360000.0
Croatia,HRV,2016,2610000.0,-4790000.0,1990000.0,2590000.0,2290000.0,2150000.0,6230000.0,4770000.0,230000.0,660000.0,390000.0
Croatia,HRV,2017,2740000.0,-4790000.0,2010000.0,2620000.0,2630000.0,2320000.0,6710000.0,4420000.0,230000.0,660000.0,470000.0
Croatia,HRV,2018,2620000.0,-4790000.0,1980000.0,2510000.0,2640000.0,2340000.0,6470000.0,3810000.0,210000.0,670000.0,620000.0
Croatia,HRV,2019,2610000.0,-4790000.0,1960000.0,2400000.0,2730000.0,2330000.0,6660000.0,3860000.0,190000.0,670000.0,680000.0
Croatia,HRV,2020,2600000.0,-4780000.0,1970000.0,2440000.0,2880000.0,2350000.0,5830000.0,3660000.0,180000.0,710000.0,230000.0
Croatia,HRV,2021,2580000.0,-4050000.0,1840000.0,2600000.0,2910000.0,2380000.0,6310000.0,3710000.0,170000.0,710000.0,370000.0
Croatia,HRV,2022,2390000.0,-4040000.0,1850000.0,2420000.0,2880000.0,2290000.0,6780000.0,4030000.0,160000.0,720000.0,620000.0
Croatia,HRV,2023,2290000.0,-4050000.0,1900000.0,2280000.0,3050000.0,2450000.0,7630000.0,4010000.0,160000.0,710000.0,670000.0
Cuba,CUB,1990,14530000.0,-6890000.0,3440000.0,2340000.0,1890000.0,11150000.0,5200000.0,12890000.0,259999.0,3170000.0,1050000.0
Cuba,CUB,1991,14190000.0,-6890000.0,3370000.0,2240000.0,1200000.0,7670000.0,3810000.0,11090000.0,200000.0,2270000.0,930000.0
Cuba,CUB,1992,14150000.0,-6890000.0,3290000.0,1650000.0,830000.0,6350000.0,2660000.0,9120000.0,259999.0,1990000.0,690000.0
Cuba,CUB,1993,12870000.0,-6890000.0,3220000.0,1170000.0,760000.0,5910000.0,1990000.0,9260000.0,300000.0,1720000.0,650000.0
Cuba,CUB,1994,13290000.0,-6890000.0,3150000.0,1070000.0,720000.0,6190000.0,1940000.0,10470000.0,340000.0,1860000.0,560000.0
Cuba,CUB,1995,12830000.0,-6890000.0,3070000.0,1060000.0,920000.0,6800000.0,2020000.0,11040000.0,370000.0,1870000.0,580000.0
Cuba,CUB,1996,13320000.0,-6890000.0,3000000.0,1050000.0,930000.0,7510000.0,2250000.0,11590000.0,490000.0,2380000.0,900000.0
Cuba,CUB,1997,13270000.0,-6900000.0,2930000.0,930000.0,1170000.0,9550000.0,2820000.0,10940000.0,500000.0,2560000.0,1010000.0
Cuba,CUB,1998,13060000.0,-6850000.0,2850000.0,820000.0,1070000.0,10070000.0,2550000.0,10810000.0,660000.0,2170000.0,1020000.0
Cuba,CUB,1999,12380000.0,-6830000.0,2780000.0,930000.0,1120000.0,11410000.0,2410000.0,10360000.0,810000.0,2180000.0,890000.0
Cuba,CUB,2000,12210000.0,-6810000.0,2710000.0,1140000.0,1050000.0,11180000.0,2220000.0,10950000.0,960000.0,2230000.0,710000.0
Cuba,CUB,2001,12090000.0,-17630000.0,2770000.0,1030000.0,990000.0,11940000.0,2270000.0,9660000.0,1010000.0,1950000.0,640000.0
Cuba,CUB,2002,11880000.0,-17610000.0,2840000.0,880000.0,1200000.0,8000000.0,2110000.0,12890000.0,1160000.0,1690000.0,750000.0
Cuba,CUB,2003,11830000.0,-17650000.0,1350000.0,1100000.0,1160000.0,5780000.0,1940000.0,13480000.0,1210000.0,2480000.0,519999.0
Cuba,CUB,2004,11430000.0,-17620000.0,1360000.0,1710000.0,1200000.0,5090000.0,2020000.0,13290000.0,1110000.0,2400000.0,620000.0
Cuba,CUB,2005,10550000.0,-17560000.0,1360000.0,1390000.0,1380000.0,6400000.0,1960000.0,13070000.0,1030000.0,2440000.0,610000.0
Cuba,CUB,2006,10960000.0,-17590000.0,1380000.0,860000.0,1470000.0,7810000.0,1880000.0,13080000.0,1090000.0,2010000.0,650000.0
Cuba,CUB,2007,10960000.0,-17620000.0,1380000.0,640000.0,1540000.0,8229999.0,1890000.0,13470000.0,1090000.0,2210000.0,630000.0
Cuba,CUB,2008,11190000.0,-17640000.0,1390000.0,670000.0,1490000.0,7190000.0,1860000.0,13800000.0,1100000.0,2069999.0,540000.0
Cuba,CUB,2009,11770000.0,-17560000.0,1400000.0,660000.0,1470000.0,6890000.0,1450000.0,14150000.0,1050000.0,2800000.0,1970000.0
Cuba,CUB,2010,11760000.0,-17630000.0,1400000.0,630000.0,1410000.0,7670000.0,1280000.0,14250000.0,1000000.0,3400000.0,2870000.0
Cuba,CUB,2011,12120000.0,-3540000.0,1410000.0,660000.0,1440000.0,6840000.0,1250000.0,14970000.0,990000.0,3020000.0,2390000.0
Cuba,CUB,2012,12060000.0,-3590000.0,1410000.0,650000.0,1470000.0,7330000.0,1090000.0,15570000.0,970000.0,3180000.0,2670000.0
Cuba,CUB,2013,12160000.0,-3580000.0,1410000.0,660000.0,1460000.0,7350000.0,1270000.0,15560000.0,1000000.0,3130000.0,2480000.0
Cuba,CUB,2014,12140000.0,-3610000.0,1410000.0,610000.0,1260000.0,4660000.0,1430000.0,16200001.0,1080000.0,3070000.0,2430000.0
Cuba,CUB,2015,11460000.0,-3550000.0,1410000.0,610000.0,1230000.0,6560000.0,1550000.0,16730000.0,1039999.0,3100000.0,2310000.0
Cuba,CUB,2016,11610000.0,-4750000.0,1420000.0,650000.0,1260000.0,5230000.0,1550000.0,16500000.0,880000.0,2590000.0,1740000.0
Cuba,CUB,2017,11120000.0,-4710000.0,1410000.0,660000.0,1260000.0,5770000.0,1690000.0,14860000.0,760000.0,2820000.0,1790000.0
Cuba,CUB,2018,11130000.0,-4750000.0,1420000.0,690000.0,1350000.0,6040000.0,1660000.0,15100000.0,760000.0,2590000.0,1450000.0
Cuba,CUB,2019,11000000.0,-4760000.0,1420000.0,710000.0,1290000.0,5430000.0,1500000.0,14280000.0,720000.0,2430000.0,1350000.0
Cuba,CUB,2020,10260000.0,-4640000.0,1410000.0,690000.0,1140000.0,5380000.0,1240000.0,11480000.0,650000.0,2430000.0,1730000.0
Cuba,CUB,2021,9910000.0,5540000.0,1410000.0,700000.0,1090000.0,6360000.0,1230000.0,10730000.0,690000.0,2220000.0,1150000.0
Cuba,CUB,2022,9430000.0,5500000.0,1410000.0,730000.0,1060000.0,6260000.0,1440000.0,11710000.0,700000.0,1540000.0,1050000.0
Cuba,CUB,2023,9160000.0,5630000.0,1410000.0,740000.0,1100000.0,5970000.0,1590000.0,9500000.0,680000.0,1460000.0,1020000.0
Cyprus,CYP,1990,370000.0,-70000.0,440000.0,180000.0,670000.0,800000.0,1190000.0,1780000.0,0.0,0.0,930000.0
Cyprus,CYP,1991,380000.0,-70000.0,440000.0,180000.0,650000.0,1300000.0,1190000.0,1840000.0,0.0,0.0,1070000.0
Cyprus,CYP,1992,420000.0,-70000.0,450000.0,220000.0,720000.0,1130000.0,1340000.0,2140000.0,0.0,0.0,1050000.0
Cyprus,CYP,1993,420000.0,-70000.0,460000.0,200000.0,780000.0,1200000.0,1360000.0,2270000.0,0.0,0.0,890000.0
Cyprus,CYP,1994,420000.0,-70000.0,470000.0,200000.0,820000.0,1220000.0,1410000.0,2390000.0,0.0,0.0,950000.0
Cyprus,CYP,1995,430000.0,-70000.0,480000.0,210000.0,790000.0,1240000.0,1500000.0,2190000.0,0.0,0.0,1039999.0
Cyprus,CYP,1996,440000.0,-70000.0,490000.0,210000.0,860000.0,1380000.0,1550000.0,2300000.0,0.0,0.0,1080000.0
Cyprus,CYP,1997,420000.0,-70000.0,500000.0,220000.0,830000.0,1300000.0,1620000.0,2430000.0,0.0,0.0,1090000.0
Cyprus,CYP,1998,430000.0,-70000.0,500000.0,220000.0,800000.0,1330000.0,1690000.0,2670000.0,0.0,0.0,1130000.0
Cyprus,CYP,1999,430000.0,-70000.0,510000.0,210000.0,810000.0,1370000.0,1740000.0,2850000.0,0.0,0.0,1330000.0
Cyprus,CYP,2000,420000.0,-70000.0,519999.0,230000.0,840000.0,1410000.0,1780000.0,2990000.0,0.0,0.0,1470000.0
Cyprus,CYP,2001,450000.0,-259999.0,530000.0,230000.0,830000.0,1350000.0,1840000.0,2880000.0,0.0,0.0,1610000.0
Cyprus,CYP,2002,490000.0,-259999.0,540000.0,259999.0,860000.0,1340000.0,1820000.0,3030000.0,0.0,0.0,1400000.0
Cyprus,CYP,2003,470000.0,-259999.0,540000.0,270000.0,860000.0,1380000.0,1930000.0,3560000.0,0.0,0.0,1420000.0
Cyprus,CYP,2004,450000.0,-259999.0,550000.0,240000.0,930000.0,1410000.0,2030000.0,3340000.0,0.0,0.0,1110000.0
Cyprus,CYP,2005,410000.0,-259999.0,560000.0,470000.0,930000.0,1010000.0,2069999.0,3530000.0,0.0,90000.0,1850000.0
Cyprus,CYP,2006,420000.0,-259999.0,560000.0,580000.0,980000.0,890000.0,2060000.0,3600000.0,0.0,110000.0,1900000.0
Cyprus,CYP,2007,410000.0,-259999.0,560000.0,550000.0,990000.0,910000.0,2200000.0,3790000.0,0.0,110000.0,1790000.0
Cyprus,CYP,2008,400000.0,-259999.0,570000.0,510000.0,1020000.0,900000.0,2250000.0,3960000.0,0.0,129999.0,1720000.0
Cyprus,CYP,2009,410000.0,-259999.0,580000.0,550000.0,890000.0,780000.0,2250000.0,4010000.0,0.0,100000.0,1540000.0
Cyprus,CYP,2010,430000.0,-259999.0,580000.0,490000.0,790000.0,680000.0,2300000.0,3850000.0,0.0,100000.0,1450000.0
Cyprus,CYP,2011,430000.0,-320000.0,580000.0,540000.0,800000.0,570000.0,2230000.0,3710000.0,0.0,110000.0,1570000.0
Cyprus,CYP,2012,420000.0,-320000.0,590000.0,519999.0,770000.0,470000.0,2050000.0,3520000.0,0.0,100000.0,1470000.0
Cyprus,CYP,2013,380000.0,-320000.0,600000.0,440000.0,1020000.0,540000.0,1850000.0,2810000.0,0.0,100000.0,1510000.0
Cyprus,CYP,2014,380000.0,-320000.0,610000.0,390000.0,1250000.0,690000.0,1800000.0,2920000.0,0.0,110000.0,1480000.0
Cyprus,CYP,2015,390000.0,-320000.0,610000.0,450000.0,1170000.0,610000.0,1870000.0,3010000.0,0.0,110000.0,1520000.0
Cyprus,CYP,2016,390000.0,-240000.0,620000.0,450000.0,1190000.0,610000.0,1980000.0,3260000.0,0.0,100000.0,1750000.0
Cyprus,CYP,2017,410000.0,-240000.0,620000.0,450000.0,1250000.0,630000.0,2060000.0,3270000.0,0.0,110000.0,1760000.0
Cyprus,CYP,2018,390000.0,-240000.0,630000.0,380000.0,1190000.0,560000.0,2069999.0,3310000.0,0.0,110000.0,1840000.0
Cyprus,CYP,2019,400000.0,-240000.0,640000.0,460000.0,1150000.0,570000.0,2089999.0,3250000.0,0.0,110000.0,1830000.0
Cyprus,CYP,2020,440000.0,-240000.0,640000.0,420000.0,1250000.0,590000.0,1820000.0,3010000.0,0.0,110000.0,1170000.0
Cyprus,CYP,2021,420000.0,-259999.0,640000.0,400000.0,1270000.0,570000.0,1960000.0,3070000.0,0.0,110000.0,1290000.0
Cyprus,CYP,2022,400000.0,-259999.0,650000.0,430000.0,1290000.0,580000.0,1930000.0,3100000.0,0.0,110000.0,1720000.0
Cyprus,CYP,2023,280000.0,-259999.0,670000.0,380000.0,1310000.0,590000.0,2030000.0,3050000.0,0.0,100000.0,1670000.0
Czechia,CZE,1990,13860000.0,-150000.0,3300000.0,24820000.0,1390000.0,46890000.0,7120000.0,70600000.0,13380000.0,5890000.0,660000.0
Czechia,CZE,1991,12220000.0,-150000.0,3460000.0,23670000.0,1050000.0,37220000.0,6330000.0,69170000.0,12340000.0,5340000.0,470000.0
Czechia,CZE,1992,11000000.0,-150000.0,3440000.0,16570000.0,3680000.0,40250000.0,8120000.0,67100000.0,11360000.0,4139999.0,540000.0
Czechia,CZE,1993,9720000.0,-150000.0,3500000.0,15890000.0,3240000.0,33169998.0,8160000.0,65190004.0,11710000.0,8130000.0,440000.0
Czechia,CZE,1994,8860000.0,-150000.0,3640000.0,15200000.0,3450000.0,27520000.0,8760000.0,65470000.0,11040000.0,7670000.0,540000.0
Czechia,CZE,1995,8430000.0,-150000.0,3610000.0,15910000.0,3400000.0,26620000.0,7450000.0,68180000.0,10900000.0,5820000.0,570000.0
Czechia,CZE,1996,8460000.0,-150000.0,3640000.0,16920000.0,3610000.0,25480000.0,10370000.0,73060000.0,10940000.0,2050000.0,410000.0
Czechia,CZE,1997,7920000.0,-150000.0,3750000.0,15540000.0,3780000.0,24880000.0,10690000.0,71950000.0,10630000.0,2330000.0,380000.0
Czechia,CZE,1998,7440000.0,-150000.0,3870000.0,14140000.0,3980000.0,23300000.0,10980000.0,68380000.0,10160000.0,2170000.0,360000.0
Czechia,CZE,1999,7270000.0,-150000.0,3870000.0,13190000.0,3820000.0,20000000.0,12080000.0,63420000.0,9190000.0,2940000.0,410000.0
Czechia,CZE,2000,7240000.0,-150000.0,3930000.0,13280000.0,4070000.0,24190000.0,12200000.0,71220000.0,8220000.0,3180000.0,490000.0
Czechia,CZE,2001,7510000.0,-790000.0,4050000.0,14530000.0,3960000.0,22500000.0,13080000.0,71750000.0,7480000.0,2140000.0,490000.0
Czechia,CZE,2002,6550000.0,-790000.0,4130000.0,13540000.0,3700000.0,20600000.0,13640000.0,70260000.0,7200000.0,2060000.0,500000.0
Czechia,CZE,2003,6480000.0,-800000.0,4220000.0,15010000.0,3900000.0,20730000.0,15510000.0,70050000.0,7070000.0,1940000.0,610000.0
Czechia,CZE,2004,6400000.0,-800000.0,4159999.0,15000000.0,4310000.0,20850000.0,16240000.0,69900000.0,6770000.0,1540000.0,870000.0
Czechia,CZE,2005,6270000.0,-800000.0,4190000.0,12610000.0,4280000.0,20290000.0,17550000.0,69540000.0,7310000.0,1620000.0,950000.0
Czechia,CZE,2006,6170000.0,-800000.0,4230000.0,13310000.0,4570000.0,19870000.0,17860000.0,69550000.0,7550000.0,1610000.0,1010000.0
Czechia,CZE,2007,6310000.0,-800000.0,4170000.0,11570000.0,5080000.0,18210000.0,18840000.0,73630000.0,7050000.0,1520000.0,1030000.0
Czechia,CZE,2008,6240000.0,-800000.0,4330000.0,12010000.0,5270000.0,17340000.0,18700000.0,68480000.0,6940000.0,1590000.0,1070000.0
Czechia,CZE,2009,6030000.0,-800000.0,4440000.0,11950000.0,4730000.0,16780000.0,18080000.0,64930000.0,6120000.0,1410000.0,1020000.0
Czechia,CZE,2010,5960000.0,-800000.0,4580000.0,14000000.0,4750000.0,13390000.0,17030000.0,68380000.0,6170000.0,1450000.0,940000.0
Czechia,CZE,2011,6030000.0,-2240000.0,4590000.0,12720000.0,5160000.0,12870000.0,16910000.0,67170000.0,6130000.0,1450000.0,930000.0
Czechia,CZE,2012,6420000.0,-2240000.0,4620000.0,12840000.0,5130000.0,12650000.0,16559999.0,63910000.0,5870000.0,1450000.0,880000.0
Czechia,CZE,2013,6450000.0,-2240000.0,4660000.0,12950000.0,4900000.0,11860000.0,16420000.0,60550000.0,4910000.0,1450000.0,850000.0
Czechia,CZE,2014,6550000.0,-2240000.0,4600000.0,11330000.0,5280000.0,11640000.0,16940000.0,58780000.0,4900000.0,1420000.0,880000.0
Czechia,CZE,2015,6960000.0,-2240000.0,4660000.0,11710000.0,5590000.0,11800000.0,17760000.0,58610000.0,4740000.0,1390000.0,880000.0
Czechia,CZE,2016,7040000.0,-2240000.0,4650000.0,12290000.0,5860000.0,11540000.0,18460000.0,59350000.0,4290000.0,1340000.0,950000.0
Czechia,CZE,2017,6760000.0,-2230000.0,4670000.0,12540000.0,6090000.0,12310000.0,19000000.0,58270000.0,3930000.0,1410000.0,1060000.0
Czechia,CZE,2018,6530000.0,-2230000.0,4720000.0,11800000.0,6260000.0,12520000.0,19140000.0,57830000.0,3670000.0,1300000.0,1230000.0
Czechia,CZE,2019,6460000.0,-2230000.0,4770000.0,11210000.0,6360000.0,11820000.0,19370000.0,53750000.0,3290000.0,1330000.0,1250000.0
Czechia,CZE,2020,6170000.0,-2230000.0,4760000.0,11010000.0,6150000.0,11980000.0,18040000.0,46610000.0,2570000.0,1340000.0,340000.0
Czechia,CZE,2021,6200000.0,-2230000.0,4790000.0,11540000.0,6420000.0,12920000.0,19240000.0,48960000.0,2570000.0,1290000.0,460000.0
Czechia,CZE,2022,6450000.0,-2230000.0,4870000.0,10430000.0,6460000.0,11690000.0,19720000.0,49490000.0,2330000.0,1160000.0,790000.0
Czechia,CZE,2023,5880000.0,-2230000.0,4980000.0,8590000.0,6250000.0,10100000.0,20210000.0,41220000.0,2310000.0,1130000.0,1020000.0
Democratic Republic of Congo,COD,1990,25340000.0,400170016.0,3020000.0,8500000.0,250000.0,1030000.0,580000.0,100000.0,710000.0,1140000.0,430000.0
Democratic Republic of Congo,COD,1991,25130000.0,400170016.0,3030000.0,8480000.0,160000.0,170000.0,490000.0,70000.0,660000.0,1030000.0,450000.0
Democratic Republic of Congo,COD,1992,25260000.0,400170016.0,5150000.0,8730000.0,129999.0,170000.0,450000.0,50000.0,590000.0,880000.0,430000.0
Democratic Republic of Congo,COD,1993,25140000.0,400170016.0,6750000.0,9000000.0,120000.0,180000.0,460000.0,50000.0,2120000.0,850000.0,440000.0
Democratic Republic of Congo,COD,1994,25080000.0,400170016.0,8000000.0,9290000.0,129999.0,180000.0,470000.0,40000.0,4050000.0,700000.0,350000.0
Democratic Republic of Congo,COD,1995,24920000.0,400180000.0,8250000.0,9570000.0,150000.0,190000.0,470000.0,40000.0,3820000.0,630000.0,360000.0
Democratic Republic of Congo,COD,1996,19490000.0,396950016.0,8490000.0,9880000.0,160000.0,190000.0,470000.0,40000.0,4460000.0,640000.0,360000.0
Democratic Republic of Congo,COD,1997,19060000.0,404020000.0,8740000.0,10200000.0,110000.0,200000.0,460000.0,50000.0,4670000.0,640000.0,370000.0
Democratic Republic of Congo,COD,1998,19920000.0,404950016.0,8990000.0,10520000.0,120000.0,210000.0,470000.0,50000.0,4150000.0,750000.0,370000.0
Democratic Republic of Congo,COD,1999,18130000.0,398580000.0,9240000.0,10830000.0,129999.0,210000.0,450000.0,50000.0,3390000.0,750000.0,360000.0
Democratic Republic of Congo,COD,2000,17750000.0,395249984.0,9500000.0,10920000.0,140000.0,259999.0,810000.0,0.0,3110000.0,80000.0,240000.0
Democratic Republic of Congo,COD,2001,18980000.0,389020000.0,9750000.0,11330000.0,310000.0,280000.0,660000.0,10000.0,3360000.0,80000.0,250000.0
Democratic Republic of Congo,COD,2002,23970000.0,398140000.0,10040000.0,11740000.0,490000.0,300000.0,710000.0,10000.0,3360000.0,80000.0,330000.0
Democratic Republic of Congo,COD,2003,26260000.0,402340000.0,10400000.0,12170000.0,670000.0,340000.0,840000.0,10000.0,4040000.0,70000.0,360000.0
Democratic Republic of Congo,COD,2004,28140000.0,404130016.0,10810000.0,12570000.0,850000.0,360000.0,920000.0,10000.0,3370000.0,80000.0,410000.0
Democratic Republic of Congo,COD,2005,27500000.0,403910016.0,11230000.0,13000000.0,1060000.0,390000.0,1140000.0,10000.0,3160000.0,129999.0,510000.0
Democratic Republic of Congo,COD,2006,28160000.0,404410016.0,11660000.0,13450000.0,1260000.0,410000.0,1220000.0,30000.0,3010000.0,129999.0,660000.0
Democratic Republic of Congo,COD,2007,24780000.0,398809984.0,12090000.0,13880000.0,1480000.0,420000.0,1370000.0,50000.0,3370000.0,150000.0,540000.0
Democratic Republic of Congo,COD,2008,26100000.0,402529984.0,12550000.0,14330000.0,1640000.0,420000.0,1550000.0,60000.0,3170000.0,160000.0,50000.0
Democratic Republic of Congo,COD,2009,25890000.0,402180000.0,13010000.0,14850000.0,1870000.0,420000.0,1550000.0,50000.0,2760000.0,170000.0,50000.0
Democratic Republic of Congo,COD,2010,27310000.0,404320000.0,13480000.0,14880000.0,2089999.0,430000.0,1690000.0,50000.0,2780000.0,160000.0,470000.0
Democratic Republic of Congo,COD,2011,25600000.0,587110016.0,13970000.0,15640000.0,2370000.0,450000.0,2170000.0,50000.0,2380000.0,170000.0,470000.0
Democratic Republic of Congo,COD,2012,24970000.0,584219968.0,14480000.0,11210000.0,2640000.0,350000.0,2160000.0,10000.0,1700000.0,180000.0,450000.0
Democratic Republic of Congo,COD,2013,26570000.0,583619968.0,15010000.0,13130000.0,2950000.0,340000.0,2520000.0,10000.0,1580000.0,190000.0,370000.0
Democratic Republic of Congo,COD,2014,25920000.0,580809984.0,15550000.0,15400000.0,3190000.0,330000.0,2940000.0,10000.0,1720000.0,190000.0,340000.0
Democratic Republic of Congo,COD,2015,26960000.0,582330048.0,16120001.0,15940000.0,3510000.0,290000.0,2820000.0,10000.0,1660000.0,190000.0,270000.0
Democratic Republic of Congo,COD,2016,27130000.0,187410000.0,16700001.0,16480000.0,3530000.0,310000.0,2260000.0,10000.0,1610000.0,210000.0,280000.0
Democratic Republic of Congo,COD,2017,27840000.0,187880000.0,17310000.0,19540000.0,3850000.0,80000.0,2800000.0,10000.0,1560000.0,210000.0,280000.0
Democratic Republic of Congo,COD,2018,26340000.0,183060000.0,17930000.0,16620001.0,4020000.0,70000.0,2310000.0,10000.0,1360000.0,220000.0,259999.0
Democratic Republic of Congo,COD,2019,27010000.0,186400000.0,18570000.0,16840000.0,4179999.0,30000.0,2260000.0,10000.0,1610000.0,220000.0,390000.0
Democratic Republic of Congo,COD,2020,27360000.0,185350000.0,19220000.0,19400000.0,4210000.0,40000.0,3070000.0,10000.0,1770000.0,259999.0,300000.0
Democratic Republic of Congo,COD,2021,27890000.0,183420000.0,19890000.0,21340000.0,4620000.0,60000.0,3340000.0,10000.0,1720000.0,280000.0,360000.0
Democratic Republic of Congo,COD,2022,28820000.0,178860000.0,20570000.0,23480000.0,5090000.0,80000.0,3510000.0,10000.0,1580000.0,310000.0,250000.0
Democratic Republic of Congo,COD,2023,27760000.0,177360000.0,21270000.0,23830000.0,5370000.0,90000.0,3370000.0,10000.0,1120000.0,320000.0,160000.0
Denmark,DNK,1990,12880000.0,1570000.0,1920000.0,6560000.0,1710000.0,5490000.0,10450000.0,26580000.0,820000.0,2460000.0,4840000.0
Denmark,DNK,1991,12800000.0,1570000.0,1880000.0,6750000.0,1860000.0,5920000.0,11030000.0,35490000.0,1260000.0,2640000.0,4390000.0
Denmark,DNK,1992,12480000.0,1570000.0,1850000.0,6070000.0,1900000.0,5780000.0,11090000.0,30500000.0,1330000.0,2500000.0,4580000.0
Denmark,DNK,1993,12670000.0,1570000.0,1750000.0,6880000.0,1980000.0,5720000.0,11260000.0,32080002.0,1290000.0,2410000.0,5950000.0
Denmark,DNK,1994,12380000.0,1570000.0,1670000.0,6140000.0,2069999.0,5760000.0,11690000.0,36240000.0,1260000.0,2420000.0,6640000.0
Denmark,DNK,1995,12340000.0,1570000.0,1550000.0,6200000.0,2310000.0,6000000.0,11900000.0,32610000.0,1310000.0,2310000.0,6920000.0
Denmark,DNK,1996,12280000.0,1570000.0,1460000.0,6710000.0,2430000.0,5930000.0,12030000.0,45190000.0,1420000.0,2450000.0,6740000.0
Denmark,DNK,1997,12200000.0,1570000.0,1360000.0,5990000.0,2460000.0,5840000.0,12210000.0,36140000.0,1510000.0,2370000.0,6390000.0
Denmark,DNK,1998,12160000.0,1570000.0,1260000.0,5750000.0,2630000.0,5680000.0,12240000.0,32619998.0,1460000.0,2320000.0,6570000.0
Denmark,DNK,1999,11640000.0,1550000.0,1240000.0,5560000.0,2870000.0,5730000.0,12260000.0,29540000.0,1970000.0,2320000.0,6430000.0
Denmark,DNK,2000,11630000.0,1550000.0,1240000.0,5000000.0,3050000.0,5420000.0,12240000.0,26480000.0,1930000.0,2290000.0,6460000.0
Denmark,DNK,2001,11770000.0,1200000.0,1220000.0,5170000.0,2940000.0,5610000.0,12330000.0,27720000.0,1970000.0,2210000.0,5800000.0
Denmark,DNK,2002,11470000.0,1200000.0,1160000.0,4950000.0,2900000.0,5210000.0,12480000.0,27940000.0,1830000.0,2170000.0,4880000.0
Denmark,DNK,2003,11380000.0,1200000.0,1140000.0,5030000.0,2940000.0,5250000.0,12970000.0,32849998.0,1940000.0,2100000.0,5100000.0
Denmark,DNK,2004,11080000.0,1200000.0,990000.0,4890000.0,2810000.0,5380000.0,13270000.0,26960000.0,2060000.0,2060000.0,4860000.0
Denmark,DNK,2005,10960000.0,1200000.0,990000.0,4810000.0,2700000.0,5180000.0,13490000.0,23670000.0,1910000.0,2100000.0,5040000.0
Denmark,DNK,2006,10820000.0,1200000.0,1020000.0,4600000.0,2720000.0,5350000.0,13790000.0,31400000.0,1770000.0,2079999.0,5830000.0
Denmark,DNK,2007,10970000.0,1200000.0,990000.0,4300000.0,2750000.0,5170000.0,14350000.0,26690000.0,1660000.0,2000000.0,6050000.0
Denmark,DNK,2008,10900000.0,1200000.0,1000000.0,4170000.0,2470000.0,4670000.0,14190000.0,24540000.0,1500000.0,1950000.0,5580000.0
Denmark,DNK,2009,10640000.0,1190000.0,890000.0,4070000.0,2100000.0,3830000.0,13450000.0,24460000.0,1310000.0,1960000.0,3950000.0
Denmark,DNK,2010,10860000.0,1200000.0,840000.0,4420000.0,1850000.0,4020000.0,13290000.0,24400000.0,1240000.0,2010000.0,4610000.0
Denmark,DNK,2011,10790000.0,-720000.0,860000.0,3750000.0,1970000.0,4010000.0,12960000.0,20210000.0,1110000.0,1960000.0,4710000.0
Denmark,DNK,2012,10830000.0,-720000.0,830000.0,3620000.0,1970000.0,3700000.0,11900000.0,16990000.0,1030000.0,1770000.0,4150000.0
Denmark,DNK,2013,10680000.0,-720000.0,810000.0,3580000.0,1910000.0,3460000.0,11690000.0,19160000.0,1000000.0,1810000.0,4490000.0
Denmark,DNK,2014,10770000.0,-720000.0,810000.0,2970000.0,1880000.0,3470000.0,11780000.0,15620000.0,990000.0,1660000.0,5040000.0
Denmark,DNK,2015,10930000.0,-720000.0,780000.0,3140000.0,1780000.0,3410000.0,12320000.0,12870000.0,910000.0,1680000.0,5060000.0
Denmark,DNK,2016,10980000.0,1850000.0,750000.0,3230000.0,2010000.0,3530000.0,12480000.0,13970000.0,980000.0,1650000.0,4950000.0
Denmark,DNK,2017,10950000.0,1850000.0,730000.0,3200000.0,2020000.0,3780000.0,12460000.0,11620000.0,880000.0,1590000.0,4590000.0
Denmark,DNK,2018,10750000.0,1840000.0,720000.0,3170000.0,2050000.0,3770000.0,12630000.0,11560000.0,820000.0,1500000.0,4930000.0
Denmark,DNK,2019,10860000.0,1840000.0,700000.0,3030000.0,1870000.0,3670000.0,12360000.0,8680000.0,650000.0,1470000.0,5460000.0
Denmark,DNK,2020,11090000.0,1830000.0,700000.0,2870000.0,1960000.0,3770000.0,11350000.0,7330000.0,500000.0,1460000.0,2750000.0
Denmark,DNK,2021,10750000.0,-100000.0,670000.0,2940000.0,1960000.0,4100000.0,11550000.0,8560000.0,490000.0,1430000.0,2770000.0
Denmark,DNK,2022,10260000.0,-110000.0,650000.0,2550000.0,1840000.0,3850000.0,11440000.0,8240000.0,440000.0,1480000.0,3870000.0
Denmark,DNK,2023,9940000.0,-110000.0,630000.0,2420000.0,1860000.0,3370000.0,11390000.0,6580000.0,430000.0,1540000.0,4240000.0
Djibouti,DJI,1990,570000.0,0.0,70000.0,90000.0,0.0,40000.0,40000.0,129999.0,0.0,,410000.0
Djibouti,DJI,1991,580000.0,0.0,70000.0,90000.0,0.0,40000.0,50000.0,129999.0,0.0,,410000.0
Djibouti,DJI,1992,580000.0,0.0,80000.0,90000.0,0.0,40000.0,50000.0,129999.0,0.0,,410000.0
Djibouti,DJI,1993,590000.0,0.0,90000.0,90000.0,0.0,40000.0,50000.0,129999.0,0.0,,420000.0
Djibouti,DJI,1994,610000.0,0.0,100000.0,90000.0,0.0,40000.0,50000.0,129999.0,0.0,,410000.0
Djibouti,DJI,1995,660000.0,0.0,110000.0,90000.0,0.0,40000.0,60000.0,129999.0,0.0,,430000.0
Djibouti,DJI,1996,680000.0,0.0,110000.0,90000.0,0.0,40000.0,50000.0,129999.0,0.0,,410000.0
Djibouti,DJI,1997,690000.0,0.0,120000.0,100000.0,0.0,40000.0,60000.0,129999.0,0.0,,420000.0
Djibouti,DJI,1998,700000.0,0.0,129999.0,100000.0,0.0,40000.0,100000.0,150000.0,0.0,,470000.0
Djibouti,DJI,1999,730000.0,0.0,140000.0,100000.0,0.0,40000.0,110000.0,150000.0,0.0,,480000.0
Djibouti,DJI,2000,730000.0,0.0,140000.0,120000.0,0.0,40000.0,70000.0,140000.0,0.0,,470000.0
Djibouti,DJI,2001,730000.0,0.0,150000.0,120000.0,0.0,40000.0,70000.0,140000.0,0.0,,460000.0
Djibouti,DJI,2002,730000.0,0.0,160000.0,120000.0,0.0,40000.0,60000.0,170000.0,0.0,,430000.0
Djibouti,DJI,2003,740000.0,0.0,170000.0,120000.0,10000.0,40000.0,60000.0,190000.0,0.0,,440000.0
Djibouti,DJI,2004,740000.0,0.0,180000.0,120000.0,10000.0,40000.0,60000.0,170000.0,0.0,,440000.0
Djibouti,DJI,2005,740000.0,0.0,180000.0,110000.0,10000.0,40000.0,70000.0,210000.0,0.0,,380000.0
Djibouti,DJI,2006,730000.0,0.0,190000.0,110000.0,10000.0,40000.0,70000.0,210000.0,0.0,,330000.0
Djibouti,DJI,2007,730000.0,0.0,200000.0,110000.0,10000.0,40000.0,80000.0,240000.0,0.0,,320000.0
Djibouti,DJI,2008,730000.0,0.0,210000.0,100000.0,10000.0,40000.0,80000.0,259999.0,0.0,,300000.0
Djibouti,DJI,2009,740000.0,0.0,210000.0,110000.0,10000.0,40000.0,60000.0,240000.0,0.0,,320000.0
Djibouti,DJI,2010,740000.0,0.0,220000.0,110000.0,10000.0,40000.0,90000.0,290000.0,0.0,,330000.0
Djibouti,DJI,2011,740000.0,0.0,230000.0,110000.0,10000.0,70000.0,70000.0,80000.0,0.0,,320000.0
Djibouti,DJI,2012,740000.0,0.0,230000.0,140000.0,20000.0,60000.0,50000.0,60000.0,0.0,,380000.0
Djibouti,DJI,2013,740000.0,0.0,240000.0,80000.0,80000.0,40000.0,110000.0,60000.0,0.0,50000.0,340000.0
Djibouti,DJI,2014,740000.0,0.0,250000.0,80000.0,90000.0,60000.0,120000.0,80000.0,0.0,30000.0,350000.0
Djibouti,DJI,2015,750000.0,0.0,250000.0,80000.0,80000.0,100000.0,110000.0,129999.0,0.0,30000.0,350000.0
Djibouti,DJI,2016,750000.0,-10000.0,259999.0,70000.0,70000.0,40000.0,140000.0,70000.0,0.0,50000.0,320000.0
Djibouti,DJI,2017,750000.0,-10000.0,270000.0,70000.0,80000.0,30000.0,150000.0,40000.0,0.0,70000.0,310000.0
Djibouti,DJI,2018,760000.0,-10000.0,270000.0,70000.0,110000.0,30000.0,170000.0,50000.0,0.0,80000.0,310000.0
Djibouti,DJI,2019,760000.0,-10000.0,280000.0,80000.0,120000.0,80000.0,160000.0,90000.0,0.0,50000.0,320000.0
Djibouti,DJI,2020,760000.0,-10000.0,290000.0,60000.0,120000.0,70000.0,150000.0,80000.0,0.0,20000.0,300000.0
Djibouti,DJI,2021,760000.0,0.0,290000.0,80000.0,170000.0,80000.0,150000.0,90000.0,0.0,20000.0,360000.0
Djibouti,DJI,2022,760000.0,0.0,300000.0,70000.0,210000.0,70000.0,129999.0,90000.0,0.0,10000.0,330000.0
Djibouti,DJI,2023,760000.0,0.0,300000.0,70000.0,210000.0,70000.0,129999.0,90000.0,0.0,10000.0,330000.0
Dominica,DMA,1990,50000.0,10000.0,10000.0,10000.0,0.0,0.0,40000.0,10000.0,0.0,,0.0
Dominica,DMA,1991,50000.0,10000.0,10000.0,10000.0,0.0,0.0,40000.0,10000.0,0.0,,0.0
Dominica,DMA,1992,50000.0,10000.0,10000.0,10000.0,0.0,0.0,40000.0,10000.0,0.0,,0.0
Dominica,DMA,1993,50000.0,10000.0,10000.0,10000.0,0.0,0.0,40000.0,10000.0,0.0,,0.0
Dominica,DMA,1994,50000.0,10000.0,90000.0,10000.0,0.0,0.0,50000.0,10000.0,0.0,,0.0
Dominica,DMA,1995,40000.0,10000.0,80000.0,10000.0,0.0,10000.0,50000.0,20000.0,0.0,,0.0
Dominica,DMA,1996,40000.0,10000.0,70000.0,10000.0,0.0,10000.0,40000.0,20000.0,0.0,,0.0
Dominica,DMA,1997,40000.0,10000.0,50000.0,10000.0,0.0,10000.0,50000.0,20000.0,0.0,,0.0
Dominica,DMA,1998,40000.0,10000.0,40000.0,10000.0,0.0,10000.0,50000.0,30000.0,0.0,,0.0
Dominica,DMA,1999,40000.0,10000.0,30000.0,10000.0,0.0,0.0,60000.0,30000.0,0.0,,0.0
Dominica,DMA,2000,40000.0,10000.0,20000.0,10000.0,0.0,0.0,80000.0,30000.0,0.0,,0.0
Dominica,DMA,2001,40000.0,10000.0,20000.0,10000.0,0.0,0.0,90000.0,40000.0,0.0,,0.0
Dominica,DMA,2002,40000.0,10000.0,20000.0,10000.0,0.0,0.0,60000.0,30000.0,0.0,,0.0
Dominica,DMA,2003,40000.0,10000.0,20000.0,10000.0,0.0,0.0,70000.0,30000.0,0.0,,0.0
Dominica,DMA,2004,40000.0,10000.0,20000.0,10000.0,0.0,10000.0,60000.0,60000.0,0.0,0.0,0.0
Dominica,DMA,2005,40000.0,10000.0,20000.0,10000.0,0.0,10000.0,60000.0,70000.0,0.0,0.0,0.0
Dominica,DMA,2006,40000.0,10000.0,40000.0,10000.0,0.0,10000.0,60000.0,80000.0,0.0,0.0,0.0
Dominica,DMA,2007,40000.0,10000.0,40000.0,10000.0,0.0,10000.0,70000.0,80000.0,0.0,0.0,0.0
Dominica,DMA,2008,40000.0,10000.0,40000.0,10000.0,0.0,10000.0,60000.0,90000.0,0.0,0.0,10000.0
Dominica,DMA,2009,40000.0,10000.0,40000.0,10000.0,0.0,10000.0,80000.0,90000.0,0.0,0.0,0.0
Dominica,DMA,2010,40000.0,10000.0,40000.0,10000.0,0.0,10000.0,50000.0,100000.0,0.0,0.0,10000.0
Dominica,DMA,2011,40000.0,50000.0,40000.0,10000.0,0.0,10000.0,50000.0,80000.0,0.0,0.0,10000.0
Dominica,DMA,2012,40000.0,50000.0,40000.0,10000.0,0.0,10000.0,50000.0,90000.0,0.0,0.0,10000.0
Dominica,DMA,2013,40000.0,50000.0,40000.0,10000.0,0.0,10000.0,50000.0,80000.0,0.0,0.0,10000.0
Dominica,DMA,2014,40000.0,50000.0,40000.0,10000.0,0.0,10000.0,60000.0,90000.0,0.0,0.0,0.0
Dominica,DMA,2015,40000.0,50000.0,40000.0,10000.0,0.0,10000.0,60000.0,100000.0,0.0,0.0,0.0
Dominica,DMA,2016,40000.0,20000.0,40000.0,10000.0,0.0,10000.0,60000.0,90000.0,0.0,0.0,10000.0
Dominica,DMA,2017,40000.0,20000.0,40000.0,10000.0,0.0,10000.0,50000.0,80000.0,0.0,0.0,0.0
Dominica,DMA,2018,40000.0,20000.0,30000.0,10000.0,0.0,10000.0,70000.0,70000.0,0.0,10000.0,0.0
Dominica,DMA,2019,40000.0,20000.0,30000.0,10000.0,0.0,10000.0,60000.0,90000.0,0.0,0.0,10000.0
Dominica,DMA,2020,40000.0,20000.0,30000.0,10000.0,0.0,10000.0,40000.0,90000.0,0.0,0.0,0.0
Dominica,DMA,2021,40000.0,20000.0,30000.0,10000.0,0.0,10000.0,40000.0,90000.0,0.0,0.0,0.0
Dominica,DMA,2022,40000.0,20000.0,30000.0,10000.0,0.0,10000.0,50000.0,90000.0,0.0,0.0,10000.0
Dominica,DMA,2023,40000.0,20000.0,30000.0,10000.0,0.0,10000.0,50000.0,100000.0,0.0,0.0,10000.0
Dominican Republic,DOM,1990,6290000.0,-630000.0,1830000.0,1380000.0,490000.0,810000.0,2370000.0,3250000.0,0.0,80000.0,120000.0
Dominican Republic,DOM,1991,6680000.0,-630000.0,2230000.0,1370000.0,560000.0,770000.0,2340000.0,3620000.0,0.0,80000.0,110000.0
Dominican Republic,DOM,1992,6370000.0,-630000.0,2640000.0,1680000.0,610000.0,850000.0,2520000.0,4350000.0,0.0,100000.0,150000.0
Dominican Republic,DOM,1993,6610000.0,-630000.0,3050000.0,1890000.0,570000.0,730000.0,2730000.0,4010000.0,0.0,90000.0,160000.0
Dominican Republic,DOM,1994,6570000.0,-630000.0,3450000.0,1880000.0,580000.0,930000.0,3230000.0,4910000.0,0.0,120000.0,160000.0
Dominican Republic,DOM,1995,6660000.0,-630000.0,3110000.0,2010000.0,650000.0,1000000.0,3610000.0,4960000.0,0.0,129999.0,180000.0
Dominican Republic,DOM,1996,6970000.0,-630000.0,2770000.0,2180000.0,740000.0,1100000.0,3990000.0,5090000.0,0.0,150000.0,190000.0
Dominican Republic,DOM,1997,7110000.0,-590000.0,2430000.0,2350000.0,820000.0,1280000.0,4570000.0,5820000.0,0.0,180000.0,200000.0
Dominican Republic,DOM,1998,7180000.0,-620000.0,2100000.0,1570000.0,850000.0,1039999.0,5020000.0,8720000.0,0.0,90000.0,940000.0
Dominican Republic,DOM,1999,6490000.0,-610000.0,2130000.0,1600000.0,1020000.0,1150000.0,5340000.0,9310000.0,0.0,90000.0,1090000.0
Dominican Republic,DOM,2000,6230000.0,-610000.0,2170000.0,1830000.0,1110000.0,1310000.0,5470000.0,9580000.0,0.0,110000.0,1180000.0
Dominican Republic,DOM,2001,6680000.0,-390000.0,2540000.0,1650000.0,1290000.0,1290000.0,5490000.0,9920000.0,0.0,160000.0,1080000.0
Dominican Republic,DOM,2002,7120000.0,-390000.0,2900000.0,1600000.0,1500000.0,2120000.0,5890000.0,10530000.0,0.0,170000.0,920000.0
Dominican Republic,DOM,2003,6890000.0,-390000.0,3260000.0,1430000.0,1520000.0,2100000.0,5400000.0,9110000.0,0.0,140000.0,1170000.0
Dominican Republic,DOM,2004,7590000.0,-390000.0,3630000.0,1540000.0,1510000.0,1650000.0,5590000.0,7910000.0,0.0,160000.0,1320000.0
Dominican Republic,DOM,2005,7320000.0,-310000.0,3990000.0,1650000.0,1640000.0,1860000.0,5910000.0,8620000.0,0.0,190000.0,1330000.0
Dominican Republic,DOM,2006,7520000.0,-390000.0,4360000.0,1840000.0,2160000.0,2480000.0,6010000.0,8980000.0,0.0,220000.0,1310000.0
Dominican Republic,DOM,2007,8400000.0,-390000.0,4720000.0,1910000.0,2380000.0,2350000.0,6110000.0,9120000.0,0.0,200000.0,1320000.0
Dominican Republic,DOM,2008,8530000.0,-390000.0,5090000.0,1950000.0,2520000.0,2440000.0,5580000.0,9450000.0,0.0,170000.0,1260000.0
Dominican Republic,DOM,2009,8850000.0,-390000.0,5450000.0,1930000.0,2490000.0,2480000.0,5780000.0,8430000.0,0.0,180000.0,1270000.0
Dominican Republic,DOM,2010,9080000.0,-390000.0,5820000.0,1850000.0,2690000.0,2870000.0,5890000.0,8940000.0,0.0,190000.0,1310000.0
Dominican Republic,DOM,2011,9080000.0,-1100000.0,1640000.0,1730000.0,2680000.0,2430000.0,6210000.0,9500000.0,0.0,160000.0,1330000.0
Dominican Republic,DOM,2012,8980000.0,-1100000.0,1670000.0,1730000.0,2750000.0,2600000.0,6730000.0,9530000.0,0.0,170000.0,1320000.0
Dominican Republic,DOM,2013,9030000.0,-1090000.0,1690000.0,1780000.0,2810000.0,3210000.0,5940000.0,9190000.0,0.0,180000.0,1340000.0
Dominican Republic,DOM,2014,9090000.0,-1090000.0,1690000.0,1850000.0,3120000.0,2910000.0,5180000.0,10070000.0,0.0,140000.0,1460000.0
Dominican Republic,DOM,2015,9170000.0,-1060000.0,1720000.0,1980000.0,3210000.0,2990000.0,6290000.0,10810000.0,0.0,190000.0,1540000.0
Dominican Republic,DOM,2016,9280000.0,-370000.0,1790000.0,2060000.0,3290000.0,3270000.0,6810000.0,10960000.0,0.0,210000.0,1560000.0
Dominican Republic,DOM,2017,9460000.0,-370000.0,1820000.0,2030000.0,3400000.0,3280000.0,6680000.0,10040000.0,0.0,200000.0,1700000.0
Dominican Republic,DOM,2018,9970000.0,-370000.0,1840000.0,2060000.0,3540000.0,3210000.0,7350000.0,11160000.0,0.0,210000.0,1710000.0
Dominican Republic,DOM,2019,9850000.0,-360000.0,1850000.0,2140000.0,3690000.0,3990000.0,7830000.0,12460000.0,0.0,250000.0,1830000.0
Dominican Republic,DOM,2020,10010000.0,-370000.0,1860000.0,1960000.0,3610000.0,4159999.0,6980000.0,11810000.0,0.0,210000.0,810000.0
Dominican Republic,DOM,2021,10110000.0,-1270000.0,1880000.0,2130000.0,4179999.0,4630000.0,8149999.0,12280000.0,0.0,240000.0,1350000.0
Dominican Republic,DOM,2022,9980000.0,-1260000.0,1900000.0,2120000.0,4300000.0,5180000.0,8310000.0,12530000.0,0.0,230000.0,1900000.0
Dominican Republic,DOM,2023,10000000.0,-1240000.0,1920000.0,2160000.0,4410000.0,5250000.0,8410000.0,14180000.0,0.0,230000.0,1820000.0
East Timor,TLS,1990,450000.0,390000.0,20000.0,,0.0,,,,0.0,,
East Timor,TLS,1991,519999.0,390000.0,20000.0,,0.0,,,,0.0,,
East Timor,TLS,1992,519999.0,390000.0,20000.0,,0.0,,,,0.0,,
East Timor,TLS,1993,550000.0,390000.0,20000.0,,0.0,,,,0.0,,
East Timor,TLS,1994,630000.0,390000.0,20000.0,,0.0,,,,0.0,,
East Timor,TLS,1995,660000.0,390000.0,20000.0,,0.0,,,,0.0,,
East Timor,TLS,1996,680000.0,390000.0,30000.0,,0.0,,,,0.0,,
East Timor,TLS,1997,680000.0,400000.0,30000.0,,0.0,,,,0.0,,
East Timor,TLS,1998,710000.0,390000.0,30000.0,,0.0,,,,0.0,,
East Timor,TLS,1999,590000.0,390000.0,30000.0,,0.0,,,,20000.0,,
East Timor,TLS,2000,660000.0,390000.0,30000.0,,0.0,,,,480000.0,,
East Timor,TLS,2001,870000.0,390000.0,30000.0,,0.0,,,,1010000.0,,
East Timor,TLS,2002,880000.0,410000.0,30000.0,,0.0,,110000.0,60000.0,1380000.0,,10000.0
East Timor,TLS,2003,880000.0,390000.0,30000.0,,0.0,,100000.0,60000.0,910000.0,,10000.0
East Timor,TLS,2004,750000.0,400000.0,30000.0,,0.0,,120000.0,60000.0,20000.0,,10000.0
East Timor,TLS,2005,870000.0,400000.0,30000.0,,0.0,,120000.0,70000.0,1400000.0,,10000.0
East Timor,TLS,2006,910000.0,400000.0,30000.0,,0.0,,120000.0,70000.0,3670000.0,,10000.0
East Timor,TLS,2007,890000.0,390000.0,30000.0,,0.0,,110000.0,80000.0,4170000.0,,10000.0
East Timor,TLS,2008,940000.0,390000.0,30000.0,,0.0,,110000.0,100000.0,4710000.0,,10000.0
East Timor,TLS,2009,920000.0,390000.0,40000.0,,0.0,,120000.0,120000.0,4670000.0,,10000.0
East Timor,TLS,2010,890000.0,390000.0,40000.0,,0.0,,120000.0,120000.0,4240000.0,,10000.0
East Timor,TLS,2011,900000.0,390000.0,40000.0,,10000.0,,129999.0,120000.0,4220000.0,,10000.0
East Timor,TLS,2012,970000.0,400000.0,40000.0,,10000.0,,190000.0,110000.0,4320000.0,,10000.0
East Timor,TLS,2013,910000.0,390000.0,40000.0,,10000.0,,180000.0,180000.0,4179999.0,0.0,10000.0
East Timor,TLS,2014,930000.0,400000.0,40000.0,,10000.0,,240000.0,210000.0,3710000.0,0.0,10000.0
East Timor,TLS,2015,1010000.0,400000.0,40000.0,,10000.0,,230000.0,210000.0,4380000.0,0.0,10000.0
East Timor,TLS,2016,990000.0,390000.0,40000.0,,10000.0,,350000.0,170000.0,3480000.0,0.0,10000.0
East Timor,TLS,2017,1010000.0,390000.0,40000.0,,10000.0,,300000.0,259999.0,3090000.0,10000.0,10000.0
East Timor,TLS,2018,980000.0,400000.0,40000.0,,10000.0,,300000.0,210000.0,3220000.0,10000.0,10000.0
East Timor,TLS,2019,1120000.0,410000.0,40000.0,,10000.0,,310000.0,310000.0,2990000.0,0.0,10000.0
East Timor,TLS,2020,1010000.0,400000.0,40000.0,,10000.0,,300000.0,290000.0,3420000.0,0.0,10000.0
East Timor,TLS,2021,990000.0,230000.0,50000.0,,10000.0,,259999.0,320000.0,3080000.0,0.0,10000.0
East Timor,TLS,2022,1110000.0,230000.0,50000.0,,10000.0,,280000.0,340000.0,1550000.0,0.0,10000.0
East Timor,TLS,2023,1120000.0,240000.0,50000.0,,10000.0,,280000.0,340000.0,1570000.0,0.0,10000.0
Ecuador,ECU,1990,12690000.0,36570000.0,6140000.0,2000000.0,1120000.0,2440000.0,8010000.0,1610000.0,7570000.0,210000.0,900000.0
Ecuador,ECU,1991,12710000.0,36570000.0,6050000.0,2060000.0,1150000.0,2560000.0,8200000.0,1920000.0,7430000.0,150000.0,820000.0
Ecuador,ECU,1992,13750000.0,36570000.0,5960000.0,1910000.0,1120000.0,2800000.0,8319999.0,2430000.0,8189999.0,140000.0,1100000.0
Ecuador,ECU,1993,14380000.0,36570000.0,5870000.0,1890000.0,1050000.0,2520000.0,8350000.0,1870000.0,10200000.0,160000.0,1780000.0
Ecuador,ECU,1994,14880000.0,36570000.0,5790000.0,1990000.0,1080000.0,2810000.0,8870000.0,1840000.0,12440000.0,150000.0,1650000.0
Ecuador,ECU,1995,15100000.0,36570000.0,5700000.0,2210000.0,1290000.0,2710000.0,8450000.0,3950000.0,12560000.0,150000.0,1550000.0
Ecuador,ECU,1996,15620000.0,36570000.0,5610000.0,2360000.0,1490000.0,3060000.0,10280000.0,4190000.0,13630000.0,140000.0,1980000.0
Ecuador,ECU,1997,16480000.0,36560000.0,5520000.0,2460000.0,1430000.0,3090000.0,10890000.0,4690000.0,13400000.0,90000.0,2140000.0
Ecuador,ECU,1998,15320000.0,36570000.0,5430000.0,2450000.0,1300000.0,3240000.0,10200000.0,5190000.0,12620000.0,90000.0,910000.0
Ecuador,ECU,1999,15440000.0,36560000.0,5340000.0,2340000.0,1160000.0,2960000.0,9240000.0,3920000.0,12420000.0,90000.0,980000.0
Ecuador,ECU,2000,13530000.0,36560000.0,5250000.0,2500000.0,1400000.0,2770000.0,8170000.0,4290000.0,12720000.0,1240000.0,1600000.0
Ecuador,ECU,2001,15380000.0,28490000.0,5160000.0,2570000.0,1530000.0,2710000.0,8680000.0,4990000.0,13510000.0,2030000.0,1340000.0
Ecuador,ECU,2002,15240000.0,28470000.0,5070000.0,2620000.0,1640000.0,2940000.0,9020000.0,5080000.0,12520000.0,1460000.0,2190000.0
Ecuador,ECU,2003,15010000.0,28470000.0,4980000.0,2700000.0,1760000.0,2890000.0,9360000.0,4740000.0,13560000.0,1790000.0,2450000.0
Ecuador,ECU,2004,15730000.0,28540000.0,4890000.0,2780000.0,2000000.0,3290000.0,9680000.0,5340000.0,15810000.0,2120000.0,2820000.0
Ecuador,ECU,2005,15030000.0,28550000.0,4800000.0,2900000.0,2170000.0,3530000.0,10120000.0,6090000.0,15970000.0,2460000.0,2750000.0
Ecuador,ECU,2006,15120000.0,28540000.0,4710000.0,2990000.0,2480000.0,3490000.0,10430000.0,7460000.0,16080000.0,2640000.0,2560000.0
Ecuador,ECU,2007,14520000.0,28560000.0,4620000.0,3150000.0,2720000.0,2870000.0,10220000.0,7730000.0,15440000.0,3460000.0,2680000.0
Ecuador,ECU,2008,14840000.0,28540000.0,4530000.0,3270000.0,3280000.0,3140000.0,10180000.0,7050000.0,15800000.0,4250000.0,2830000.0
Ecuador,ECU,2009,15810000.0,28540000.0,4440000.0,3350000.0,3330000.0,3430000.0,10710000.0,8670000.0,15320000.0,4330000.0,2670000.0
Ecuador,ECU,2010,16129999.0,28540000.0,4350000.0,3450000.0,3400000.0,3700000.0,12950000.0,9940000.0,16260000.0,3040000.0,2270000.0
Ecuador,ECU,2011,15980000.0,17030000.0,4360000.0,3620000.0,3610000.0,3460000.0,14020000.0,8740000.0,15630000.0,3450000.0,2480000.0
Ecuador,ECU,2012,15790000.0,17070000.0,4360000.0,3700000.0,3630000.0,3730000.0,14500000.0,9210000.0,13850000.0,3560000.0,2280000.0
Ecuador,ECU,2013,15760000.0,17030000.0,4480000.0,3390000.0,3870000.0,4650000.0,15060000.0,10130000.0,14400000.0,3950000.0,2040000.0
Ecuador,ECU,2014,14440000.0,17030000.0,4600000.0,3510000.0,3900000.0,4950000.0,15990000.0,10590000.0,15490000.0,3950000.0,2160000.0
Ecuador,ECU,2015,13240000.0,17040000.0,4710000.0,3420000.0,3650000.0,4590000.0,16690001.0,10560000.0,15210000.0,3600000.0,1770000.0
Ecuador,ECU,2016,13420000.0,29120000.0,4810000.0,3180000.0,3600000.0,3780000.0,17500000.0,9490000.0,15260000.0,3340000.0,1800000.0
Ecuador,ECU,2017,13450000.0,29110000.0,4920000.0,3170000.0,3720000.0,3880000.0,18850000.0,7090000.0,14480000.0,3380000.0,1990000.0
Ecuador,ECU,2018,12900000.0,29120000.0,5030000.0,3290000.0,3840000.0,3060000.0,19040000.0,7600000.0,13680000.0,4150000.0,3040000.0
Ecuador,ECU,2019,13220000.0,29120000.0,5140000.0,3290000.0,3810000.0,3880000.0,19360000.0,6940000.0,14400000.0,4110000.0,2610000.0
Ecuador,ECU,2020,13580000.0,29120000.0,5250000.0,3310000.0,3700000.0,3510000.0,16190001.0,6040000.0,12960000.0,2910000.0,910000.0
Ecuador,ECU,2021,13210000.0,12300000.0,5330000.0,3350000.0,3880000.0,4120000.0,19590000.0,6150000.0,14200000.0,2830000.0,3330000.0
Ecuador,ECU,2022,12460000.0,12300000.0,5420000.0,3560000.0,4060000.0,4250000.0,20740000.0,7250000.0,14550000.0,3270000.0,3720000.0
Ecuador,ECU,2023,11760000.0,12300000.0,5870000.0,3550000.0,4159999.0,3620000.0,22710000.0,8300000.0,14390000.0,2360000.0,4159999.0
Egypt,EGY,1990,21030000.0,0.0,7590000.0,10490000.0,7480000.0,26610000.0,16510000.0,25390000.0,18570000.0,10000.0,5900000.0
Egypt,EGY,1991,22420000.0,0.0,9160000.0,10020000.0,8310000.0,24190000.0,17270000.0,26930000.0,20950000.0,10000.0,5960000.0
Egypt,EGY,1992,22980000.0,0.0,10730000.0,9870000.0,8780000.0,25800000.0,17940000.0,27660000.0,17950000.0,10000.0,5020000.0
Egypt,EGY,1993,23970000.0,0.0,12300000.0,8880000.0,9400000.0,28050000.0,18660000.0,27490000.0,19610000.0,10000.0,5590000.0
Egypt,EGY,1994,23480000.0,0.0,13870000.0,9820000.0,9980000.0,20570000.0,20430000.0,26770000.0,20340000.0,259999.0,8970000.0
Egypt,EGY,1995,25150000.0,0.0,15440000.0,10360000.0,10570000.0,23050000.0,21660000.0,27280000.0,20520000.0,390000.0,8820000.0
Egypt,EGY,1996,25780000.0,0.0,17010000.0,10510000.0,11150000.0,25390000.0,22930000.0,27970000.0,20710000.0,460000.0,10980000.0
Egypt,EGY,1997,26250000.0,0.0,18580000.0,11510000.0,11730000.0,26800000.0,24530000.0,30520000.0,20080000.0,810000.0,11080000.0
Egypt,EGY,1998,25720000.0,0.0,20160000.0,12250000.0,12700000.0,24810000.0,27230000.0,34610000.0,18770000.0,259999.0,8310000.0
Egypt,EGY,1999,27430000.0,0.0,21730000.0,11250000.0,13450000.0,26360000.0,28930000.0,36720000.0,19650000.0,450000.0,10210000.0
Egypt,EGY,2000,28630000.0,0.0,23300000.0,11830000.0,14310000.0,25190000.0,29800000.0,34470000.0,18040000.0,250000.0,10660000.0
Egypt,EGY,2001,28490000.0,0.0,23760000.0,12100000.0,14700000.0,32700000.0,28720000.0,39450000.0,18060000.0,220000.0,8920000.0
Egypt,EGY,2002,30420000.0,0.0,24220000.0,12520000.0,16370001.0,30750000.0,29600000.0,41910000.0,18580000.0,210000.0,8580000.0
Egypt,EGY,2003,30900000.0,0.0,24680000.0,12450000.0,16139999.0,28540000.0,31250000.0,46930000.0,19340000.0,160000.0,11170000.0
Egypt,EGY,2004,32270000.0,0.0,25140000.0,13070000.0,16360001.0,23600000.0,31980000.0,59120000.0,19080000.0,2320000.0,8200000.0
Egypt,EGY,2005,32090000.0,0.0,25590000.0,13050000.0,17160000.0,33000000.0,31430000.0,63650000.0,20330000.0,5510000.0,7000000.0
Egypt,EGY,2006,32480000.0,0.0,26580000.0,13360000.0,19480000.0,34170000.0,34170000.0,66370004.0,20740000.0,5760000.0,6030000.0
Egypt,EGY,2007,32800000.0,0.0,27550000.0,14540000.0,23310000.0,39130000.0,37820000.0,67640000.0,20750000.0,6260000.0,6370000.0
Egypt,EGY,2008,33220002.0,0.0,28510000.0,15220000.0,20540000.0,36270000.0,39920000.0,74820000.0,21650000.0,6510000.0,4430000.0
Egypt,EGY,2009,30870000.0,0.0,29460000.0,16290001.0,25740000.0,31430000.0,42710000.0,78870000.0,22130000.0,7110000.0,4120000.0
Egypt,EGY,2010,29480000.0,0.0,30410000.0,16350000.0,25060000.0,31840000.0,45830000.0,77930000.0,21500000.0,7190000.0,4070000.0
Egypt,EGY,2011,31380000.0,0.0,31380000.0,16590000.0,23510000.0,31860000.0,47820000.0,81490000.0,21570000.0,7350000.0,3780000.0
Egypt,EGY,2012,31680000.0,0.0,32360000.0,16389999.0,21660000.0,28240000.0,52040000.0,87760000.0,24970000.0,7200000.0,3820000.0
Egypt,EGY,2013,31030000.0,0.0,33340000.0,16549999.0,25320000.0,31650000.0,52540000.0,88210000.0,23480000.0,2840000.0,2650000.0
Egypt,EGY,2014,31020000.0,0.0,34350000.0,16950000.0,26220000.0,28890000.0,54780000.0,92250000.0,24630000.0,2970000.0,2710000.0
Egypt,EGY,2015,30840000.0,0.0,35340000.0,17430000.0,30120000.0,28670000.0,56220000.0,96870000.0,24080000.0,2910000.0,2240000.0
Egypt,EGY,2016,31380000.0,0.0,36330000.0,17850000.0,31010000.0,31320000.0,58690000.0,99260000.0,24270000.0,3030000.0,1570000.0
Egypt,EGY,2017,30310000.0,0.0,37300000.0,17940000.0,31620000.0,37170000.0,56980000.0,105830000.0,23820000.0,2890000.0,2340000.0
Egypt,EGY,2018,28270000.0,0.0,38280000.0,17940000.0,30360000.0,40270000.0,57450000.0,96930000.0,24920000.0,2880000.0,3780000.0
Egypt,EGY,2019,22440000.0,0.0,39230000.0,17480000.0,29230000.0,32040000.0,53160000.0,91820000.0,25310000.0,2590000.0,3410000.0
Egypt,EGY,2020,22520000.0,0.0,40180000.0,16160000.0,28290000.0,32340000.0,54700000.0,100770000.0,24600000.0,3710000.0,2240000.0
Egypt,EGY,2021,22810000.0,0.0,41130000.0,16540001.0,33740000.0,38340000.0,64809996.0,106520000.0,24220000.0,2540000.0,3930000.0
Egypt,EGY,2022,23470000.0,0.0,42060000.0,15580000.0,32759998.0,40640000.0,68490000.0,104860000.0,23590000.0,2780000.0,3690000.0
Egypt,EGY,2023,24260000.0,0.0,42980000.0,16820000.0,36580000.0,44240000.0,70680000.0,110360000.0,22230000.0,2880000.0,3800000.0
El Salvador,SLV,1990,3150000.0,720000.0,790000.0,1130000.0,310000.0,530000.0,1290000.0,170000.0,0.0,0.0,120000.0
El Salvador,SLV,1991,3220000.0,720000.0,800000.0,1160000.0,330000.0,580000.0,1410000.0,670000.0,0.0,0.0,90000.0
El Salvador,SLV,1992,3250000.0,720000.0,1000000.0,1260000.0,220000.0,760000.0,1630000.0,640000.0,0.0,0.0,129999.0
El Salvador,SLV,1993,3130000.0,720000.0,1150000.0,1300000.0,390000.0,760000.0,1790000.0,840000.0,0.0,0.0,150000.0
El Salvador,SLV,1994,3190000.0,720000.0,1260000.0,1320000.0,390000.0,800000.0,1900000.0,1210000.0,0.0,0.0,140000.0
El Salvador,SLV,1995,2860000.0,720000.0,1330000.0,1390000.0,410000.0,820000.0,2170000.0,1360000.0,0.0,0.0,160000.0
El Salvador,SLV,1996,3320000.0,710000.0,1410000.0,1370000.0,430000.0,720000.0,2150000.0,920000.0,0.0,0.0,150000.0
El Salvador,SLV,1997,3140000.0,710000.0,1480000.0,1520000.0,460000.0,950000.0,2180000.0,1400000.0,0.0,0.0,150000.0
El Salvador,SLV,1998,2820000.0,720000.0,1560000.0,1570000.0,490000.0,1039999.0,2340000.0,1450000.0,0.0,0.0,190000.0
El Salvador,SLV,1999,3010000.0,720000.0,1630000.0,1550000.0,470000.0,1060000.0,2670000.0,1090000.0,0.0,0.0,210000.0
El Salvador,SLV,2000,2790000.0,720000.0,1710000.0,710000.0,490000.0,1090000.0,2580000.0,1160000.0,0.0,0.0,220000.0
El Salvador,SLV,2001,3140000.0,720000.0,1790000.0,750000.0,550000.0,1140000.0,2600000.0,1270000.0,0.0,0.0,220000.0
El Salvador,SLV,2002,3250000.0,720000.0,1860000.0,720000.0,630000.0,1190000.0,2520000.0,1350000.0,0.0,0.0,210000.0
El Salvador,SLV,2003,3140000.0,720000.0,1940000.0,860000.0,670000.0,1200000.0,2750000.0,1560000.0,0.0,0.0,220000.0
El Salvador,SLV,2004,3230000.0,720000.0,2010000.0,890000.0,640000.0,1360000.0,2900000.0,1480000.0,0.0,0.0,230000.0
El Salvador,SLV,2005,3350000.0,720000.0,2089999.0,910000.0,600000.0,1310000.0,3130000.0,1540000.0,0.0,0.0,240000.0
El Salvador,SLV,2006,3410000.0,720000.0,2110000.0,1050000.0,710000.0,1350000.0,3010000.0,1840000.0,0.0,0.0,230000.0
El Salvador,SLV,2007,3590000.0,720000.0,2140000.0,830000.0,730000.0,1560000.0,3220000.0,1920000.0,0.0,0.0,360000.0
El Salvador,SLV,2008,3710000.0,720000.0,2160000.0,900000.0,750000.0,1250000.0,3020000.0,1690000.0,0.0,0.0,360000.0
El Salvador,SLV,2009,3520000.0,720000.0,2190000.0,960000.0,750000.0,810000.0,3130000.0,1810000.0,0.0,0.0,360000.0
El Salvador,SLV,2010,3350000.0,720000.0,2210000.0,1060000.0,800000.0,900000.0,3080000.0,1480000.0,0.0,0.0,350000.0
El Salvador,SLV,2011,2980000.0,-20000.0,2230000.0,900000.0,820000.0,1050000.0,3190000.0,1560000.0,0.0,0.0,350000.0
El Salvador,SLV,2012,3120000.0,-20000.0,2260000.0,980000.0,850000.0,1310000.0,2800000.0,1590000.0,0.0,0.0,270000.0
El Salvador,SLV,2013,2610000.0,20000.0,2280000.0,1010000.0,790000.0,850000.0,2840000.0,1690000.0,0.0,0.0,460000.0
El Salvador,SLV,2014,2800000.0,-20000.0,2310000.0,900000.0,720000.0,1050000.0,2870000.0,1720000.0,0.0,0.0,480000.0
El Salvador,SLV,2015,2780000.0,10000.0,2330000.0,880000.0,730000.0,950000.0,3380000.0,1720000.0,0.0,0.0,480000.0
El Salvador,SLV,2016,2550000.0,-200000.0,2350000.0,700000.0,710000.0,1200000.0,3530000.0,1680000.0,0.0,0.0,530000.0
El Salvador,SLV,2017,2390000.0,-170000.0,2380000.0,600000.0,740000.0,1280000.0,3450000.0,990000.0,0.0,0.0,530000.0
El Salvador,SLV,2018,2270000.0,-190000.0,2400000.0,850000.0,820000.0,1410000.0,3560000.0,910000.0,0.0,0.0,560000.0
El Salvador,SLV,2019,2020000.0,-180000.0,2420000.0,1080000.0,910000.0,1610000.0,3840000.0,1180000.0,0.0,0.0,580000.0
El Salvador,SLV,2020,2230000.0,-190000.0,2440000.0,850000.0,830000.0,1360000.0,3280000.0,750000.0,0.0,0.0,230000.0
El Salvador,SLV,2021,2370000.0,-200000.0,2450000.0,810000.0,890000.0,1670000.0,4030000.0,670000.0,0.0,0.0,430000.0
El Salvador,SLV,2022,2120000.0,-190000.0,2470000.0,830000.0,910000.0,2180000.0,4250000.0,830000.0,60000.0,0.0,490000.0
El Salvador,SLV,2023,2190000.0,-200000.0,2560000.0,830000.0,940000.0,2280000.0,4330000.0,1440000.0,60000.0,0.0,570000.0
Equatorial Guinea,GNQ,1990,20000.0,3830000.0,10000.0,129999.0,60000.0,10000.0,10000.0,20000.0,0.0,0.0,10000.0
Equatorial Guinea,GNQ,1991,20000.0,3830000.0,10000.0,129999.0,60000.0,10000.0,10000.0,20000.0,190000.0,0.0,10000.0
Equatorial Guinea,GNQ,1992,20000.0,3830000.0,20000.0,129999.0,60000.0,10000.0,10000.0,20000.0,8500000.0,0.0,10000.0
Equatorial Guinea,GNQ,1993,20000.0,3830000.0,30000.0,140000.0,60000.0,10000.0,20000.0,20000.0,6490000.0,0.0,10000.0
Equatorial Guinea,GNQ,1994,20000.0,3830000.0,40000.0,140000.0,60000.0,20000.0,20000.0,20000.0,7250000.0,0.0,10000.0
Equatorial Guinea,GNQ,1995,20000.0,3830000.0,40000.0,140000.0,60000.0,20000.0,20000.0,20000.0,5540000.0,0.0,10000.0
Equatorial Guinea,GNQ,1996,20000.0,3830000.0,40000.0,140000.0,60000.0,30000.0,40000.0,20000.0,4230000.0,0.0,10000.0
Equatorial Guinea,GNQ,1997,20000.0,3830000.0,50000.0,140000.0,60000.0,40000.0,90000.0,20000.0,5460000.0,0.0,10000.0
Equatorial Guinea,GNQ,1998,20000.0,3830000.0,50000.0,150000.0,60000.0,70000.0,80000.0,30000.0,6890000.0,0.0,20000.0
Equatorial Guinea,GNQ,1999,20000.0,3830000.0,50000.0,160000.0,60000.0,60000.0,120000.0,30000.0,8590000.0,0.0,20000.0
Equatorial Guinea,GNQ,2000,20000.0,3830000.0,60000.0,160000.0,60000.0,100000.0,190000.0,40000.0,7820000.0,0.0,40000.0
Equatorial Guinea,GNQ,2001,20000.0,3810000.0,60000.0,160000.0,70000.0,90000.0,220000.0,60000.0,10440000.0,0.0,40000.0
Equatorial Guinea,GNQ,2002,20000.0,3810000.0,60000.0,160000.0,80000.0,270000.0,300000.0,60000.0,9180000.0,0.0,40000.0
Equatorial Guinea,GNQ,2003,20000.0,3810000.0,70000.0,160000.0,90000.0,300000.0,340000.0,70000.0,10460000.0,0.0,90000.0
Equatorial Guinea,GNQ,2004,20000.0,3810000.0,70000.0,170000.0,90000.0,2240000.0,360000.0,460000.0,12680000.0,0.0,100000.0
Equatorial Guinea,GNQ,2005,20000.0,3810000.0,70000.0,180000.0,100000.0,2270000.0,400000.0,450000.0,13190000.0,0.0,90000.0
Equatorial Guinea,GNQ,2006,20000.0,3810000.0,80000.0,200000.0,110000.0,2210000.0,440000.0,500000.0,12960000.0,0.0,90000.0
Equatorial Guinea,GNQ,2007,20000.0,3810000.0,80000.0,210000.0,120000.0,2640000.0,470000.0,700000.0,13200000.0,0.0,90000.0
Equatorial Guinea,GNQ,2008,20000.0,3810000.0,90000.0,210000.0,129999.0,1940000.0,480000.0,1080000.0,13020000.0,0.0,90000.0
Equatorial Guinea,GNQ,2009,20000.0,3810000.0,90000.0,220000.0,150000.0,1110000.0,500000.0,1080000.0,11610000.0,0.0,90000.0
Equatorial Guinea,GNQ,2010,20000.0,3810000.0,100000.0,230000.0,160000.0,1200000.0,519999.0,1110000.0,11940000.0,0.0,90000.0
Equatorial Guinea,GNQ,2011,20000.0,3890000.0,100000.0,230000.0,160000.0,1170000.0,540000.0,1240000.0,10660000.0,0.0,100000.0
Equatorial Guinea,GNQ,2012,20000.0,3890000.0,110000.0,230000.0,170000.0,1210000.0,560000.0,1480000.0,10240000.0,0.0,110000.0
Equatorial Guinea,GNQ,2013,20000.0,3890000.0,110000.0,230000.0,170000.0,1250000.0,590000.0,1500000.0,10090000.0,0.0,110000.0
Equatorial Guinea,GNQ,2014,20000.0,3890000.0,120000.0,230000.0,180000.0,1250000.0,610000.0,1510000.0,9860000.0,0.0,120000.0
Equatorial Guinea,GNQ,2015,20000.0,3890000.0,120000.0,230000.0,180000.0,1060000.0,620000.0,1530000.0,8900000.0,0.0,120000.0
Equatorial Guinea,GNQ,2016,20000.0,3830000.0,129999.0,230000.0,200000.0,1240000.0,640000.0,1550000.0,7750000.0,0.0,129999.0
Equatorial Guinea,GNQ,2017,20000.0,3830000.0,129999.0,220000.0,210000.0,1150000.0,519999.0,1560000.0,6690000.0,0.0,129999.0
Equatorial Guinea,GNQ,2018,20000.0,3830000.0,140000.0,210000.0,230000.0,1100000.0,490000.0,1430000.0,6460000.0,0.0,120000.0
Equatorial Guinea,GNQ,2019,20000.0,3830000.0,140000.0,200000.0,250000.0,1130000.0,530000.0,1340000.0,5810000.0,0.0,120000.0
Equatorial Guinea,GNQ,2020,20000.0,3830000.0,150000.0,180000.0,259999.0,1039999.0,440000.0,1250000.0,5850000.0,0.0,80000.0
Equatorial Guinea,GNQ,2021,20000.0,3830000.0,150000.0,180000.0,270000.0,1110000.0,450000.0,1330000.0,4860000.0,0.0,70000.0
Equatorial Guinea,GNQ,2022,20000.0,3830000.0,160000.0,200000.0,280000.0,1150000.0,440000.0,1480000.0,4570000.0,0.0,90000.0
Equatorial Guinea,GNQ,2023,20000.0,3830000.0,170000.0,210000.0,300000.0,1320000.0,510000.0,1390000.0,3960000.0,0.0,60000.0
Eritrea,ERI,1990,3490000.0,950000.0,180000.0,0.0,0.0,0.0,0.0,0.0,0.0,0.0,0.0
Eritrea,ERI,1991,3500000.0,950000.0,180000.0,0.0,0.0,0.0,0.0,0.0,0.0,0.0,0.0
Eritrea,ERI,1992,3590000.0,950000.0,190000.0,550000.0,0.0,20000.0,120000.0,270000.0,0.0,0.0,730000.0
Eritrea,ERI,1993,2940000.0,960000.0,210000.0,580000.0,0.0,40000.0,210000.0,330000.0,0.0,0.0,510000.0
Eritrea,ERI,1994,2990000.0,960000.0,230000.0,580000.0,20000.0,50000.0,290000.0,320000.0,0.0,0.0,680000.0
Eritrea,ERI,1995,3040000.0,960000.0,240000.0,620000.0,20000.0,60000.0,330000.0,310000.0,0.0,0.0,450000.0
Eritrea,ERI,1996,3500000.0,950000.0,270000.0,650000.0,20000.0,50000.0,390000.0,330000.0,0.0,0.0,500000.0
Eritrea,ERI,1997,4020000.0,950000.0,290000.0,660000.0,30000.0,50000.0,370000.0,300000.0,0.0,0.0,259999.0
Eritrea,ERI,1998,4240000.0,950000.0,300000.0,450000.0,20000.0,40000.0,230000.0,240000.0,0.0,0.0,20000.0
Eritrea,ERI,1999,4350000.0,960000.0,320000.0,460000.0,20000.0,40000.0,210000.0,290000.0,0.0,0.0,30000.0
Eritrea,ERI,2000,4520000.0,990000.0,240000.0,480000.0,20000.0,40000.0,210000.0,280000.0,0.0,0.0,30000.0
Eritrea,ERI,2001,4159999.0,940000.0,250000.0,500000.0,20000.0,40000.0,250000.0,290000.0,0.0,0.0,60000.0
Eritrea,ERI,2002,4110000.0,940000.0,259999.0,500000.0,30000.0,40000.0,280000.0,259999.0,0.0,0.0,30000.0
Eritrea,ERI,2003,4230000.0,940000.0,280000.0,510000.0,30000.0,40000.0,280000.0,270000.0,0.0,0.0,40000.0
Eritrea,ERI,2004,4290000.0,940000.0,290000.0,370000.0,30000.0,40000.0,259999.0,310000.0,0.0,0.0,40000.0
Eritrea,ERI,2005,4370000.0,940000.0,300000.0,380000.0,30000.0,30000.0,190000.0,270000.0,0.0,0.0,30000.0
Eritrea,ERI,2006,4210000.0,940000.0,310000.0,390000.0,40000.0,30000.0,160000.0,250000.0,0.0,0.0,50000.0
Eritrea,ERI,2007,4520000.0,940000.0,320000.0,390000.0,40000.0,20000.0,140000.0,259999.0,0.0,0.0,80000.0
Eritrea,ERI,2008,4510000.0,940000.0,330000.0,390000.0,40000.0,20000.0,120000.0,230000.0,0.0,0.0,40000.0
Eritrea,ERI,2009,4520000.0,940000.0,340000.0,390000.0,40000.0,30000.0,120000.0,250000.0,0.0,0.0,50000.0
Eritrea,ERI,2010,4400000.0,940000.0,350000.0,400000.0,50000.0,20000.0,140000.0,270000.0,0.0,0.0,40000.0
Eritrea,ERI,2011,4600000.0,950000.0,360000.0,420000.0,100000.0,20000.0,240000.0,220000.0,0.0,0.0,60000.0
Eritrea,ERI,2012,4620000.0,950000.0,370000.0,420000.0,129999.0,20000.0,210000.0,250000.0,0.0,0.0,50000.0
Eritrea,ERI,2013,4660000.0,950000.0,370000.0,420000.0,129999.0,20000.0,200000.0,230000.0,0.0,0.0,50000.0
Eritrea,ERI,2014,4680000.0,950000.0,380000.0,430000.0,140000.0,20000.0,200000.0,240000.0,0.0,0.0,70000.0
Eritrea,ERI,2015,4700000.0,950000.0,390000.0,430000.0,129999.0,20000.0,200000.0,230000.0,0.0,0.0,30000.0
Eritrea,ERI,2016,4740000.0,950000.0,390000.0,440000.0,129999.0,20000.0,200000.0,240000.0,0.0,0.0,40000.0
Eritrea,ERI,2017,4760000.0,950000.0,400000.0,470000.0,120000.0,20000.0,200000.0,230000.0,0.0,0.0,60000.0
Eritrea,ERI,2018,4800000.0,950000.0,410000.0,480000.0,129999.0,20000.0,220000.0,280000.0,0.0,0.0,110000.0
Eritrea,ERI,2019,4820000.0,950000.0,410000.0,480000.0,129999.0,20000.0,230000.0,290000.0,0.0,0.0,100000.0
Eritrea,ERI,2020,4890000.0,950000.0,420000.0,490000.0,120000.0,20000.0,220000.0,310000.0,0.0,0.0,80000.0
Eritrea,ERI,2021,4850000.0,950000.0,430000.0,500000.0,129999.0,20000.0,230000.0,330000.0,0.0,0.0,80000.0
Eritrea,ERI,2022,4870000.0,950000.0,440000.0,510000.0,140000.0,20000.0,240000.0,350000.0,0.0,0.0,100000.0
Eritrea,ERI,2023,4890000.0,950000.0,450000.0,519999.0,140000.0,20000.0,250000.0,370000.0,0.0,0.0,110000.0
Estonia,EST,1990,3740000.0,-129999.0,640000.0,1340000.0,170000.0,3620000.0,2470000.0,28280000.0,120000.0,610000.0,690000.0
Estonia,EST,1991,3620000.0,-129999.0,670000.0,1320000.0,140000.0,3500000.0,2240000.0,25860000.0,120000.0,570000.0,790000.0
Estonia,EST,1992,3540000.0,-180000.0,700000.0,750000.0,400000.0,2040000.0,1170000.0,19570000.0,80000.0,450000.0,430000.0
Estonia,EST,1993,3180000.0,-180000.0,740000.0,600000.0,270000.0,1880000.0,1310000.0,14950000.0,60000.0,370000.0,540000.0
Estonia,EST,1994,2700000.0,-180000.0,740000.0,530000.0,430000.0,1590000.0,1610000.0,15490000.0,70000.0,210000.0,450000.0
Estonia,EST,1995,2540000.0,-70000.0,730000.0,640000.0,450000.0,1610000.0,1590000.0,13410000.0,70000.0,160000.0,340000.0
Estonia,EST,1996,2350000.0,-50000.0,770000.0,750000.0,470000.0,1690000.0,1680000.0,13980000.0,80000.0,220000.0,340000.0
Estonia,EST,1997,2240000.0,-30000.0,830000.0,680000.0,500000.0,1450000.0,1770000.0,13830000.0,80000.0,170000.0,390000.0
Estonia,EST,1998,2240000.0,129999.0,850000.0,590000.0,500000.0,1290000.0,1830000.0,12490000.0,70000.0,180000.0,390000.0
Estonia,EST,1999,2210000.0,490000.0,860000.0,630000.0,480000.0,900000.0,1710000.0,12160000.0,70000.0,90000.0,420000.0
Estonia,EST,2000,2120000.0,620000.0,910000.0,650000.0,510000.0,960000.0,1700000.0,11510000.0,70000.0,100000.0,400000.0
Estonia,EST,2001,2060000.0,1090000.0,920000.0,690000.0,530000.0,1150000.0,2030000.0,11080000.0,80000.0,230000.0,370000.0
Estonia,EST,2002,2069999.0,1130000.0,910000.0,610000.0,490000.0,830000.0,2130000.0,10920000.0,70000.0,259999.0,430000.0
Estonia,EST,2003,2060000.0,1150000.0,880000.0,650000.0,490000.0,970000.0,2060000.0,12690000.0,90000.0,280000.0,420000.0
Estonia,EST,2004,2100000.0,1220000.0,880000.0,670000.0,560000.0,980000.0,2100000.0,12730000.0,90000.0,250000.0,580000.0
Estonia,EST,2005,2069999.0,1230000.0,850000.0,640000.0,620000.0,1030000.0,2210000.0,12510000.0,90000.0,240000.0,540000.0
Estonia,EST,2006,2069999.0,1250000.0,830000.0,590000.0,680000.0,1030000.0,2360000.0,11710000.0,100000.0,210000.0,840000.0
Estonia,EST,2007,2089999.0,1290000.0,800000.0,590000.0,880000.0,1310000.0,2480000.0,14780000.0,100000.0,220000.0,970000.0
Estonia,EST,2008,2140000.0,1300000.0,790000.0,570000.0,870000.0,1180000.0,2380000.0,12710000.0,100000.0,230000.0,1010000.0
Estonia,EST,2009,2079999.0,1330000.0,810000.0,530000.0,430000.0,750000.0,2190000.0,10350000.0,90000.0,220000.0,830000.0
Estonia,EST,2010,2079999.0,1400000.0,800000.0,540000.0,490000.0,790000.0,2310000.0,14530000.0,80000.0,220000.0,810000.0
Estonia,EST,2011,2100000.0,-3550000.0,760000.0,560000.0,600000.0,850000.0,2300000.0,14290000.0,80000.0,270000.0,740000.0
Estonia,EST,2012,2140000.0,-3540000.0,740000.0,580000.0,610000.0,830000.0,2330000.0,12740000.0,100000.0,270000.0,1470000.0
Estonia,EST,2013,2160000.0,-3520000.0,690000.0,580000.0,670000.0,1070000.0,2280000.0,14470000.0,100000.0,270000.0,1500000.0
Estonia,EST,2014,2220000.0,-3540000.0,660000.0,600000.0,640000.0,820000.0,2280000.0,13300000.0,90000.0,330000.0,1180000.0
Estonia,EST,2015,2250000.0,-3540000.0,630000.0,590000.0,430000.0,670000.0,2350000.0,10460000.0,90000.0,340000.0,1080000.0
Estonia,EST,2016,2120000.0,8690000.0,610000.0,600000.0,420000.0,690000.0,2400000.0,11930000.0,90000.0,340000.0,1010000.0
Estonia,EST,2017,2160000.0,8690000.0,600000.0,590000.0,540000.0,640000.0,2480000.0,12670000.0,110000.0,330000.0,1180000.0
Estonia,EST,2018,2140000.0,8720000.0,590000.0,590000.0,530000.0,670000.0,2530000.0,11590000.0,120000.0,330000.0,1190000.0
Estonia,EST,2019,2200000.0,8710000.0,590000.0,560000.0,519999.0,730000.0,2500000.0,5920000.0,120000.0,300000.0,790000.0
Estonia,EST,2020,2200000.0,8730000.0,580000.0,560000.0,210000.0,470000.0,2330000.0,3640000.0,100000.0,290000.0,1010000.0
Estonia,EST,2021,2200000.0,9070000.0,580000.0,570000.0,190000.0,350000.0,2460000.0,4970000.0,110000.0,210000.0,1090000.0
Estonia,EST,2022,2180000.0,9070000.0,580000.0,480000.0,200000.0,320000.0,2530000.0,6620000.0,90000.0,240000.0,1140000.0
Estonia,EST,2023,2120000.0,9070000.0,570000.0,470000.0,210000.0,290000.0,2530000.0,3270000.0,110000.0,220000.0,890000.0
Eswatini,SWZ,1990,1210000.0,330000.0,380000.0,710000.0,10000.0,259999.0,460000.0,270000.0,100000.0,30000.0,0.0
Eswatini,SWZ,1991,1240000.0,330000.0,400000.0,700000.0,20000.0,259999.0,470000.0,240000.0,80000.0,30000.0,0.0
Eswatini,SWZ,1992,1280000.0,330000.0,420000.0,650000.0,20000.0,150000.0,450000.0,210000.0,60000.0,30000.0,0.0
Eswatini,SWZ,1993,1070000.0,330000.0,430000.0,640000.0,30000.0,160000.0,450000.0,100000.0,30000.0,40000.0,0.0
Eswatini,SWZ,1994,1080000.0,330000.0,460000.0,710000.0,40000.0,720000.0,460000.0,100000.0,110000.0,40000.0,0.0
Eswatini,SWZ,1995,1100000.0,330000.0,430000.0,700000.0,50000.0,730000.0,460000.0,50000.0,110000.0,40000.0,0.0
Eswatini,SWZ,1996,1110000.0,390000.0,440000.0,680000.0,40000.0,610000.0,310000.0,50000.0,80000.0,40000.0,0.0
Eswatini,SWZ,1997,1090000.0,360000.0,450000.0,680000.0,30000.0,490000.0,420000.0,60000.0,129999.0,40000.0,0.0
Eswatini,SWZ,1998,1080000.0,430000.0,460000.0,670000.0,30000.0,500000.0,440000.0,60000.0,210000.0,40000.0,0.0
Eswatini,SWZ,1999,1030000.0,380000.0,460000.0,660000.0,20000.0,530000.0,500000.0,50000.0,220000.0,40000.0,0.0
Eswatini,SWZ,2000,1010000.0,350000.0,470000.0,540000.0,20000.0,330000.0,519999.0,160000.0,240000.0,40000.0,0.0
Eswatini,SWZ,2001,900000.0,310000.0,470000.0,560000.0,20000.0,390000.0,450000.0,170000.0,200000.0,30000.0,0.0
Eswatini,SWZ,2002,970000.0,300000.0,480000.0,530000.0,20000.0,330000.0,460000.0,220000.0,259999.0,30000.0,0.0
Eswatini,SWZ,2003,1030000.0,310000.0,480000.0,510000.0,20000.0,250000.0,480000.0,210000.0,280000.0,30000.0,0.0
Eswatini,SWZ,2004,1050000.0,320000.0,480000.0,500000.0,20000.0,240000.0,480000.0,210000.0,300000.0,30000.0,0.0
Eswatini,SWZ,2005,1070000.0,310000.0,490000.0,480000.0,20000.0,220000.0,510000.0,200000.0,280000.0,30000.0,0.0
Eswatini,SWZ,2006,990000.0,300000.0,490000.0,470000.0,20000.0,220000.0,510000.0,210000.0,280000.0,30000.0,0.0
Eswatini,SWZ,2007,1070000.0,450000.0,490000.0,470000.0,20000.0,230000.0,530000.0,220000.0,290000.0,30000.0,0.0
Eswatini,SWZ,2008,1060000.0,400000.0,490000.0,460000.0,20000.0,240000.0,500000.0,220000.0,280000.0,30000.0,0.0
Eswatini,SWZ,2009,1050000.0,300000.0,500000.0,460000.0,30000.0,190000.0,580000.0,230000.0,180000.0,30000.0,0.0
Eswatini,SWZ,2010,1130000.0,330000.0,500000.0,360000.0,30000.0,129999.0,600000.0,80000.0,90000.0,40000.0,0.0
Eswatini,SWZ,2011,1120000.0,330000.0,500000.0,370000.0,30000.0,120000.0,530000.0,40000.0,90000.0,80000.0,0.0
Eswatini,SWZ,2012,1140000.0,330000.0,510000.0,370000.0,30000.0,150000.0,530000.0,60000.0,90000.0,30000.0,0.0
Eswatini,SWZ,2013,1130000.0,330000.0,510000.0,420000.0,30000.0,140000.0,690000.0,50000.0,80000.0,30000.0,0.0
Eswatini,SWZ,2014,1110000.0,330000.0,510000.0,430000.0,40000.0,150000.0,690000.0,50000.0,80000.0,30000.0,0.0
Eswatini,SWZ,2015,1039999.0,310000.0,519999.0,470000.0,40000.0,240000.0,590000.0,50000.0,80000.0,30000.0,0.0
Eswatini,SWZ,2016,960000.0,310000.0,519999.0,540000.0,40000.0,330000.0,490000.0,60000.0,100000.0,30000.0,0.0
Eswatini,SWZ,2017,960000.0,310000.0,519999.0,410000.0,40000.0,300000.0,600000.0,40000.0,110000.0,20000.0,10000.0
Eswatini,SWZ,2018,950000.0,300000.0,530000.0,410000.0,40000.0,300000.0,600000.0,40000.0,80000.0,20000.0,10000.0
Eswatini,SWZ,2019,1030000.0,340000.0,530000.0,340000.0,40000.0,280000.0,700000.0,80000.0,70000.0,60000.0,10000.0
Eswatini,SWZ,2020,1020000.0,300000.0,540000.0,310000.0,40000.0,129999.0,770000.0,40000.0,70000.0,40000.0,0.0
Eswatini,SWZ,2021,1050000.0,310000.0,540000.0,320000.0,50000.0,150000.0,750000.0,40000.0,70000.0,60000.0,0.0
Eswatini,SWZ,2022,980000.0,290000.0,550000.0,320000.0,50000.0,160000.0,880000.0,40000.0,140000.0,0.0,0.0
Eswatini,SWZ,2023,970000.0,300000.0,550000.0,410000.0,50000.0,340000.0,670000.0,40000.0,140000.0,60000.0,10000.0
Ethiopia,ETH,1990,57620000.0,30710000.0,1540000.0,13610000.0,150000.0,550000.0,950000.0,300000.0,10000.0,270000.0,570000.0
Ethiopia,ETH,1991,57780000.0,30710000.0,1600000.0,14200000.0,129999.0,560000.0,950000.0,320000.0,10000.0,270000.0,590000.0
Ethiopia,ETH,1992,59190000.0,30710000.0,1700000.0,14900000.0,140000.0,259999.0,740000.0,70000.0,0.0,100000.0,120000.0
Ethiopia,ETH,1993,52370000.0,30700000.0,1790000.0,15500000.0,160000.0,390000.0,890000.0,80000.0,0.0,120000.0,150000.0
Ethiopia,ETH,1994,52930000.0,30700000.0,1880000.0,16059999.0,210000.0,519999.0,1000000.0,70000.0,0.0,129999.0,190000.0
Ethiopia,ETH,1995,53060000.0,30740000.0,2069999.0,16639999.0,270000.0,570000.0,1120000.0,80000.0,10000.0,150000.0,200000.0
Ethiopia,ETH,1996,55920000.0,30260000.0,2250000.0,17260000.0,300000.0,610000.0,1240000.0,70000.0,10000.0,170000.0,190000.0
Ethiopia,ETH,1997,57690000.0,32210000.0,2440000.0,17830000.0,320000.0,660000.0,1310000.0,50000.0,10000.0,190000.0,170000.0
Ethiopia,ETH,1998,63210000.0,32080002.0,2650000.0,18350000.0,320000.0,720000.0,1440000.0,40000.0,10000.0,210000.0,170000.0
Ethiopia,ETH,1999,62500000.0,33410000.0,2850000.0,18870000.0,280000.0,710000.0,1480000.0,20000.0,10000.0,210000.0,190000.0
Ethiopia,ETH,2000,58800000.0,32570000.0,3160000.0,19450000.0,380000.0,790000.0,1620000.0,20000.0,10000.0,240000.0,210000.0
Ethiopia,ETH,2001,61510000.0,31320000.0,3210000.0,20230000.0,390000.0,960000.0,2030000.0,20000.0,10000.0,300000.0,250000.0
Ethiopia,ETH,2002,70410000.0,30340000.0,3230000.0,20830000.0,400000.0,1010000.0,2120000.0,20000.0,10000.0,320000.0,240000.0
Ethiopia,ETH,2003,67740000.0,30650000.0,3540000.0,21740000.0,500000.0,950000.0,2210000.0,10000.0,10000.0,340000.0,230000.0
Ethiopia,ETH,2004,69320000.0,30690000.0,3690000.0,22190000.0,580000.0,1120000.0,2390000.0,20000.0,10000.0,380000.0,350000.0
Ethiopia,ETH,2005,72740000.0,30880000.0,3880000.0,22630000.0,690000.0,1150000.0,2160000.0,10000.0,10000.0,350000.0,460000.0
Ethiopia,ETH,2006,77180000.0,30870000.0,4390000.0,23300000.0,760000.0,1230000.0,2300000.0,10000.0,10000.0,390000.0,560000.0
Ethiopia,ETH,2007,86420000.0,31260000.0,4460000.0,24310000.0,720000.0,1340000.0,2500000.0,170000.0,10000.0,430000.0,700000.0
Ethiopia,ETH,2008,89830000.0,30790000.0,5170000.0,24760000.0,810000.0,1390000.0,2580000.0,450000.0,10000.0,450000.0,680000.0
Ethiopia,ETH,2009,93990000.0,30210000.0,5610000.0,25340000.0,770000.0,1350000.0,2700000.0,490000.0,10000.0,460000.0,790000.0
Ethiopia,ETH,2010,98460000.0,30570000.0,6020000.0,25920000.0,760000.0,1710000.0,2760000.0,60000.0,10000.0,480000.0,1020000.0
Ethiopia,ETH,2011,96430000.0,26290000.0,6630000.0,26570000.0,940000.0,2460000.0,2920000.0,50000.0,20000.0,510000.0,1020000.0
Ethiopia,ETH,2012,100660000.0,26370000.0,7100000.0,27330000.0,1510000.0,2290000.0,3310000.0,20000.0,20000.0,570000.0,1190000.0
Ethiopia,ETH,2013,103360000.0,26110000.0,7390000.0,27960000.0,1910000.0,2870000.0,3870000.0,10000.0,20000.0,680000.0,1310000.0
Ethiopia,ETH,2014,107000000.0,26200000.0,6780000.0,28780000.0,2280000.0,3790000.0,4320000.0,10000.0,20000.0,750000.0,1460000.0
Ethiopia,ETH,2015,109440000.0,25910000.0,6180000.0,29230000.0,3090000.0,3460000.0,4800000.0,0.0,20000.0,810000.0,1530000.0
Ethiopia,ETH,2016,112880000.0,7950000.0,5570000.0,29590000.0,3500000.0,4270000.0,5840000.0,0.0,20000.0,990000.0,1890000.0
Ethiopia,ETH,2017,115050000.0,8050000.0,4960000.0,29930000.0,3750000.0,3930000.0,6190000.0,0.0,20000.0,1020000.0,2190000.0
Ethiopia,ETH,2018,116390000.0,7950000.0,4350000.0,30550000.0,3920000.0,4560000.0,6880000.0,0.0,20000.0,1130000.0,2350000.0
Ethiopia,ETH,2019,125750000.0,8050000.0,4470000.0,31230000.0,3630000.0,5010000.0,7670000.0,0.0,30000.0,1260000.0,2630000.0
Ethiopia,ETH,2020,133810000.0,8420000.0,4600000.0,31860000.0,4080000.0,4500000.0,7060000.0,0.0,20000.0,1070000.0,1220000.0
Ethiopia,ETH,2021,126820000.0,8340000.0,4730000.0,31820000.0,3970000.0,5050000.0,7650000.0,0.0,30000.0,1140000.0,2650000.0
Ethiopia,ETH,2022,128009992.0,7830000.0,4860000.0,33340000.0,3250000.0,5910000.0,7430000.0,0.0,30000.0,1090000.0,3310000.0
Ethiopia,ETH,2023,136130000.0,7720000.0,4990000.0,34180000.0,3270000.0,6020000.0,7090000.0,0.0,30000.0,1010000.0,3570000.0
Europe,OWID_EUR,1990,1020179968.0,-1349390080.0,343540000.0,1111750016.0,396689984.0,1239929984.0,1187549952.0,3456620032.0,653440000.0,265490000.0,233230000.0
Europe,OWID_EUR,1991,981180032.0,-1349390080.0,347950016.0,1124659968.0,380369984.0,1140880000.0,1200370048.0,3428029952.0,604120000.0,256500000.0,219490000.0
Europe,OWID_EUR,1992,918860032.0,-1349399936.0,348900000.0,1010939968.0,404420000.0,1045120000.0,1179190016.0,3301890048.0,610200000.0,189510000.0,221160000.0
Europe,OWID_EUR,1993,882329984.0,-1349469952.0,349410016.0,1021230016.0,370180000.0,940910016.0,1131600000.0,3084790016.0,601270016.0,218210000.0,220430000.0
Europe,OWID_EUR,1994,853870016.0,-1349560064.0,347329984.0,951540032.0,373160000.0,887070016.0,1100780032.0,2941040128.0,596510016.0,172510000.0,219800000.0
Europe,OWID_EUR,1995,819529984.0,-1348950016.0,348629984.0,940430016.0,380389984.0,940260032.0,1093580032.0,2875780096.0,584470016.0,172420000.0,224310000.0
Europe,OWID_EUR,1996,800129984.0,-1334960000.0,347269984.0,1000310016.0,374240000.0,907710016.0,1112489984.0,2898040064.0,559080000.0,160380000.0,233870000.0
Europe,OWID_EUR,1997,773769984.0,-1348290048.0,344720000.0,934080000.0,385380000.0,888440000.0,1118279936.0,2770789888.0,543819968.0,154170000.0,247900000.0
Europe,OWID_EUR,1998,748830016.0,-1340259968.0,340750016.0,908170048.0,371560000.0,840950016.0,1174220032.0,2768160000.0,547779968.0,139920000.0,258860000.0
Europe,OWID_EUR,1999,729129984.0,-1344210048.0,335280000.0,913899968.0,340540000.0,821910016.0,1189159936.0,2727620096.0,548080000.0,133110000.0,260420000.0
Europe,OWID_EUR,2000,716830016.0,-1341600000.0,331869984.0,884830016.0,350300000.0,857540032.0,1177529984.0,2765530112.0,559720000.0,135760000.0,275820000.0
Europe,OWID_EUR,2001,704369984.0,-1450679936.0,328560000.0,926190016.0,338600000.0,853430016.0,1200200064.0,2788130048.0,572670016.0,134770000.0,277770016.0
Europe,OWID_EUR,2002,698270016.0,-1448409984.0,324149984.0,882550016.0,326260000.0,836120000.0,1215680000.0,2812209920.0,582070016.0,130580000.0,278960000.0
Europe,OWID_EUR,2003,693910016.0,-1446020096.0,318650016.0,914209984.0,326709984.0,849310016.0,1241260032.0,2913230080.0,629560000.0,124360000.0,285160000.0
Europe,OWID_EUR,2004,677440000.0,-1448129920.0,310449984.0,905969984.0,345600000.0,833409984.0,1282380032.0,2874960128.0,625750016.0,125510000.0,301390016.0
Europe,OWID_EUR,2005,662390016.0,-1450700032.0,304580000.0,895390016.0,351520000.0,798089984.0,1281680000.0,2885890048.0,664089984.0,119490000.0,312549984.0
Europe,OWID_EUR,2006,654340032.0,-1448579968.0,299930016.0,898409984.0,351040000.0,785979968.0,1306790016.0,2957789952.0,633160000.0,110100000.0,329200000.0
Europe,OWID_EUR,2007,658059968.0,-1451620096.0,295500000.0,815809984.0,363900000.0,808169984.0,1328220032.0,2942830080.0,643680000.0,108640000.0,341100000.0
Europe,OWID_EUR,2008,659390016.0,-1445089920.0,288500000.0,872249984.0,343630016.0,779790016.0,1322999936.0,2852740096.0,601030016.0,107030000.0,344260000.0
Europe,OWID_EUR,2009,644550016.0,-1450540032.0,283769984.0,835400000.0,291160000.0,663190016.0,1266390016.0,2626200064.0,593769984.0,97310000.0,314740000.0
Europe,OWID_EUR,2010,642440000.0,-1447699968.0,277280000.0,876380032.0,293289984.0,713809984.0,1277049984.0,2744999936.0,571030016.0,98390000.0,320360000.0
Europe,OWID_EUR,2011,637040000.0,-1176579968.0,273530016.0,786270016.0,292809984.0,719880000.0,1278360064.0,2783709952.0,586100032.0,99430000.0,330500000.0
Europe,OWID_EUR,2012,635809984.0,-1172130048.0,271429984.0,792569984.0,303420000.0,741710016.0,1230640000.0,2766159872.0,540259968.0,95640000.0,302829984.0
Europe,OWID_EUR,2013,639240000.0,-1179939968.0,266130000.0,802449984.0,304689984.0,729259968.0,1225110016.0,2641890048.0,528509984.0,95930000.0,305470016.0
Europe,OWID_EUR,2014,647060032.0,-1172499968.0,262740000.0,719230016.0,307580000.0,739030016.0,1231149952.0,2456430080.0,500180000.0,94670000.0,333420000.0
Europe,OWID_EUR,2015,645150016.0,-1179510016.0,262620000.0,750870016.0,290040000.0,724299968.0,1242969984.0,2412839936.0,481170016.0,92050000.0,330440000.0
Europe,OWID_EUR,2016,646030016.0,-905249984.0,261460000.0,768870016.0,290009984.0,727750016.0,1266739968.0,2339089920.0,492209984.0,99690000.0,334000000.0
Europe,OWID_EUR,2017,646260032.0,-907470016.0,263090000.0,784830016.0,310070016.0,725550016.0,1289360000.0,2314390016.0,482249984.0,100700000.0,350680000.0
Europe,OWID_EUR,2018,630649984.0,-903889984.0,264290000.0,807369984.0,322060000.0,723080000.0,1301100032.0,2270530048.0,499420000.0,109490000.0,363789984.0
Europe,OWID_EUR,2019,629720000.0,-904369984.0,265130000.0,780739968.0,305149984.0,737600000.0,1312400000.0,2108179968.0,503270016.0,107250000.0,361820000.0
Europe,OWID_EUR,2020,632870016.0,-906500032.0,265200000.0,772700032.0,299609984.0,713630016.0,1139699968.0,1928359936.0,484290016.0,100560000.0,228820000.0
Europe,OWID_EUR,2021,621929984.0,-1081920000.0,265140000.0,809409984.0,307940000.0,759880000.0,1244029952.0,2079400064.0,508620000.0,103060000.0,245130000.0
Europe,OWID_EUR,2022,601360000.0,-1081459968.0,256020000.0,727520000.0,307350016.0,702400000.0,1248669952.0,2059350016.0,486649984.0,120520000.0,305870016.0
Europe,OWID_EUR,2023,594200000.0,-1082099968.0,259910000.0,680120000.0,308370016.0,679720000.0,1245920000.0,1921779968.0,486100000.0,120390000.0,315300000.0
European Union (27),OWID_EU27,1990,532159968.0,-275369984.0,180440000.0,622030016.0,226880000.0,671739968.0,659020032.0,1475579904.0,116560000.0,98540000.0,160120000.0
European Union (27),OWID_EU27,1991,508609984.0,-275369984.0,184240000.0,650680000.0,215720000.0,608969984.0,667560000.0,1467229952.0,111230000.0,99750000.0,158530000.0
European Union (27),OWID_EU27,1992,483380000.0,-275460000.0,186310000.0,604210048.0,223810000.0,552830016.0,685889984.0,1434989952.0,106930000.0,93080000.0,163250000.0
European Union (27),OWID_EU27,1993,466589984.0,-275500000.0,186620000.0,611059968.0,220180000.0,533320000.0,691040000.0,1382530048.0,105080000.0,95610000.0,165800000.0
European Union (27),OWID_EU27,1994,460440000.0,-275540000.0,184770000.0,568710016.0,235360000.0,549539968.0,695689984.0,1384920064.0,104370000.0,96410000.0,168060000.0
European Union (27),OWID_EU27,1995,452900000.0,-275230016.0,184180000.0,579940032.0,244680000.0,564889984.0,704510016.0,1396630016.0,108510000.0,95890000.0,171730000.0
European Union (27),OWID_EU27,1996,455510016.0,-275340000.0,182290000.0,632390016.0,246530000.0,562289984.0,727680000.0,1427020032.0,107560000.0,97810000.0,179480000.0
European Union (27),OWID_EU27,1997,453980000.0,-275269984.0,178860000.0,591210048.0,247390000.0,561680000.0,739150016.0,1386089984.0,106570000.0,96060000.0,190790000.0
European Union (27),OWID_EU27,1998,449080000.0,-274769984.0,175410000.0,577689984.0,233950000.0,534760000.0,768840000.0,1385590016.0,97310000.0,94790000.0,199980000.0
European Union (27),OWID_EU27,1999,446060000.0,-274470016.0,171560000.0,567600000.0,223090000.0,510209984.0,786830016.0,1349069952.0,94030000.0,88720000.0,200900000.0
European Union (27),OWID_EU27,2000,441470016.0,-273489984.0,169490000.0,541979968.0,225600000.0,522890016.0,786600000.0,1369389952.0,88940000.0,88000000.0,214070000.0
European Union (27),OWID_EU27,2001,434460000.0,-275369984.0,166510000.0,579160000.0,215460000.0,514880000.0,801160000.0,1387750016.0,88210000.0,85730000.0,216110000.0
European Union (27),OWID_EU27,2002,430520000.0,-275480000.0,162520000.0,557090048.0,212150000.0,500670016.0,809310016.0,1410829952.0,87700000.0,83650000.0,218650000.0
European Union (27),OWID_EU27,2003,425890016.0,-275149984.0,159270000.0,586419968.0,217860000.0,510540000.0,823590016.0,1454699904.0,88340000.0,76630000.0,225370000.0
European Union (27),OWID_EU27,2004,424630016.0,-275640000.0,153720000.0,581880000.0,226330000.0,494880000.0,843460032.0,1454489984.0,84650000.0,77900000.0,238630000.0
European Union (27),OWID_EU27,2005,417470016.0,-274940000.0,148230000.0,582909952.0,228430000.0,484340000.0,841700032.0,1448689920.0,83830000.0,78220000.0,245190000.0
European Union (27),OWID_EU27,2006,413720000.0,-275060000.0,144210000.0,581750016.0,229130000.0,467510016.0,853889984.0,1464069888.0,82770000.0,75310000.0,259989984.0
European Union (27),OWID_EU27,2007,418760000.0,-274829984.0,140240000.0,506380000.0,238070000.0,469070016.0,862909952.0,1488470016.0,78050000.0,70940000.0,271350016.0
European Union (27),OWID_EU27,2008,414520000.0,-274900000.0,135950000.0,550419968.0,225910000.0,450010016.0,846140032.0,1412030080.0,75340000.0,69780000.0,271410016.0
European Union (27),OWID_EU27,2009,407869984.0,-274670016.0,133470000.0,538520000.0,200760000.0,373940000.0,819400000.0,1299939968.0,68940000.0,67340000.0,244850000.0
European Union (27),OWID_EU27,2010,408040000.0,-274180000.0,129780000.0,566750016.0,195250000.0,401730016.0,813009984.0,1336499968.0,69550000.0,69860000.0,246880000.0
European Union (27),OWID_EU27,2011,400910016.0,-273549984.0,125040000.0,495890016.0,192590000.0,402020000.0,810369984.0,1319289984.0,68200000.0,67250000.0,249000000.0
European Union (27),OWID_EU27,2012,400570016.0,-273280000.0,121760000.0,511109984.0,188540000.0,386470016.0,778400000.0,1298199936.0,67760000.0,65760004.0,237560000.0
European Union (27),OWID_EU27,2013,403089984.0,-273429984.0,116310000.0,520429984.0,185120000.0,379800000.0,771179968.0,1230409984.0,63330000.0,66040000.0,230450000.0
European Union (27),OWID_EU27,2014,407549984.0,-273510016.0,111960000.0,444020000.0,189690000.0,368750016.0,777409984.0,1161980032.0,60040000.0,63630000.0,227720000.0
European Union (27),OWID_EU27,2015,411029984.0,-273540000.0,110040000.0,468410016.0,181360000.0,367880000.0,792440000.0,1184280064.0,59310000.0,62660000.0,230670000.0
European Union (27),OWID_EU27,2016,410510016.0,-92950000.0,107330000.0,477609984.0,181680000.0,372520000.0,811800000.0,1162130048.0,57720000.0,62070000.0,242070000.0
European Union (27),OWID_EU27,2017,410730016.0,-92160000.0,106170000.0,475100000.0,181730000.0,373089984.0,826840000.0,1169120000.0,56330000.0,62930000.0,252360000.0
European Union (27),OWID_EU27,2018,396420000.0,-92000000.0,104740000.0,456940000.0,178180000.0,377750016.0,827049984.0,1110189952.0,54080000.0,71130000.0,262590000.0
European Union (27),OWID_EU27,2019,394649984.0,-91720000.0,103640000.0,443429984.0,172480000.0,367760000.0,833289984.0,991489984.0,51520000.0,70110000.0,263670016.0
European Union (27),OWID_EU27,2020,396200000.0,-91480000.0,102540000.0,439390016.0,162270000.0,354420000.0,718430016.0,861169984.0,47430000.0,71740000.0,177650000.0
European Union (27),OWID_EU27,2021,386369984.0,105390000.0,100230000.0,453890016.0,167400000.0,386740000.0,779449984.0,929830016.0,48190000.0,72170000.0,195150000.0
European Union (27),OWID_EU27,2022,373960000.0,105580000.0,99490000.0,399829984.0,166950000.0,358829984.0,800460032.0,938889984.0,44130000.0,70060000.0,237210000.0
European Union (27),OWID_EU27,2023,370760000.0,105430000.0,99500000.0,367910016.0,166300000.0,337240000.0,793820032.0,775059968.0,41440000.0,68930000.0,239190000.0
Fiji,FJI,1990,950000.0,-2880000.0,10000.0,70000.0,40000.0,90000.0,410000.0,60000.0,0.0,40000.0,280000.0
Fiji,FJI,1991,970000.0,-2880000.0,10000.0,50000.0,40000.0,100000.0,420000.0,60000.0,0.0,50000.0,220000.0
Fiji,FJI,1992,980000.0,-2880000.0,10000.0,50000.0,40000.0,110000.0,450000.0,60000.0,0.0,50000.0,290000.0
Fiji,FJI,1993,1050000.0,-2880000.0,10000.0,50000.0,40000.0,120000.0,430000.0,60000.0,0.0,50000.0,330000.0
Fiji,FJI,1994,1100000.0,-2880000.0,110000.0,50000.0,40000.0,120000.0,420000.0,80000.0,0.0,40000.0,360000.0
Fiji,FJI,1995,1150000.0,-2880000.0,110000.0,50000.0,40000.0,120000.0,430000.0,100000.0,0.0,10000.0,380000.0
Fiji,FJI,1996,1140000.0,-2880000.0,110000.0,50000.0,40000.0,120000.0,430000.0,150000.0,0.0,20000.0,400000.0
Fiji,FJI,1997,1140000.0,-2870000.0,110000.0,50000.0,50000.0,129999.0,430000.0,120000.0,0.0,20000.0,430000.0
Fiji,FJI,1998,1120000.0,-2870000.0,110000.0,50000.0,40000.0,120000.0,420000.0,120000.0,0.0,20000.0,450000.0
Fiji,FJI,1999,1070000.0,-2880000.0,120000.0,50000.0,50000.0,120000.0,420000.0,140000.0,0.0,20000.0,500000.0
Fiji,FJI,2000,1050000.0,-2880000.0,120000.0,40000.0,50000.0,129999.0,460000.0,160000.0,0.0,20000.0,700000.0
Fiji,FJI,2001,1080000.0,-2590000.0,120000.0,60000.0,10000.0,150000.0,560000.0,200000.0,0.0,80000.0,530000.0
Fiji,FJI,2002,1050000.0,-2590000.0,120000.0,50000.0,20000.0,129999.0,440000.0,230000.0,0.0,30000.0,420000.0
Fiji,FJI,2003,1010000.0,-2570000.0,120000.0,60000.0,30000.0,170000.0,470000.0,290000.0,0.0,50000.0,519999.0
Fiji,FJI,2004,1039999.0,-2590000.0,120000.0,60000.0,30000.0,350000.0,510000.0,290000.0,0.0,110000.0,780000.0
Fiji,FJI,2005,1030000.0,-2590000.0,10000.0,30000.0,40000.0,240000.0,480000.0,320000.0,0.0,0.0,680000.0
Fiji,FJI,2006,1010000.0,-2590000.0,10000.0,50000.0,40000.0,250000.0,530000.0,320000.0,0.0,50000.0,680000.0
Fiji,FJI,2007,1010000.0,-2590000.0,10000.0,50000.0,50000.0,290000.0,540000.0,210000.0,0.0,30000.0,640000.0
Fiji,FJI,2008,1030000.0,-2590000.0,10000.0,50000.0,60000.0,190000.0,380000.0,200000.0,0.0,10000.0,440000.0
Fiji,FJI,2009,1000000.0,-2570000.0,10000.0,50000.0,60000.0,150000.0,300000.0,220000.0,0.0,10000.0,330000.0
Fiji,FJI,2010,1000000.0,-2590000.0,10000.0,60000.0,70000.0,230000.0,470000.0,290000.0,0.0,10000.0,519999.0
Fiji,FJI,2011,980000.0,-1920000.0,10000.0,60000.0,80000.0,210000.0,460000.0,230000.0,0.0,10000.0,160000.0
Fiji,FJI,2012,980000.0,-1920000.0,10000.0,60000.0,80000.0,210000.0,460000.0,200000.0,0.0,10000.0,170000.0
Fiji,FJI,2013,990000.0,-1920000.0,10000.0,60000.0,80000.0,200000.0,570000.0,220000.0,0.0,10000.0,240000.0
Fiji,FJI,2014,430000.0,-1900000.0,10000.0,70000.0,90000.0,190000.0,630000.0,310000.0,0.0,10000.0,270000.0
Fiji,FJI,2015,430000.0,-1900000.0,10000.0,80000.0,90000.0,230000.0,850000.0,330000.0,0.0,10000.0,510000.0
Fiji,FJI,2016,430000.0,-1910000.0,10000.0,100000.0,100000.0,200000.0,780000.0,290000.0,0.0,10000.0,690000.0
Fiji,FJI,2017,470000.0,-1910000.0,10000.0,90000.0,120000.0,240000.0,820000.0,320000.0,0.0,10000.0,570000.0
Fiji,FJI,2018,460000.0,-1900000.0,10000.0,110000.0,129999.0,259999.0,820000.0,290000.0,0.0,0.0,560000.0
Fiji,FJI,2019,560000.0,-1910000.0,10000.0,110000.0,150000.0,300000.0,790000.0,300000.0,0.0,0.0,580000.0
Fiji,FJI,2020,480000.0,-1910000.0,10000.0,90000.0,160000.0,280000.0,740000.0,250000.0,0.0,0.0,330000.0
Fiji,FJI,2021,470000.0,-1920000.0,10000.0,90000.0,170000.0,190000.0,570000.0,259999.0,0.0,0.0,210000.0
Fiji,FJI,2022,510000.0,-1920000.0,10000.0,90000.0,180000.0,270000.0,720000.0,290000.0,0.0,0.0,560000.0
Fiji,FJI,2023,570000.0,-1920000.0,10000.0,100000.0,190000.0,270000.0,1000000.0,290000.0,0.0,,630000.0
Finland,FIN,1990,8109999.0,-25860000.0,5160000.0,6940000.0,2260000.0,13850000.0,12010000.0,19910000.0,10000.0,2190000.0,2810000.0
Finland,FIN,1991,7620000.0,-25860000.0,5220000.0,7190000.0,1900000.0,13320000.0,11690000.0,21520000.0,60000.0,1870000.0,2660000.0
Finland,FIN,1992,7480000.0,-25860000.0,5230000.0,7090000.0,1680000.0,12900000.0,11640000.0,19170000.0,80000.0,2030000.0,3000000.0
Finland,FIN,1993,7450000.0,-25860000.0,5220000.0,6000000.0,1610000.0,12460000.0,11410000.0,22250000.0,100000.0,2020000.0,2480000.0
Finland,FIN,1994,7470000.0,-25860000.0,5140000.0,6380000.0,1760000.0,13710000.0,11860000.0,26930000.0,110000.0,1770000.0,2150000.0
Finland,FIN,1995,7290000.0,-25840000.0,5050000.0,6460000.0,1880000.0,12030000.0,11640000.0,24880000.0,110000.0,1770000.0,1940000.0
Finland,FIN,1996,7240000.0,-25820000.0,4920000.0,6410000.0,1960000.0,11900000.0,11360000.0,31820000.0,110000.0,1800000.0,2140000.0
Finland,FIN,1997,7280000.0,-25790000.0,4780000.0,6050000.0,2110000.0,12220000.0,11980000.0,29300000.0,90000.0,1750000.0,2280000.0
Finland,FIN,1998,7140000.0,-25710000.0,4550000.0,6190000.0,2140000.0,13700000.0,12140000.0,24150000.0,90000.0,1790000.0,2670000.0
Finland,FIN,1999,7100000.0,-25360000.0,4430000.0,5340000.0,2250000.0,13100000.0,12460000.0,24570000.0,80000.0,1730000.0,2850000.0
Finland,FIN,2000,7090000.0,-24950000.0,4150000.0,3950000.0,2430000.0,10700000.0,12020000.0,26020000.0,70000.0,2500000.0,3180000.0
Finland,FIN,2001,6990000.0,-9560000.0,3970000.0,4220000.0,2440000.0,10650000.0,12170000.0,31290000.0,90000.0,2940000.0,2900000.0
Finland,FIN,2002,6980000.0,-9430000.0,3680000.0,4159999.0,2550000.0,10280000.0,12350000.0,34070000.0,70000.0,2800000.0,3120000.0
Finland,FIN,2003,6940000.0,-9330000.0,3450000.0,4090000.0,2680000.0,9950000.0,12560000.0,42260000.0,80000.0,3130000.0,3140000.0
Finland,FIN,2004,6850000.0,-9030000.0,3270000.0,3990000.0,2920000.0,10020000.0,12900000.0,38380000.0,70000.0,2620000.0,2900000.0
Finland,FIN,2005,6820000.0,-8960000.0,2990000.0,3840000.0,3120000.0,9530000.0,12920000.0,26860000.0,80000.0,2510000.0,2880000.0
Finland,FIN,2006,6780000.0,-8920000.0,3060000.0,3820000.0,3140000.0,9560000.0,13110000.0,38440000.0,70000.0,2320000.0,3190000.0
Finland,FIN,2007,6730000.0,-8870000.0,2940000.0,3680000.0,3240000.0,9360000.0,13450000.0,36450000.0,60000.0,2490000.0,3080000.0
Finland,FIN,2008,6800000.0,-8800000.0,2810000.0,3040000.0,3370000.0,8830000.0,12820000.0,29740000.0,60000.0,2460000.0,3030000.0
Finland,FIN,2009,6650000.0,-8700000.0,2690000.0,3150000.0,2470000.0,7450000.0,12260000.0,29600000.0,60000.0,2330000.0,2330000.0
Finland,FIN,2010,6720000.0,-8600000.0,2690000.0,3700000.0,2060000.0,8800000.0,12770000.0,35440000.0,50000.0,2240000.0,2290000.0
Finland,FIN,2011,6650000.0,-48390000.0,2590000.0,3010000.0,2040000.0,8189999.0,12600000.0,29570000.0,50000.0,2069999.0,2550000.0
Finland,FIN,2012,6640000.0,-48320000.0,2540000.0,3210000.0,2020000.0,7450000.0,12290000.0,24730000.0,50000.0,2190000.0,2240000.0
Finland,FIN,2013,6660000.0,-48310000.0,2400000.0,2870000.0,2020000.0,7320000.0,12140000.0,26220000.0,50000.0,2089999.0,2320000.0
Finland,FIN,2014,6730000.0,-48270000.0,2250000.0,2820000.0,1970000.0,7330000.0,11050000.0,23470000.0,40000.0,2030000.0,2190000.0
Finland,FIN,2015,6690000.0,-48270000.0,2190000.0,2580000.0,1940000.0,7030000.0,11040000.0,20470000.0,40000.0,2200000.0,2870000.0
Finland,FIN,2016,6660000.0,-5140000.0,2060000.0,2730000.0,1930000.0,7180000.0,12200000.0,21850000.0,40000.0,2220000.0,2850000.0
Finland,FIN,2017,6590000.0,-5000000.0,1940000.0,2620000.0,1930000.0,7200000.0,11630000.0,19990000.0,40000.0,2200000.0,3170000.0
Finland,FIN,2018,6510000.0,-4600000.0,1890000.0,2510000.0,1850000.0,7220000.0,11830000.0,21160000.0,30000.0,2060000.0,3380000.0
Finland,FIN,2019,6570000.0,-4330000.0,1850000.0,2410000.0,1770000.0,7070000.0,11450000.0,18540000.0,30000.0,2220000.0,3590000.0
Finland,FIN,2020,6500000.0,-4210000.0,1800000.0,2170000.0,1710000.0,6540000.0,10630000.0,15250000.0,30000.0,2340000.0,1840000.0
Finland,FIN,2021,6470000.0,13980000.0,1710000.0,2280000.0,1830000.0,6740000.0,10230000.0,15800000.0,30000.0,1920000.0,1720000.0
Finland,FIN,2022,6260000.0,14040000.0,1610000.0,2020000.0,1840000.0,6180000.0,10020000.0,14760000.0,10000.0,2069999.0,2660000.0
Finland,FIN,2023,6350000.0,14040000.0,1520000.0,1670000.0,1880000.0,5330000.0,9640000.0,12120000.0,10000.0,1990000.0,2780000.0
France,FRA,1990,89100000.0,-24690000.0,15460000.0,89550000.0,45440000.0,60870000.0,116030000.0,74950000.0,2600000.0,11190000.0,17420000.0
France,FRA,1991,87910000.0,-24690000.0,16260000.0,99820000.0,45890000.0,61310000.0,119690000.0,85970000.0,2770000.0,11430000.0,16920000.0
France,FRA,1992,84120000.0,-24690000.0,17110000.0,97160000.0,44520000.0,61690000.0,122230000.0,74390000.0,2750000.0,11570000.0,17990000.0
France,FRA,1993,83510000.0,-24700000.0,17990000.0,93950000.0,42050000.0,57760000.0,123350000.0,61580000.0,2780000.0,11800000.0,17900000.0
France,FRA,1994,83960000.0,-24700000.0,18390000.0,87950000.0,40360000.0,57480000.0,124210000.0,61460000.0,2750000.0,11530000.0,17710000.0
France,FRA,1995,84430000.0,-24700000.0,18760000.0,87930000.0,39040000.0,59660000.0,125150000.0,66379996.0,2780000.0,11560000.0,18500000.0
France,FRA,1996,85450000.0,-24710000.0,19000000.0,97120000.0,40480000.0,62930000.0,124920000.0,70120000.0,2810000.0,11800000.0,19630000.0
France,FRA,1997,84500000.0,-24710000.0,19300000.0,91210000.0,40560000.0,61920000.0,127490000.0,65620004.0,2640000.0,11730000.0,20620000.0
France,FRA,1998,84200000.0,-24720000.0,19950000.0,94680000.0,35480000.0,58750000.0,132030000.0,80190000.0,2650000.0,13860000.0,22220000.0
France,FRA,1999,84250000.0,-24750000.0,20250000.0,95950000.0,32349998.0,56890000.0,132410000.0,74300000.0,2640000.0,13880000.0,23570000.0
France,FRA,2000,85830000.0,-24750000.0,20590000.0,88960000.0,31050000.0,55710000.0,135400000.0,77370000.0,2660000.0,13890000.0,24410000.0
France,FRA,2001,85820000.0,-65129996.0,20930000.0,94010000.0,31610000.0,59610000.0,137110000.0,70000000.0,2730000.0,14210000.0,22870000.0
France,FRA,2002,83510000.0,-65170000.0,21180000.0,87420000.0,31830000.0,57410000.0,137010000.0,72730000.0,2700000.0,14380000.0,22690000.0
France,FRA,2003,81670000.0,-65140000.0,21270000.0,92450000.0,32320000.0,56890000.0,135620000.0,75390000.0,2760000.0,14550000.0,23220000.0
France,FRA,2004,81290000.0,-65280000.0,21180000.0,96240000.0,30960000.0,53340000.0,135830000.0,75060000.0,2760000.0,15030000.0,25310000.0
France,FRA,2005,79810000.0,-65260004.0,20980000.0,93600000.0,30880000.0,55390000.0,133539992.0,81040000.0,2790000.0,14590000.0,24720000.0
France,FRA,2006,79480000.0,-65300004.0,20900000.0,88560000.0,31500000.0,55070000.0,133860000.0,76890000.0,2690000.0,14210000.0,25790000.0
France,FRA,2007,81150000.0,-65300004.0,20920000.0,79920000.0,31710000.0,54270000.0,133130008.0,78610000.0,2630000.0,13820000.0,26640000.0
France,FRA,2008,80290000.0,-65290000.0,20910000.0,86590000.0,30790000.0,52760000.0,127200000.0,75110000.0,2640000.0,14100000.0,25620000.0
France,FRA,2009,78350000.0,-65280000.0,20250000.0,88640000.0,28360000.0,41460000.0,125800000.0,72900000.0,2530000.0,13910000.0,24010000.0
France,FRA,2010,78290000.0,-65300004.0,20230000.0,87360000.0,27850000.0,45330000.0,126110000.0,74560000.0,2690000.0,13490000.0,24100000.0
France,FRA,2011,76210000.0,-60470000.0,19160000.0,71940000.0,27670000.0,51470000.0,134300000.0,64760004.0,2340000.0,13750000.0,25210000.0
France,FRA,2012,76510000.0,-60420000.0,18740000.0,79720000.0,26910000.0,48500000.0,132050000.0,66540000.0,2350000.0,12940000.0,24400000.0
France,FRA,2013,77470000.0,-60480000.0,17140000.0,82470000.0,26510000.0,49900000.0,131500000.0,63730000.0,2360000.0,13480000.0,23560000.0
France,FRA,2014,77890000.0,-60460000.0,16219999.0,66050004.0,26160000.0,47170000.0,130780000.0,49690000.0,2079999.0,13240000.0,22640000.0
France,FRA,2015,78570000.0,-60480000.0,15430000.0,69480000.0,25690000.0,45080000.0,132429992.0,52780000.0,2210000.0,13040000.0,22920000.0
France,FRA,2016,76960000.0,-26170000.0,15460000.0,70980000.0,25300000.0,46690000.0,133160000.0,53520000.0,2280000.0,11690000.0,22340000.0
France,FRA,2017,77610000.0,-26110000.0,15580000.0,71010000.0,25030000.0,41860000.0,133490008.0,62410000.0,2240000.0,11500000.0,22910000.0
France,FRA,2018,75580000.0,-26170000.0,15360000.0,66870004.0,23090000.0,40020000.0,131130008.0,59950000.0,2150000.0,12030000.0,24240000.0
France,FRA,2019,74070000.0,-26140000.0,16290001.0,65089996.0,21080000.0,38630000.0,130080000.0,57500000.0,2210000.0,11690000.0,24330000.0
France,FRA,2020,72590000.0,-26180000.0,16290001.0,62000000.0,18880000.0,34920000.0,109530000.0,49100000.0,2020000.0,12430000.0,11150000.0
France,FRA,2021,71050000.0,-26190000.0,15500000.0,65220000.0,19510000.0,45600000.0,124550000.0,53080000.0,2130000.0,12960000.0,12280000.0
France,FRA,2022,67850000.0,-26100000.0,15270000.0,55170000.0,19910000.0,41530000.0,128110000.0,54660000.0,1920000.0,12580000.0,18580000.0
France,FRA,2023,67089996.0,-26200000.0,15160000.0,49520000.0,20420000.0,38740000.0,124030000.0,44170000.0,1790000.0,12650000.0,19600000.0
Gabon,GAB,1990,400000.0,5200000.0,50000.0,770000.0,60000.0,150000.0,330000.0,310000.0,11150000.0,30000.0,280000.0
Gabon,GAB,1991,410000.0,5200000.0,50000.0,810000.0,60000.0,210000.0,400000.0,320000.0,12130000.0,40000.0,259999.0
Gabon,GAB,1992,410000.0,5200000.0,80000.0,820000.0,60000.0,290000.0,380000.0,310000.0,12100000.0,30000.0,860000.0
Gabon,GAB,1993,420000.0,5200000.0,100000.0,840000.0,70000.0,320000.0,400000.0,340000.0,12160000.0,40000.0,830000.0
Gabon,GAB,1994,420000.0,5200000.0,120000.0,880000.0,60000.0,420000.0,320000.0,259999.0,13130000.0,20000.0,700000.0
Gabon,GAB,1995,410000.0,5200000.0,180000.0,910000.0,70000.0,460000.0,350000.0,330000.0,14280000.0,20000.0,640000.0
Gabon,GAB,1996,300000.0,5220000.0,250000.0,920000.0,90000.0,480000.0,350000.0,410000.0,15300000.0,20000.0,580000.0
Gabon,GAB,1997,330000.0,5190000.0,320000.0,940000.0,90000.0,519999.0,390000.0,420000.0,14830000.0,30000.0,700000.0
Gabon,GAB,1998,330000.0,5190000.0,390000.0,950000.0,90000.0,540000.0,410000.0,490000.0,15980000.0,30000.0,740000.0
Gabon,GAB,1999,340000.0,5230000.0,460000.0,960000.0,90000.0,500000.0,400000.0,460000.0,14910000.0,30000.0,760000.0
Gabon,GAB,2000,310000.0,5230000.0,519999.0,960000.0,100000.0,540000.0,330000.0,450000.0,14390000.0,20000.0,850000.0
Gabon,GAB,2001,300000.0,1740000.0,540000.0,980000.0,160000.0,550000.0,370000.0,420000.0,14520000.0,20000.0,850000.0
Gabon,GAB,2002,350000.0,1780000.0,560000.0,1030000.0,210000.0,380000.0,400000.0,460000.0,13790000.0,20000.0,890000.0
Gabon,GAB,2003,390000.0,1770000.0,580000.0,1039999.0,259999.0,420000.0,360000.0,500000.0,15190000.0,20000.0,860000.0
Gabon,GAB,2004,480000.0,1850000.0,600000.0,1070000.0,310000.0,440000.0,380000.0,530000.0,14470000.0,20000.0,850000.0
Gabon,GAB,2005,400000.0,1810000.0,620000.0,1100000.0,360000.0,660000.0,380000.0,630000.0,13620000.0,20000.0,830000.0
Gabon,GAB,2006,470000.0,1800000.0,640000.0,1130000.0,420000.0,770000.0,380000.0,610000.0,11770000.0,20000.0,770000.0
Gabon,GAB,2007,460000.0,1780000.0,660000.0,1180000.0,470000.0,690000.0,430000.0,770000.0,10460000.0,30000.0,790000.0
Gabon,GAB,2008,519999.0,1800000.0,690000.0,1210000.0,530000.0,870000.0,440000.0,680000.0,11020000.0,30000.0,780000.0
Gabon,GAB,2009,420000.0,1800000.0,710000.0,1250000.0,610000.0,990000.0,410000.0,680000.0,10690000.0,30000.0,780000.0
Gabon,GAB,2010,450000.0,1780000.0,740000.0,1370000.0,660000.0,1160000.0,650000.0,790000.0,10850000.0,40000.0,890000.0
Gabon,GAB,2011,530000.0,8430000.0,770000.0,1420000.0,680000.0,1190000.0,740000.0,890000.0,10270000.0,50000.0,850000.0
Gabon,GAB,2012,510000.0,8390000.0,800000.0,1470000.0,700000.0,1220000.0,770000.0,910000.0,9580000.0,50000.0,760000.0
Gabon,GAB,2013,550000.0,8400000.0,830000.0,1530000.0,710000.0,1460000.0,870000.0,830000.0,9330000.0,50000.0,760000.0
Gabon,GAB,2014,460000.0,8400000.0,860000.0,1560000.0,740000.0,1410000.0,850000.0,860000.0,9810000.0,50000.0,760000.0
Gabon,GAB,2015,480000.0,8390000.0,890000.0,1580000.0,770000.0,1380000.0,830000.0,910000.0,9880000.0,50000.0,790000.0
Gabon,GAB,2016,519999.0,4960000.0,920000.0,1580000.0,930000.0,1400000.0,850000.0,1060000.0,9660000.0,50000.0,800000.0
Gabon,GAB,2017,570000.0,4950000.0,940000.0,1460000.0,1039999.0,710000.0,210000.0,1680000.0,9060000.0,10000.0,610000.0
Gabon,GAB,2018,470000.0,4950000.0,970000.0,1440000.0,1190000.0,710000.0,210000.0,1590000.0,8310000.0,10000.0,560000.0
Gabon,GAB,2019,550000.0,4940000.0,1000000.0,1430000.0,1300000.0,720000.0,200000.0,1600000.0,9050000.0,10000.0,650000.0
Gabon,GAB,2020,480000.0,4950000.0,1020000.0,1370000.0,1400000.0,700000.0,170000.0,1560000.0,8670000.0,10000.0,580000.0
Gabon,GAB,2021,430000.0,4970000.0,1050000.0,1340000.0,1480000.0,670000.0,180000.0,1680000.0,7920000.0,10000.0,540000.0
Gabon,GAB,2022,590000.0,4990000.0,1070000.0,1320000.0,1560000.0,680000.0,190000.0,1750000.0,8260000.0,10000.0,570000.0
Gabon,GAB,2023,510000.0,4970000.0,1100000.0,1330000.0,1630000.0,690000.0,210000.0,1790000.0,8310000.0,10000.0,640000.0
Gambia,GMB,1990,780000.0,740000.0,3540000.0,,1000000.0,0.0,80000.0,60000.0,0.0,60000.0,20000.0
Gambia,GMB,1991,800000.0,740000.0,3700000.0,,1000000.0,0.0,80000.0,60000.0,0.0,60000.0,20000.0
Gambia,GMB,1992,780000.0,740000.0,3940000.0,,1000000.0,0.0,80000.0,60000.0,0.0,60000.0,20000.0
Gambia,GMB,1993,770000.0,740000.0,4150000.0,,1000000.0,0.0,80000.0,60000.0,0.0,60000.0,20000.0
Gambia,GMB,1994,800000.0,740000.0,3590000.0,,1000000.0,0.0,80000.0,60000.0,0.0,60000.0,20000.0
Gambia,GMB,1995,820000.0,740000.0,3030000.0,,1000000.0,0.0,80000.0,60000.0,0.0,70000.0,20000.0
Gambia,GMB,1996,870000.0,700000.0,2470000.0,,1000000.0,0.0,80000.0,70000.0,0.0,70000.0,20000.0
Gambia,GMB,1997,810000.0,720000.0,1910000.0,,1000000.0,0.0,90000.0,70000.0,0.0,70000.0,20000.0
Gambia,GMB,1998,850000.0,690000.0,1350000.0,,1000000.0,0.0,90000.0,80000.0,0.0,70000.0,30000.0
Gambia,GMB,1999,820000.0,960000.0,790000.0,,1000000.0,0.0,90000.0,80000.0,0.0,80000.0,30000.0
Gambia,GMB,2000,870000.0,850000.0,230000.0,,1000000.0,0.0,90000.0,80000.0,0.0,70000.0,30000.0
Gambia,GMB,2001,770000.0,530000.0,240000.0,,1010000.0,0.0,110000.0,120000.0,0.0,70000.0,30000.0
Gambia,GMB,2002,750000.0,530000.0,250000.0,,1010000.0,0.0,120000.0,120000.0,0.0,60000.0,30000.0
Gambia,GMB,2003,840000.0,530000.0,259999.0,,1020000.0,0.0,120000.0,129999.0,0.0,40000.0,30000.0
Gambia,GMB,2004,920000.0,530000.0,270000.0,,1020000.0,0.0,120000.0,150000.0,0.0,50000.0,30000.0
Gambia,GMB,2005,950000.0,530000.0,280000.0,,1030000.0,0.0,120000.0,160000.0,0.0,40000.0,30000.0
Gambia,GMB,2006,1000000.0,530000.0,290000.0,,1030000.0,10000.0,120000.0,180000.0,0.0,50000.0,30000.0
Gambia,GMB,2007,980000.0,530000.0,300000.0,,1039999.0,10000.0,160000.0,190000.0,0.0,60000.0,50000.0
Gambia,GMB,2008,1110000.0,530000.0,310000.0,,1039999.0,10000.0,160000.0,200000.0,0.0,60000.0,50000.0
Gambia,GMB,2009,1430000.0,530000.0,320000.0,,1050000.0,10000.0,220000.0,190000.0,0.0,60000.0,60000.0
Gambia,GMB,2010,1520000.0,530000.0,330000.0,,1060000.0,80000.0,70000.0,210000.0,0.0,80000.0,50000.0
Gambia,GMB,2011,1150000.0,530000.0,340000.0,,1060000.0,80000.0,70000.0,220000.0,0.0,70000.0,70000.0
Gambia,GMB,2012,1220000.0,530000.0,350000.0,,1060000.0,100000.0,70000.0,220000.0,0.0,60000.0,50000.0
Gambia,GMB,2013,1300000.0,530000.0,360000.0,,1060000.0,80000.0,70000.0,220000.0,0.0,50000.0,70000.0
Gambia,GMB,2014,1350000.0,530000.0,370000.0,,1070000.0,129999.0,80000.0,220000.0,0.0,80000.0,40000.0
Gambia,GMB,2015,1470000.0,530000.0,390000.0,,1070000.0,140000.0,80000.0,240000.0,0.0,120000.0,70000.0
Gambia,GMB,2016,1350000.0,540000.0,400000.0,,1080000.0,150000.0,80000.0,250000.0,10000.0,120000.0,70000.0
Gambia,GMB,2017,1260000.0,540000.0,410000.0,,1090000.0,150000.0,80000.0,259999.0,0.0,110000.0,70000.0
Gambia,GMB,2018,1060000.0,540000.0,420000.0,,1100000.0,140000.0,80000.0,320000.0,0.0,120000.0,60000.0
Gambia,GMB,2019,1150000.0,540000.0,430000.0,,1110000.0,140000.0,80000.0,370000.0,0.0,120000.0,60000.0
Gambia,GMB,2020,1120000.0,540000.0,450000.0,,1120000.0,129999.0,80000.0,390000.0,0.0,100000.0,60000.0
Gambia,GMB,2021,930000.0,600000.0,460000.0,,1120000.0,140000.0,80000.0,410000.0,0.0,110000.0,60000.0
Gambia,GMB,2022,1030000.0,600000.0,470000.0,,1130000.0,140000.0,80000.0,480000.0,0.0,110000.0,60000.0
Gambia,GMB,2023,1170000.0,600000.0,490000.0,,1140000.0,140000.0,80000.0,490000.0,0.0,110000.0,70000.0
Georgia,GEO,1990,3040000.0,-3710000.0,1440000.0,4920000.0,350000.0,7410000.0,3810000.0,17130000.0,8020000.0,540000.0,610000.0
Georgia,GEO,1991,2940000.0,-3710000.0,1460000.0,4080000.0,340000.0,6820000.0,2880000.0,11070000.0,7530000.0,970000.0,990000.0
Georgia,GEO,1992,2670000.0,-3700000.0,1470000.0,4330000.0,410000.0,4050000.0,2380000.0,8820000.0,7050000.0,650000.0,790000.0
Georgia,GEO,1993,2360000.0,-3700000.0,1490000.0,4640000.0,280000.0,3140000.0,2050000.0,6120000.0,6560000.0,530000.0,580000.0
Georgia,GEO,1994,2170000.0,-3700000.0,1510000.0,1930000.0,170000.0,2150000.0,1520000.0,4530000.0,6080000.0,470000.0,360000.0
Georgia,GEO,1995,2180000.0,-3700000.0,1520000.0,740000.0,150000.0,920000.0,1070000.0,5380000.0,5600000.0,350000.0,170000.0
Georgia,GEO,1996,2240000.0,-3700000.0,1540000.0,880000.0,180000.0,1220000.0,2600000.0,1590000.0,5110000.0,510000.0,240000.0
Georgia,GEO,1997,2300000.0,-3710000.0,1560000.0,1130000.0,220000.0,950000.0,1950000.0,1490000.0,4630000.0,330000.0,210000.0
Georgia,GEO,1998,2320000.0,-3710000.0,1570000.0,1280000.0,230000.0,770000.0,1290000.0,1570000.0,4150000.0,320000.0,300000.0
Georgia,GEO,1999,2490000.0,-3700000.0,1590000.0,1140000.0,340000.0,650000.0,1160000.0,1430000.0,3660000.0,310000.0,250000.0
Georgia,GEO,2000,2600000.0,-3710000.0,1610000.0,1390000.0,360000.0,660000.0,980000.0,1680000.0,3180000.0,200000.0,50000.0
Georgia,GEO,2001,2560000.0,-5670000.0,1590000.0,900000.0,290000.0,340000.0,1190000.0,1130000.0,2069999.0,100000.0,40000.0
Georgia,GEO,2002,2610000.0,-5670000.0,1580000.0,720000.0,370000.0,270000.0,1250000.0,760000.0,2020000.0,110000.0,70000.0
Georgia,GEO,2003,2620000.0,-5660000.0,1570000.0,740000.0,400000.0,360000.0,1280000.0,840000.0,2360000.0,90000.0,80000.0
Georgia,GEO,2004,2580000.0,-5660000.0,1570000.0,800000.0,500000.0,270000.0,1240000.0,1060000.0,2069999.0,129999.0,110000.0
Georgia,GEO,2005,2670000.0,-5660000.0,1560000.0,840000.0,530000.0,300000.0,1560000.0,1260000.0,1600000.0,300000.0,110000.0
Georgia,GEO,2006,2450000.0,-5660000.0,1390000.0,820000.0,710000.0,430000.0,1610000.0,1540000.0,3180000.0,320000.0,110000.0
Georgia,GEO,2007,2280000.0,-5660000.0,1400000.0,900000.0,840000.0,490000.0,2120000.0,1770000.0,3200000.0,390000.0,150000.0
Georgia,GEO,2008,2180000.0,-5660000.0,1410000.0,1020000.0,1030000.0,630000.0,1790000.0,990000.0,2720000.0,440000.0,120000.0
Georgia,GEO,2009,2150000.0,-5670000.0,1420000.0,1070000.0,730000.0,640000.0,2220000.0,1350000.0,1810000.0,230000.0,120000.0
Georgia,GEO,2010,2180000.0,-5650000.0,1590000.0,1090000.0,870000.0,580000.0,2310000.0,1000000.0,2060000.0,210000.0,120000.0
Georgia,GEO,2011,2200000.0,-4020000.0,1610000.0,1180000.0,1070000.0,1030000.0,2370000.0,1210000.0,2690000.0,340000.0,110000.0
Georgia,GEO,2012,2420000.0,-4020000.0,1630000.0,1480000.0,1110000.0,1090000.0,2510000.0,1330000.0,2920000.0,400000.0,110000.0
Georgia,GEO,2013,2510000.0,-4010000.0,1640000.0,1620000.0,1120000.0,1910000.0,3160000.0,980000.0,2560000.0,30000.0,259999.0
Georgia,GEO,2014,2550000.0,-4020000.0,1740000.0,1850000.0,1240000.0,1810000.0,3540000.0,1110000.0,2390000.0,30000.0,250000.0
Georgia,GEO,2015,2170000.0,-4010000.0,1840000.0,1970000.0,1250000.0,1850000.0,3890000.0,1260000.0,2260000.0,40000.0,210000.0
Georgia,GEO,2016,2180000.0,-2980000.0,1950000.0,2150000.0,1210000.0,1720000.0,4410000.0,1060000.0,2130000.0,60000.0,220000.0
Georgia,GEO,2017,2089999.0,-2980000.0,2050000.0,2360000.0,1250000.0,1890000.0,3980000.0,1100000.0,1990000.0,70000.0,290000.0
Georgia,GEO,2018,2000000.0,-2980000.0,2069999.0,2270000.0,1180000.0,1990000.0,3870000.0,1010000.0,1910000.0,50000.0,320000.0
Georgia,GEO,2019,1930000.0,-2940000.0,2079999.0,2540000.0,1290000.0,1800000.0,4010000.0,1350000.0,2110000.0,50000.0,320000.0
Georgia,GEO,2020,2089999.0,-2970000.0,2089999.0,2700000.0,1380000.0,1670000.0,3870000.0,1220000.0,2120000.0,40000.0,180000.0
Georgia,GEO,2021,2190000.0,-4360000.0,2089999.0,3060000.0,1340000.0,1730000.0,4270000.0,990000.0,2170000.0,50000.0,300000.0
Georgia,GEO,2022,2180000.0,-4360000.0,2060000.0,3270000.0,1450000.0,1900000.0,4510000.0,1500000.0,2600000.0,50000.0,420000.0
Georgia,GEO,2023,2050000.0,-4350000.0,2069999.0,3280000.0,1450000.0,1660000.0,4800000.0,1520000.0,2670000.0,60000.0,420000.0
Germany,DEU,1990,90450000.0,-32730000.0,41140000.0,202500000.0,42250000.0,156760000.0,162940000.0,411989984.0,3420000.0,16450001.0,21440000.0
Germany,DEU,1991,85180000.0,-32730000.0,42520000.0,199270000.0,42360000.0,134070008.0,165880000.0,409540000.0,5460000.0,18370000.0,19490000.0
Germany,DEU,1992,77410000.0,-32730000.0,42970000.0,183000000.0,47070000.0,125170000.0,168470000.0,392900000.0,4770000.0,16450001.0,19290000.0
Germany,DEU,1993,75000000.0,-32740002.0,42540000.0,191240000.0,48370000.0,117890000.0,173150000.0,384600000.0,4720000.0,13250000.0,21490000.0
Germany,DEU,1994,75210000.0,-32750000.0,41300000.0,178910000.0,51840000.0,118270000.0,170380000.0,385160000.0,6060000.0,14330000.0,22340000.0
Germany,DEU,1995,75070000.0,-32720002.0,39870000.0,180160000.0,51350000.0,116960000.0,172320000.0,379600000.0,8010000.0,15230000.0,22400000.0
Germany,DEU,1996,74570000.0,-32770000.0,37920000.0,201910000.0,47420000.0,110820000.0,173460000.0,390240000.0,8279999.0,18480000.0,22690000.0
Germany,DEU,1997,74660000.0,-32790000.0,34460000.0,187380000.0,45860000.0,108490000.0,174220000.0,374380000.0,8050000.0,18580000.0,23760000.0
Germany,DEU,1998,73610000.0,-32790000.0,31820000.0,179070000.0,35540000.0,106270000.0,177260000.0,374380000.0,8610000.0,17910000.0,24040000.0
Germany,DEU,1999,73510000.0,-32869998.0,29700000.0,167110000.0,31890000.0,101940000.0,182190000.0,359290016.0,8790000.0,12220000.0,25250000.0
Germany,DEU,2000,71400000.0,-32950000.0,27700000.0,163680000.0,31320000.0,102990000.0,177880000.0,364249984.0,8520000.0,11210000.0,26530000.0
Germany,DEU,2001,70910000.0,90000.0,25640000.0,179870000.0,32610000.0,96660000.0,173850000.0,377470016.0,8640000.0,11330000.0,25790000.0
Germany,DEU,2002,69690000.0,-20000.0,23810000.0,167640000.0,32790000.0,96070000.0,171390000.0,378980000.0,8590000.0,11360000.0,26270000.0
Germany,DEU,2003,68300000.0,-170000.0,22020000.0,175900000.0,33860000.0,98920000.0,168190000.0,384470016.0,8450000.0,1090000.0,27470000.0
Germany,DEU,2004,67210000.0,-320000.0,19420000.0,166130000.0,36160000.0,97430000.0,168140000.0,379760000.0,7930000.0,1030000.0,29410000.0
Germany,DEU,2005,66769996.0,-310000.0,17760000.0,162640000.0,33970000.0,95140000.0,159720000.0,376130016.0,7990000.0,1130000.0,30560000.0
Germany,DEU,2006,64559996.0,-320000.0,15680000.0,171640000.0,34020000.0,97050000.0,157740000.0,379880000.0,8050000.0,870000.0,32040000.0
Germany,DEU,2007,65610000.0,-310000.0,14110000.0,132770008.0,37370000.0,96470000.0,152570000.0,392960000.0,7830000.0,630000.0,34550000.0
Germany,DEU,2008,65550004.0,-330000.0,12730000.0,157540000.0,34750000.0,100270000.0,152940000.0,371450016.0,7460000.0,570000.0,34620000.0
Germany,DEU,2009,65519996.0,-330000.0,11340000.0,146260000.0,33650000.0,87270000.0,151000000.0,343500000.0,7010000.0,570000.0,33160000.0
Germany,DEU,2010,65809996.0,-330000.0,10100000.0,153750000.0,26490000.0,98810000.0,152090000.0,362109984.0,6470000.0,1370000.0,33000000.0
Germany,DEU,2011,64550004.0,-26870000.0,9140000.0,132210008.0,27500000.0,97660000.0,153920000.0,354690016.0,6360000.0,1450000.0,31950000.0
Germany,DEU,2012,64820000.0,-26870000.0,8279999.0,140230000.0,27100000.0,94710000.0,152440000.0,365609984.0,6020000.0,1270000.0,32930000.0
Germany,DEU,2013,65610000.0,-26880000.0,7500000.0,150980000.0,26300000.0,94270000.0,156300000.0,370190016.0,3300000.0,1220000.0,32630002.0
Germany,DEU,2014,66920000.0,-26900000.0,6830000.0,129340000.0,26710000.0,91710000.0,158560000.0,350720000.0,2850000.0,1290000.0,31640000.0
Germany,DEU,2015,65790000.0,-26910000.0,6220000.0,133250000.0,26750000.0,95590000.0,161570000.0,346720000.0,2820000.0,1150000.0,31960000.0
Germany,DEU,2016,64750000.0,27690000.0,5680000.0,136600000.0,26600000.0,93710000.0,165050000.0,346410016.0,2970000.0,1150000.0,35100000.0
Germany,DEU,2017,63480000.0,27680000.0,5290000.0,135050000.0,27090000.0,95630000.0,167560000.0,328200000.0,3110000.0,900000.0,36170000.0
Germany,DEU,2018,59530000.0,27680000.0,4930000.0,124460000.0,25860000.0,98820000.0,161600000.0,310829984.0,2930000.0,7370000.0,35180000.0
Germany,DEU,2019,59010000.0,27600000.0,4400000.0,126430000.0,24970000.0,93910000.0,164020000.0,262269984.0,2950000.0,7370000.0,33870000.0
Germany,DEU,2020,58820000.0,27600000.0,3920000.0,127510000.0,24550000.0,93840000.0,146230000.0,226420000.0,2860000.0,7340000.0,17880000.0
Germany,DEU,2021,54940000.0,28280000.0,3520000.0,125940000.0,25210000.0,94230000.0,143550000.0,255530000.0,2870000.0,7490000.0,22700000.0
Germany,DEU,2022,53680000.0,28260000.0,3320000.0,115530000.0,24500000.0,90540000.0,144950000.0,260230016.0,2560000.0,7700000.0,31780000.0
Germany,DEU,2023,54590000.0,28260000.0,3140000.0,107160000.0,23010000.0,87790000.0,140580000.0,214100000.0,2360000.0,7630000.0,32419998.0
Ghana,GHA,1990,6490000.0,18340000.0,800000.0,3220000.0,1500000.0,320000.0,1660000.0,40000.0,10000.0,129999.0,140000.0
Ghana,GHA,1991,6730000.0,18340000.0,850000.0,3170000.0,1460000.0,320000.0,1540000.0,50000.0,10000.0,120000.0,110000.0
Ghana,GHA,1992,6620000.0,18340000.0,860000.0,3290000.0,1450000.0,370000.0,1840000.0,50000.0,10000.0,150000.0,140000.0
Ghana,GHA,1993,6650000.0,18340000.0,900000.0,3390000.0,1370000.0,380000.0,1850000.0,60000.0,10000.0,150000.0,120000.0
Ghana,GHA,1994,6670000.0,18340000.0,990000.0,3530000.0,1080000.0,430000.0,1930000.0,80000.0,60000.0,170000.0,140000.0
Ghana,GHA,1995,6740000.0,18340000.0,1080000.0,3670000.0,1000000.0,480000.0,2100000.0,70000.0,60000.0,200000.0,180000.0
Ghana,GHA,1996,7510000.0,18340000.0,1110000.0,3810000.0,990000.0,519999.0,2290000.0,60000.0,70000.0,220000.0,190000.0
Ghana,GHA,1997,7640000.0,18740000.0,1630000.0,3910000.0,1060000.0,540000.0,2390000.0,30000.0,70000.0,220000.0,190000.0
Ghana,GHA,1998,8750000.0,19670000.0,1710000.0,4060000.0,430000.0,610000.0,2850000.0,1210000.0,80000.0,290000.0,280000.0
Ghana,GHA,1999,7570000.0,19000000.0,1750000.0,4150000.0,690000.0,690000.0,3180000.0,1150000.0,80000.0,330000.0,470000.0
Ghana,GHA,2000,8800000.0,19100000.0,2020000.0,2650000.0,810000.0,730000.0,2960000.0,540000.0,80000.0,530000.0,480000.0
Ghana,GHA,2001,7130000.0,-12900000.0,2089999.0,2590000.0,680000.0,700000.0,2960000.0,930000.0,80000.0,510000.0,360000.0
Ghana,GHA,2002,6980000.0,-13000000.0,2290000.0,2360000.0,700000.0,870000.0,3430000.0,1950000.0,100000.0,170000.0,410000.0
Ghana,GHA,2003,7730000.0,-13000000.0,2500000.0,2390000.0,150000.0,860000.0,3180000.0,1730000.0,100000.0,180000.0,400000.0
Ghana,GHA,2004,7220000.0,-13000000.0,2720000.0,2290000.0,160000.0,940000.0,3680000.0,610000.0,170000.0,180000.0,410000.0
Ghana,GHA,2005,8940000.0,-13000000.0,2840000.0,2120000.0,160000.0,970000.0,3640000.0,1100000.0,110000.0,200000.0,500000.0
Ghana,GHA,2006,8600000.0,-12900000.0,2940000.0,1990000.0,160000.0,1050000.0,3680000.0,2410000.0,200000.0,210000.0,500000.0
Ghana,GHA,2007,8149999.0,-12960000.0,3030000.0,2110000.0,180000.0,1060000.0,3880000.0,2610000.0,180000.0,240000.0,540000.0
Ghana,GHA,2008,8210000.0,-12990000.0,3130000.0,1870000.0,200000.0,1160000.0,4190000.0,1890000.0,240000.0,290000.0,560000.0
Ghana,GHA,2009,7950000.0,-13010000.0,3220000.0,2260000.0,220000.0,1330000.0,5100000.0,1730000.0,190000.0,320000.0,630000.0
Ghana,GHA,2010,8390000.0,-13010000.0,3310000.0,2010000.0,240000.0,1280000.0,5200000.0,3080000.0,190000.0,250000.0,650000.0
Ghana,GHA,2011,9250000.0,16500000.0,3400000.0,2190000.0,259999.0,1450000.0,5780000.0,2520000.0,900000.0,310000.0,680000.0
Ghana,GHA,2012,8780000.0,16500000.0,3500000.0,2250000.0,320000.0,1680000.0,6910000.0,3100000.0,920000.0,370000.0,690000.0
Ghana,GHA,2013,9590000.0,16480000.0,3590000.0,2170000.0,320000.0,1750000.0,7310000.0,3690000.0,1290000.0,360000.0,580000.0
Ghana,GHA,2014,9420000.0,16469999.0,3680000.0,2150000.0,320000.0,1670000.0,7360000.0,3310000.0,1470000.0,230000.0,390000.0
Ghana,GHA,2015,9880000.0,16469999.0,3770000.0,2230000.0,330000.0,1800000.0,7980000.0,3370000.0,1580000.0,240000.0,370000.0
Ghana,GHA,2016,9910000.0,16719999.0,3880000.0,2240000.0,360000.0,1690000.0,7370000.0,4270000.0,1120000.0,230000.0,410000.0
Ghana,GHA,2017,10360000.0,16650000.0,3980000.0,2470000.0,380000.0,1120000.0,7340000.0,5670000.0,2600000.0,380000.0,730000.0
Ghana,GHA,2018,10030000.0,16650000.0,4080000.0,2510000.0,410000.0,1320000.0,8590000.0,5770000.0,2350000.0,360000.0,570000.0
Ghana,GHA,2019,10300000.0,16700001.0,4179999.0,2560000.0,450000.0,1390000.0,9120000.0,6130000.0,2520000.0,370000.0,680000.0
Ghana,GHA,2020,11810000.0,16880000.0,4280000.0,2650000.0,480000.0,1740000.0,9990000.0,6780000.0,3140000.0,410000.0,390000.0
Ghana,GHA,2021,10790000.0,-55140000.0,4380000.0,2430000.0,500000.0,1990000.0,10850000.0,6630000.0,3720000.0,430000.0,630000.0
Ghana,GHA,2022,12060000.0,-55070000.0,4480000.0,2320000.0,530000.0,2040000.0,10180000.0,7190000.0,3410000.0,270000.0,620000.0
Ghana,GHA,2023,11280000.0,-55110000.0,4580000.0,2060000.0,550000.0,2120000.0,11050000.0,7360000.0,3790000.0,280000.0,600000.0
Greece,GRC,1990,10110000.0,1320000.0,5380000.0,5470000.0,8990000.0,9700000.0,15420000.0,37110000.0,1310000.0,2930000.0,10580000.0
Greece,GRC,1991,9940000.0,1320000.0,5360000.0,5630000.0,9140000.0,9590000.0,16250000.0,36350000.0,1320000.0,3070000.0,9590000.0
Greece,GRC,1992,9710000.0,1320000.0,5460000.0,5490000.0,8900000.0,9230000.0,16660000.0,38880000.0,1380000.0,2850000.0,10800000.0
Greece,GRC,1993,9400000.0,1320000.0,5520000.0,5430000.0,10290000.0,9030000.0,16880000.0,38910000.0,1370000.0,2770000.0,12370000.0
Greece,GRC,1994,9560000.0,1320000.0,5690000.0,5470000.0,11410000.0,8950000.0,16980000.0,40430000.0,1410000.0,2780000.0,13390000.0
Greece,GRC,1995,9430000.0,1330000.0,5700000.0,5740000.0,14230000.0,9690000.0,17110000.0,42160000.0,1430000.0,2590000.0,14020000.0
Greece,GRC,1996,9640000.0,1320000.0,5810000.0,7590000.0,15430000.0,10370000.0,17600000.0,39020000.0,1490000.0,2650000.0,12540000.0
Greece,GRC,1997,9460000.0,1330000.0,5760000.0,7860000.0,15950000.0,10490000.0,18200000.0,39030000.0,1470000.0,2640000.0,12480000.0
Greece,GRC,1998,9360000.0,1520000.0,5960000.0,8210000.0,16750000.0,10450000.0,19870000.0,40460000.0,1530000.0,2640000.0,13730000.0
Greece,GRC,1999,9300000.0,1310000.0,5910000.0,8020000.0,18230000.0,9360000.0,20060000.0,41830000.0,1560000.0,2650000.0,12810000.0
Greece,GRC,2000,9350000.0,1340000.0,5920000.0,8630000.0,15860000.0,10260000.0,19530000.0,47760000.0,1620000.0,2650000.0,14020000.0
Greece,GRC,2001,9120000.0,1200000.0,5050000.0,9440000.0,14780000.0,10390000.0,20240000.0,48200000.0,1680000.0,2680000.0,13520000.0
Greece,GRC,2002,9070000.0,1200000.0,5000000.0,9750000.0,14820000.0,9950000.0,20520000.0,48080000.0,1780000.0,2910000.0,12390000.0
Greece,GRC,2003,8970000.0,1200000.0,5140000.0,11450000.0,14010000.0,9590000.0,21500000.0,49160000.0,1740000.0,3120000.0,12690000.0
Greece,GRC,2004,9190000.0,1200000.0,5140000.0,11090000.0,14060000.0,8840000.0,21910000.0,49920000.0,1780000.0,2670000.0,12870000.0
Greece,GRC,2005,8860000.0,1200000.0,5250000.0,11680000.0,14270000.0,8750000.0,22320000.0,50640000.0,1770000.0,2740000.0,11580000.0
Greece,GRC,2006,8750000.0,1220000.0,5430000.0,11420000.0,12050000.0,9080000.0,22850000.0,48870000.0,1670000.0,2890000.0,12790000.0
Greece,GRC,2007,9050000.0,1350000.0,5230000.0,10470000.0,12370000.0,10260000.0,23460000.0,52170000.0,1720000.0,2590000.0,13280000.0
Greece,GRC,2008,8780000.0,1220000.0,5240000.0,10230000.0,12460000.0,8580000.0,22770000.0,51250000.0,1710000.0,2510000.0,12940000.0
Greece,GRC,2009,8610000.0,1190000.0,4930000.0,8930000.0,11230000.0,6490000.0,25400000.0,48320000.0,1690000.0,1980000.0,11020000.0
Greece,GRC,2010,8880000.0,1190000.0,5240000.0,8060000.0,11350000.0,6710000.0,22540000.0,45260000.0,1490000.0,1710000.0,10870000.0
Greece,GRC,2011,8620000.0,-4190000.0,4970000.0,10270000.0,9860000.0,5800000.0,20140000.0,45250000.0,1560000.0,1600000.0,11190000.0
Greece,GRC,2012,8560000.0,-4200000.0,4710000.0,7880000.0,10810000.0,5860000.0,16850000.0,45860000.0,1660000.0,1460000.0,9300000.0
Greece,GRC,2013,8319999.0,-4210000.0,4820000.0,4790000.0,11670000.0,5660000.0,16730000.0,41530000.0,1430000.0,970000.0,8930000.0
Greece,GRC,2014,8090000.0,-4210000.0,4900000.0,4730000.0,11930000.0,6020000.0,16770000.0,38140000.0,1340000.0,890000.0,8410000.0
Greece,GRC,2015,7840000.0,-4220000.0,4880000.0,6460000.0,11690000.0,6340000.0,17110000.0,34600000.0,1230000.0,910000.0,8270000.0
Greece,GRC,2016,7830000.0,-8380000.0,4930000.0,5860000.0,12200000.0,6510000.0,17590000.0,33080002.0,920000.0,860000.0,8229999.0
Greece,GRC,2017,7910000.0,-8390000.0,5110000.0,5720000.0,12070000.0,5290000.0,17310000.0,34740000.0,1060000.0,860000.0,9910000.0
Greece,GRC,2018,7390000.0,-8400000.0,5260000.0,4960000.0,11560000.0,5100000.0,17600000.0,33890000.0,1030000.0,850000.0,10390000.0
Greece,GRC,2019,7180000.0,-8400000.0,5280000.0,5470000.0,11070000.0,4620000.0,17980000.0,28500000.0,810000.0,850000.0,11590000.0
Greece,GRC,2020,7270000.0,-8400000.0,5380000.0,5850000.0,10370000.0,4210000.0,15200000.0,22280000.0,490000.0,1180000.0,6340000.0
Greece,GRC,2021,7280000.0,1450000.0,5740000.0,5590000.0,10760000.0,4370000.0,16340000.0,23390000.0,460000.0,730000.0,7970000.0
Greece,GRC,2022,6670000.0,1270000.0,5800000.0,5940000.0,10710000.0,4380000.0,18040000.0,22230000.0,470000.0,1010000.0,9810000.0
Greece,GRC,2023,7010000.0,1410000.0,5860000.0,4550000.0,11010000.0,4090000.0,18840000.0,19410000.0,470000.0,960000.0,10120000.0
Grenada,GRD,1990,20000.0,0.0,10000.0,10000.0,0.0,20000.0,40000.0,50000.0,0.0,,20000.0
Grenada,GRD,1991,20000.0,0.0,10000.0,10000.0,0.0,20000.0,40000.0,50000.0,0.0,,20000.0
Grenada,GRD,1992,20000.0,0.0,10000.0,10000.0,0.0,20000.0,40000.0,50000.0,0.0,,10000.0
Grenada,GRD,1993,20000.0,0.0,10000.0,10000.0,0.0,20000.0,40000.0,60000.0,0.0,,20000.0
Grenada,GRD,1994,20000.0,0.0,1970000.0,10000.0,0.0,20000.0,50000.0,60000.0,0.0,,20000.0
Grenada,GRD,1995,20000.0,0.0,10000.0,20000.0,0.0,10000.0,50000.0,70000.0,0.0,,20000.0
Grenada,GRD,1996,20000.0,0.0,10000.0,20000.0,0.0,10000.0,70000.0,70000.0,0.0,,20000.0
Grenada,GRD,1997,20000.0,0.0,10000.0,30000.0,0.0,0.0,80000.0,80000.0,0.0,,20000.0
Grenada,GRD,1998,20000.0,0.0,10000.0,30000.0,0.0,0.0,80000.0,80000.0,0.0,10000.0,20000.0
Grenada,GRD,1999,20000.0,0.0,10000.0,30000.0,0.0,0.0,80000.0,80000.0,0.0,10000.0,20000.0
Grenada,GRD,2000,20000.0,0.0,10000.0,30000.0,0.0,0.0,80000.0,80000.0,0.0,10000.0,20000.0
Grenada,GRD,2001,20000.0,0.0,10000.0,30000.0,0.0,0.0,80000.0,80000.0,0.0,10000.0,20000.0
Grenada,GRD,2002,20000.0,0.0,10000.0,30000.0,0.0,0.0,90000.0,90000.0,0.0,10000.0,20000.0
Grenada,GRD,2003,20000.0,0.0,10000.0,30000.0,10000.0,0.0,90000.0,90000.0,0.0,10000.0,20000.0
Grenada,GRD,2004,20000.0,0.0,10000.0,30000.0,10000.0,0.0,90000.0,90000.0,0.0,10000.0,20000.0
Grenada,GRD,2005,20000.0,0.0,10000.0,30000.0,10000.0,0.0,90000.0,90000.0,0.0,10000.0,20000.0
Grenada,GRD,2006,20000.0,0.0,10000.0,30000.0,10000.0,0.0,100000.0,100000.0,0.0,10000.0,20000.0
Grenada,GRD,2007,20000.0,0.0,10000.0,40000.0,10000.0,10000.0,100000.0,100000.0,0.0,10000.0,20000.0
Grenada,GRD,2008,20000.0,0.0,10000.0,20000.0,10000.0,10000.0,100000.0,129999.0,0.0,10000.0,30000.0
Grenada,GRD,2009,20000.0,0.0,10000.0,30000.0,10000.0,10000.0,100000.0,129999.0,0.0,10000.0,20000.0
Grenada,GRD,2010,20000.0,0.0,10000.0,20000.0,20000.0,10000.0,100000.0,140000.0,0.0,10000.0,20000.0
Grenada,GRD,2011,20000.0,0.0,10000.0,20000.0,20000.0,10000.0,100000.0,129999.0,0.0,10000.0,10000.0
Grenada,GRD,2012,20000.0,0.0,10000.0,20000.0,20000.0,0.0,100000.0,150000.0,0.0,10000.0,10000.0
Grenada,GRD,2013,20000.0,0.0,10000.0,30000.0,20000.0,10000.0,90000.0,180000.0,0.0,10000.0,10000.0
Grenada,GRD,2014,20000.0,0.0,10000.0,20000.0,20000.0,10000.0,90000.0,120000.0,0.0,10000.0,20000.0
Grenada,GRD,2015,20000.0,0.0,10000.0,30000.0,20000.0,10000.0,90000.0,129999.0,0.0,10000.0,20000.0
Grenada,GRD,2016,20000.0,0.0,10000.0,20000.0,20000.0,10000.0,100000.0,140000.0,0.0,10000.0,20000.0
Grenada,GRD,2017,20000.0,0.0,10000.0,30000.0,20000.0,10000.0,100000.0,150000.0,0.0,20000.0,20000.0
Grenada,GRD,2018,20000.0,0.0,10000.0,30000.0,20000.0,10000.0,110000.0,160000.0,0.0,20000.0,20000.0
Grenada,GRD,2019,20000.0,0.0,10000.0,30000.0,20000.0,10000.0,110000.0,170000.0,0.0,20000.0,30000.0
Grenada,GRD,2020,30000.0,0.0,10000.0,30000.0,20000.0,10000.0,90000.0,150000.0,0.0,20000.0,30000.0
Grenada,GRD,2021,30000.0,0.0,10000.0,30000.0,20000.0,10000.0,100000.0,160000.0,0.0,20000.0,30000.0
Grenada,GRD,2022,30000.0,0.0,10000.0,30000.0,30000.0,20000.0,110000.0,170000.0,0.0,20000.0,30000.0
Grenada,GRD,2023,30000.0,0.0,10000.0,40000.0,30000.0,20000.0,110000.0,180000.0,0.0,20000.0,30000.0
Guatemala,GTM,1990,5480000.0,26100000.0,970000.0,3350000.0,760000.0,730000.0,1750000.0,250000.0,0.0,80000.0,570000.0
Guatemala,GTM,1991,5700000.0,26100000.0,990000.0,3370000.0,650000.0,780000.0,1830000.0,300000.0,0.0,90000.0,570000.0
Guatemala,GTM,1992,6060000.0,26100000.0,1020000.0,3470000.0,640000.0,860000.0,1920000.0,910000.0,0.0,90000.0,590000.0
Guatemala,GTM,1993,6420000.0,26100000.0,1050000.0,3420000.0,500000.0,1060000.0,2110000.0,910000.0,0.0,90000.0,610000.0
Guatemala,GTM,1994,6270000.0,26100000.0,1070000.0,3390000.0,540000.0,1110000.0,2240000.0,1000000.0,0.0,90000.0,620000.0
Guatemala,GTM,1995,6310000.0,26100000.0,1110000.0,3510000.0,519999.0,1310000.0,2800000.0,1120000.0,0.0,120000.0,660000.0
Guatemala,GTM,1996,6250000.0,26570000.0,1150000.0,3590000.0,490000.0,1250000.0,2790000.0,1020000.0,0.0,110000.0,690000.0
Guatemala,GTM,1997,6360000.0,26270000.0,1190000.0,3680000.0,570000.0,1280000.0,2960000.0,1070000.0,10000.0,120000.0,720000.0
Guatemala,GTM,1998,6310000.0,28310000.0,1230000.0,3720000.0,660000.0,1320000.0,3520000.0,2069999.0,10000.0,129999.0,750000.0
Guatemala,GTM,1999,6680000.0,26340000.0,1270000.0,4370000.0,700000.0,1160000.0,3690000.0,1820000.0,10000.0,140000.0,760000.0
Guatemala,GTM,2000,6730000.0,27360000.0,1310000.0,4380000.0,850000.0,1320000.0,3960000.0,2450000.0,10000.0,150000.0,780000.0
Guatemala,GTM,2001,6960000.0,19280000.0,1360000.0,4090000.0,900000.0,1370000.0,4630000.0,2550000.0,10000.0,10000.0,790000.0
Guatemala,GTM,2002,7120000.0,19420000.0,1410000.0,4970000.0,930000.0,1030000.0,5040000.0,3130000.0,10000.0,10000.0,790000.0
Guatemala,GTM,2003,7110000.0,21400000.0,1460000.0,5220000.0,960000.0,1080000.0,5020000.0,3110000.0,0.0,10000.0,820000.0
Guatemala,GTM,2004,7260000.0,19300000.0,1500000.0,5440000.0,1070000.0,940000.0,4890000.0,3490000.0,0.0,10000.0,840000.0
Guatemala,GTM,2005,7700000.0,20590000.0,1550000.0,5520000.0,1170000.0,1460000.0,5270000.0,3430000.0,0.0,10000.0,970000.0
Guatemala,GTM,2006,7700000.0,19410000.0,1600000.0,5550000.0,1230000.0,1580000.0,5450000.0,3120000.0,0.0,10000.0,970000.0
Guatemala,GTM,2007,8180000.0,19760000.0,1650000.0,5760000.0,1310000.0,1900000.0,5770000.0,3310000.0,0.0,0.0,870000.0
Guatemala,GTM,2008,8149999.0,19450000.0,1700000.0,5950000.0,1340000.0,1490000.0,5280000.0,3060000.0,0.0,0.0,810000.0
Guatemala,GTM,2009,8770000.0,19860000.0,1750000.0,6040000.0,1000000.0,1270000.0,6000000.0,3620000.0,0.0,0.0,820000.0
Guatemala,GTM,2010,9150000.0,19420000.0,1800000.0,6290000.0,1520000.0,1350000.0,5920000.0,2680000.0,0.0,0.0,1000000.0
Guatemala,GTM,2011,9300000.0,7040000.0,1850000.0,6510000.0,1550000.0,1690000.0,5800000.0,2690000.0,0.0,0.0,1039999.0
Guatemala,GTM,2012,9470000.0,7000000.0,1900000.0,6750000.0,1570000.0,1680000.0,5820000.0,2990000.0,0.0,0.0,1000000.0
Guatemala,GTM,2013,9590000.0,7190000.0,1950000.0,6900000.0,1610000.0,1720000.0,6120000.0,3490000.0,0.0,0.0,1120000.0
Guatemala,GTM,2014,9760000.0,6940000.0,2000000.0,7100000.0,1810000.0,1820000.0,6550000.0,3660000.0,0.0,0.0,1250000.0
Guatemala,GTM,2015,10070000.0,7080000.0,2050000.0,7290000.0,1890000.0,1990000.0,7490000.0,4890000.0,0.0,0.0,1410000.0
Guatemala,GTM,2016,10250000.0,5940000.0,2100000.0,7780000.0,1810000.0,2040000.0,8140000.0,5260000.0,0.0,0.0,1430000.0
Guatemala,GTM,2017,10410000.0,5910000.0,2150000.0,8170000.0,1870000.0,1860000.0,8400000.0,4170000.0,0.0,0.0,1580000.0
Guatemala,GTM,2018,10610000.0,5730000.0,2200000.0,8350000.0,1750000.0,1950000.0,8780000.0,5470000.0,0.0,0.0,1590000.0
Guatemala,GTM,2019,10660000.0,5850000.0,2250000.0,8540000.0,1740000.0,1770000.0,9600000.0,5780000.0,0.0,0.0,1620000.0
Guatemala,GTM,2020,10990000.0,6060000.0,2290000.0,8770000.0,1890000.0,2000000.0,8780000.0,4070000.0,0.0,0.0,1430000.0
Guatemala,GTM,2021,10960000.0,5430000.0,2340000.0,9160000.0,1990000.0,2590000.0,10520000.0,4330000.0,0.0,0.0,1700000.0
Guatemala,GTM,2022,10860000.0,5450000.0,2380000.0,9460000.0,2069999.0,2690000.0,10280000.0,3140000.0,0.0,0.0,1720000.0
Guatemala,GTM,2023,11190000.0,5490000.0,2510000.0,9760000.0,2110000.0,2340000.0,10910000.0,4810000.0,0.0,0.0,1810000.0
Guinea,GIN,1990,6570000.0,19800000.0,720000.0,40000.0,10000.0,310000.0,270000.0,330000.0,0.0,,50000.0
Guinea,GIN,1991,6820000.0,19800000.0,740000.0,40000.0,10000.0,320000.0,290000.0,340000.0,0.0,,50000.0
Guinea,GIN,1992,7070000.0,19800000.0,880000.0,40000.0,10000.0,350000.0,290000.0,340000.0,0.0,,50000.0
Guinea,GIN,1993,7360000.0,19800000.0,1000000.0,40000.0,10000.0,360000.0,290000.0,340000.0,0.0,,50000.0
Guinea,GIN,1994,7690000.0,19800000.0,1080000.0,40000.0,10000.0,400000.0,290000.0,340000.0,0.0,,50000.0
Guinea,GIN,1995,8029999.0,19790000.0,1039999.0,40000.0,10000.0,440000.0,300000.0,350000.0,0.0,,50000.0
Guinea,GIN,1996,7430000.0,19800000.0,1000000.0,30000.0,10000.0,480000.0,320000.0,350000.0,0.0,,60000.0
Guinea,GIN,1997,7630000.0,19930000.0,950000.0,30000.0,10000.0,519999.0,350000.0,350000.0,0.0,,60000.0
Guinea,GIN,1998,8510000.0,20420000.0,900000.0,30000.0,10000.0,540000.0,400000.0,350000.0,0.0,,60000.0
Guinea,GIN,1999,8160000.0,20190000.0,860000.0,30000.0,10000.0,580000.0,440000.0,350000.0,0.0,,60000.0
Guinea,GIN,2000,8730000.0,19940000.0,810000.0,20000.0,10000.0,610000.0,470000.0,350000.0,0.0,,70000.0
Guinea,GIN,2001,9360000.0,19710000.0,820000.0,20000.0,40000.0,640000.0,500000.0,360000.0,0.0,,70000.0
Guinea,GIN,2002,10470000.0,19630000.0,840000.0,20000.0,60000.0,670000.0,540000.0,360000.0,0.0,,70000.0
Guinea,GIN,2003,10570000.0,19770000.0,860000.0,20000.0,80000.0,710000.0,570000.0,360000.0,0.0,,70000.0
Guinea,GIN,2004,10530000.0,19670000.0,880000.0,20000.0,110000.0,740000.0,610000.0,360000.0,0.0,,70000.0
Guinea,GIN,2005,11910000.0,19660000.0,900000.0,20000.0,129999.0,900000.0,640000.0,240000.0,0.0,,70000.0
Guinea,GIN,2006,12060000.0,19750000.0,920000.0,20000.0,160000.0,940000.0,670000.0,240000.0,0.0,,70000.0
Guinea,GIN,2007,12290000.0,19690000.0,940000.0,20000.0,190000.0,1000000.0,700000.0,220000.0,0.0,,80000.0
Guinea,GIN,2008,12810000.0,19760000.0,970000.0,20000.0,230000.0,1010000.0,720000.0,240000.0,0.0,,80000.0
Guinea,GIN,2009,13080000.0,19740000.0,990000.0,10000.0,259999.0,1090000.0,770000.0,240000.0,0.0,,80000.0
Guinea,GIN,2010,15190000.0,19670000.0,1020000.0,10000.0,290000.0,1390000.0,940000.0,129999.0,0.0,,80000.0
Guinea,GIN,2011,16190001.0,19740000.0,1050000.0,10000.0,300000.0,1450000.0,1000000.0,120000.0,0.0,,80000.0
Guinea,GIN,2012,17470000.0,19830000.0,1090000.0,10000.0,310000.0,1180000.0,1060000.0,190000.0,0.0,,80000.0
Guinea,GIN,2013,17790000.0,19850000.0,1120000.0,10000.0,320000.0,910000.0,1070000.0,140000.0,0.0,,80000.0
Guinea,GIN,2014,18110000.0,19770000.0,1150000.0,10000.0,340000.0,920000.0,1260000.0,230000.0,0.0,,80000.0
Guinea,GIN,2015,18170000.0,19920000.0,1180000.0,10000.0,350000.0,930000.0,1360000.0,180000.0,0.0,,70000.0
Guinea,GIN,2016,20530000.0,19720000.0,1210000.0,10000.0,400000.0,950000.0,1420000.0,380000.0,30000.0,,80000.0
Guinea,GIN,2017,20470000.0,19610000.0,1240000.0,10000.0,450000.0,1130000.0,1910000.0,410000.0,0.0,,100000.0
Guinea,GIN,2018,20250000.0,19600000.0,1270000.0,0.0,500000.0,1180000.0,2140000.0,540000.0,0.0,,100000.0
Guinea,GIN,2019,21090000.0,19660000.0,1300000.0,0.0,550000.0,1340000.0,2230000.0,550000.0,0.0,,129999.0
Guinea,GIN,2020,21710000.0,19670000.0,1330000.0,0.0,600000.0,1430000.0,2360000.0,720000.0,0.0,,80000.0
Guinea,GIN,2021,22350000.0,19630000.0,1360000.0,0.0,630000.0,1430000.0,2450000.0,290000.0,0.0,,129999.0
Guinea,GIN,2022,24750000.0,19620000.0,1390000.0,0.0,660000.0,1410000.0,2450000.0,300000.0,0.0,,140000.0
Guinea,GIN,2023,24370000.0,19590000.0,1420000.0,0.0,700000.0,1440000.0,2500000.0,300000.0,0.0,,140000.0
Guinea-Bissau,GNB,1990,1210000.0,960000.0,20000.0,10000.0,0.0,,50000.0,30000.0,0.0,0.0,0.0
Guinea-Bissau,GNB,1991,1210000.0,960000.0,20000.0,10000.0,0.0,,50000.0,30000.0,0.0,0.0,0.0
Guinea-Bissau,GNB,1992,1240000.0,960000.0,40000.0,10000.0,0.0,,40000.0,40000.0,0.0,0.0,0.0
Guinea-Bissau,GNB,1993,1260000.0,960000.0,50000.0,10000.0,0.0,,50000.0,40000.0,0.0,0.0,0.0
Guinea-Bissau,GNB,1994,1290000.0,960000.0,60000.0,10000.0,0.0,,40000.0,40000.0,0.0,0.0,0.0
Guinea-Bissau,GNB,1995,1320000.0,960000.0,90000.0,10000.0,0.0,,50000.0,40000.0,0.0,0.0,0.0
Guinea-Bissau,GNB,1996,1250000.0,690000.0,120000.0,10000.0,0.0,,40000.0,50000.0,0.0,0.0,0.0
Guinea-Bissau,GNB,1997,1220000.0,750000.0,140000.0,10000.0,0.0,,60000.0,50000.0,0.0,0.0,0.0
Guinea-Bissau,GNB,1998,1210000.0,1010000.0,170000.0,10000.0,0.0,,50000.0,20000.0,0.0,0.0,0.0
Guinea-Bissau,GNB,1999,1320000.0,1240000.0,200000.0,10000.0,0.0,,70000.0,20000.0,0.0,0.0,0.0
Guinea-Bissau,GNB,2000,1330000.0,960000.0,220000.0,10000.0,0.0,,20000.0,30000.0,0.0,0.0,0.0
Guinea-Bissau,GNB,2001,1600000.0,900000.0,250000.0,0.0,20000.0,,20000.0,20000.0,0.0,0.0,0.0
Guinea-Bissau,GNB,2002,1650000.0,1000000.0,280000.0,0.0,40000.0,,40000.0,20000.0,0.0,0.0,0.0
Guinea-Bissau,GNB,2003,1670000.0,950000.0,310000.0,0.0,60000.0,,50000.0,20000.0,0.0,10000.0,0.0
Guinea-Bissau,GNB,2004,1600000.0,900000.0,330000.0,0.0,80000.0,,30000.0,20000.0,0.0,0.0,0.0
Guinea-Bissau,GNB,2005,1540000.0,830000.0,360000.0,0.0,100000.0,,70000.0,20000.0,0.0,0.0,0.0
Guinea-Bissau,GNB,2006,1710000.0,1039999.0,390000.0,0.0,129999.0,,90000.0,30000.0,0.0,0.0,0.0
Guinea-Bissau,GNB,2007,1690000.0,1050000.0,310000.0,0.0,160000.0,,60000.0,30000.0,0.0,0.0,0.0
Guinea-Bissau,GNB,2008,1590000.0,990000.0,230000.0,0.0,180000.0,,70000.0,20000.0,0.0,0.0,0.0
Guinea-Bissau,GNB,2009,1710000.0,860000.0,150000.0,0.0,210000.0,,80000.0,20000.0,0.0,0.0,0.0
Guinea-Bissau,GNB,2010,1790000.0,930000.0,70000.0,0.0,240000.0,,90000.0,20000.0,0.0,0.0,0.0
Guinea-Bissau,GNB,2011,1760000.0,830000.0,70000.0,0.0,250000.0,,80000.0,30000.0,0.0,0.0,0.0
Guinea-Bissau,GNB,2012,1920000.0,1220000.0,70000.0,0.0,259999.0,,90000.0,20000.0,0.0,0.0,0.0
Guinea-Bissau,GNB,2013,1870000.0,950000.0,70000.0,0.0,270000.0,,120000.0,20000.0,0.0,0.0,0.0
Guinea-Bissau,GNB,2014,1840000.0,1039999.0,80000.0,0.0,270000.0,,110000.0,30000.0,0.0,0.0,0.0
Guinea-Bissau,GNB,2015,1950000.0,1120000.0,80000.0,0.0,280000.0,,120000.0,30000.0,0.0,0.0,0.0
Guinea-Bissau,GNB,2016,1900000.0,790000.0,80000.0,0.0,330000.0,,100000.0,60000.0,0.0,0.0,0.0
Guinea-Bissau,GNB,2017,1930000.0,660000.0,80000.0,0.0,370000.0,,110000.0,70000.0,0.0,10000.0,0.0
Guinea-Bissau,GNB,2018,2000000.0,680000.0,90000.0,0.0,410000.0,,120000.0,70000.0,0.0,10000.0,0.0
Guinea-Bissau,GNB,2019,2000000.0,740000.0,90000.0,0.0,450000.0,,100000.0,90000.0,0.0,70000.0,0.0
Guinea-Bissau,GNB,2020,2000000.0,800000.0,90000.0,0.0,490000.0,,80000.0,160000.0,0.0,80000.0,0.0
Guinea-Bissau,GNB,2021,1910000.0,670000.0,90000.0,0.0,519999.0,,80000.0,170000.0,0.0,90000.0,0.0
Guinea-Bissau,GNB,2022,1960000.0,670000.0,90000.0,0.0,550000.0,,80000.0,170000.0,0.0,90000.0,0.0
Guinea-Bissau,GNB,2023,1890000.0,650000.0,100000.0,0.0,580000.0,,80000.0,170000.0,0.0,100000.0,0.0
Guyana,GUY,1990,940000.0,5480000.0,100000.0,290000.0,0.0,380000.0,270000.0,350000.0,0.0,140000.0,40000.0
Guyana,GUY,1991,1210000.0,5480000.0,100000.0,120000.0,0.0,390000.0,240000.0,350000.0,0.0,120000.0,30000.0
Guyana,GUY,1992,1270000.0,5480000.0,110000.0,110000.0,0.0,360000.0,240000.0,340000.0,0.0,110000.0,30000.0
Guyana,GUY,1993,1430000.0,6120000.0,120000.0,110000.0,0.0,390000.0,240000.0,340000.0,0.0,90000.0,30000.0
Guyana,GUY,1994,1400000.0,6120000.0,120000.0,129999.0,10000.0,430000.0,420000.0,390000.0,0.0,140000.0,40000.0
Guyana,GUY,1995,1670000.0,6450000.0,129999.0,129999.0,10000.0,450000.0,440000.0,410000.0,0.0,180000.0,40000.0
Guyana,GUY,1996,1650000.0,6670000.0,129999.0,129999.0,10000.0,440000.0,490000.0,410000.0,0.0,190000.0,40000.0
Guyana,GUY,1997,1720000.0,6750000.0,129999.0,140000.0,10000.0,480000.0,530000.0,440000.0,0.0,230000.0,40000.0
Guyana,GUY,1998,1610000.0,6980000.0,140000.0,120000.0,10000.0,510000.0,519999.0,470000.0,0.0,210000.0,30000.0
Guyana,GUY,1999,1730000.0,6840000.0,140000.0,140000.0,10000.0,420000.0,600000.0,400000.0,0.0,259999.0,40000.0
Guyana,GUY,2000,1440000.0,6850000.0,140000.0,140000.0,10000.0,430000.0,560000.0,390000.0,0.0,220000.0,40000.0
Guyana,GUY,2001,1510000.0,7550000.0,150000.0,129999.0,10000.0,410000.0,580000.0,380000.0,0.0,240000.0,30000.0
Guyana,GUY,2002,1400000.0,7570000.0,150000.0,129999.0,10000.0,400000.0,560000.0,380000.0,0.0,250000.0,30000.0
Guyana,GUY,2003,1630000.0,7640000.0,150000.0,129999.0,10000.0,210000.0,560000.0,680000.0,0.0,120000.0,30000.0
Guyana,GUY,2004,1560000.0,7920000.0,160000.0,129999.0,10000.0,210000.0,580000.0,690000.0,0.0,150000.0,30000.0
Guyana,GUY,2005,1400000.0,7920000.0,160000.0,129999.0,10000.0,140000.0,550000.0,500000.0,0.0,240000.0,30000.0
Guyana,GUY,2006,1360000.0,7900000.0,160000.0,120000.0,20000.0,110000.0,510000.0,510000.0,0.0,160000.0,30000.0
Guyana,GUY,2007,1400000.0,7900000.0,150000.0,120000.0,20000.0,210000.0,570000.0,600000.0,0.0,190000.0,30000.0
Guyana,GUY,2008,1550000.0,7900000.0,150000.0,120000.0,20000.0,200000.0,570000.0,580000.0,0.0,200000.0,30000.0
Guyana,GUY,2009,1560000.0,7900000.0,150000.0,120000.0,20000.0,129999.0,610000.0,750000.0,0.0,90000.0,30000.0
Guyana,GUY,2010,1650000.0,7940000.0,160000.0,129999.0,30000.0,140000.0,620000.0,760000.0,0.0,180000.0,30000.0
Guyana,GUY,2011,1680000.0,15550000.0,150000.0,120000.0,30000.0,170000.0,660000.0,750000.0,0.0,200000.0,30000.0
Guyana,GUY,2012,1750000.0,15540000.0,150000.0,129999.0,30000.0,240000.0,680000.0,750000.0,0.0,270000.0,60000.0
Guyana,GUY,2013,1950000.0,15540000.0,160000.0,110000.0,30000.0,210000.0,650000.0,800000.0,0.0,270000.0,30000.0
Guyana,GUY,2014,2100000.0,15540000.0,160000.0,110000.0,30000.0,220000.0,710000.0,780000.0,0.0,300000.0,30000.0
Guyana,GUY,2015,2210000.0,15550000.0,160000.0,110000.0,30000.0,210000.0,700000.0,790000.0,0.0,290000.0,40000.0
Guyana,GUY,2016,1810000.0,12930000.0,160000.0,120000.0,40000.0,330000.0,780000.0,850000.0,0.0,280000.0,60000.0
Guyana,GUY,2017,1980000.0,12890000.0,160000.0,120000.0,40000.0,290000.0,790000.0,860000.0,0.0,320000.0,70000.0
Guyana,GUY,2018,1970000.0,12900000.0,170000.0,129999.0,40000.0,320000.0,800000.0,920000.0,0.0,320000.0,60000.0
Guyana,GUY,2019,2079999.0,12910000.0,170000.0,129999.0,50000.0,400000.0,910000.0,940000.0,10000.0,330000.0,70000.0
Guyana,GUY,2020,2130000.0,12890000.0,170000.0,120000.0,50000.0,500000.0,910000.0,930000.0,950000.0,220000.0,20000.0
Guyana,GUY,2021,1880000.0,11250000.0,180000.0,129999.0,50000.0,630000.0,1050000.0,930000.0,860000.0,160000.0,50000.0
Guyana,GUY,2022,1840000.0,11360000.0,180000.0,140000.0,50000.0,760000.0,1110000.0,1050000.0,1740000.0,100000.0,90000.0
Guyana,GUY,2023,1980000.0,11380000.0,190000.0,140000.0,70000.0,870000.0,1540000.0,1110000.0,2040000.0,100000.0,110000.0
Haiti,HTI,1990,3190000.0,-330000.0,650000.0,1200000.0,90000.0,190000.0,440000.0,250000.0,0.0,0.0,70000.0
Haiti,HTI,1991,3410000.0,-330000.0,660000.0,1210000.0,110000.0,220000.0,410000.0,220000.0,0.0,0.0,60000.0
Haiti,HTI,1992,3920000.0,-330000.0,670000.0,1220000.0,90000.0,230000.0,420000.0,129999.0,0.0,0.0,40000.0
Haiti,HTI,1993,3730000.0,-330000.0,690000.0,1250000.0,50000.0,140000.0,390000.0,80000.0,0.0,0.0,40000.0
Haiti,HTI,1994,3700000.0,-330000.0,850000.0,1250000.0,0.0,20000.0,120000.0,30000.0,0.0,0.0,0.0
Haiti,HTI,1995,3730000.0,-330000.0,870000.0,1330000.0,0.0,140000.0,519999.0,160000.0,0.0,0.0,70000.0
Haiti,HTI,1996,3760000.0,-330000.0,950000.0,1360000.0,0.0,160000.0,580000.0,240000.0,0.0,0.0,60000.0
Haiti,HTI,1997,4000000.0,-330000.0,910000.0,1390000.0,0.0,250000.0,590000.0,350000.0,0.0,0.0,60000.0
Haiti,HTI,1998,4060000.0,-330000.0,930000.0,1420000.0,0.0,310000.0,650000.0,250000.0,0.0,0.0,70000.0
Haiti,HTI,1999,4090000.0,-330000.0,950000.0,1500000.0,0.0,360000.0,680000.0,200000.0,0.0,0.0,90000.0
Haiti,HTI,2000,4470000.0,-330000.0,980000.0,1680000.0,0.0,259999.0,720000.0,190000.0,0.0,0.0,90000.0
Haiti,HTI,2001,4480000.0,90000.0,810000.0,1660000.0,90000.0,259999.0,800000.0,200000.0,0.0,0.0,110000.0
Haiti,HTI,2002,4500000.0,90000.0,830000.0,1620000.0,120000.0,450000.0,840000.0,220000.0,0.0,0.0,110000.0
Haiti,HTI,2003,4510000.0,90000.0,840000.0,1710000.0,129999.0,440000.0,810000.0,170000.0,0.0,0.0,60000.0
Haiti,HTI,2004,4460000.0,90000.0,860000.0,1700000.0,129999.0,370000.0,790000.0,170000.0,0.0,0.0,70000.0
Haiti,HTI,2005,4490000.0,90000.0,880000.0,1750000.0,129999.0,390000.0,800000.0,170000.0,0.0,0.0,70000.0
Haiti,HTI,2006,4480000.0,90000.0,890000.0,1800000.0,129999.0,400000.0,800000.0,180000.0,0.0,0.0,80000.0
Haiti,HTI,2007,4500000.0,90000.0,910000.0,1810000.0,140000.0,519999.0,970000.0,240000.0,0.0,0.0,60000.0
Haiti,HTI,2008,4510000.0,90000.0,930000.0,1860000.0,140000.0,519999.0,940000.0,240000.0,0.0,0.0,60000.0
Haiti,HTI,2009,4510000.0,90000.0,950000.0,1880000.0,140000.0,470000.0,960000.0,259999.0,0.0,0.0,50000.0
Haiti,HTI,2010,4540000.0,90000.0,960000.0,1930000.0,150000.0,540000.0,1100000.0,519999.0,0.0,0.0,60000.0
Haiti,HTI,2011,4550000.0,690000.0,980000.0,1970000.0,50000.0,560000.0,1130000.0,820000.0,0.0,0.0,50000.0
Haiti,HTI,2012,4570000.0,690000.0,990000.0,2010000.0,60000.0,360000.0,990000.0,880000.0,0.0,0.0,50000.0
Haiti,HTI,2013,4580000.0,690000.0,1010000.0,2150000.0,70000.0,480000.0,920000.0,910000.0,0.0,0.0,90000.0
Haiti,HTI,2014,4640000.0,690000.0,1030000.0,1950000.0,110000.0,680000.0,1190000.0,940000.0,0.0,0.0,40000.0
Haiti,HTI,2015,4630000.0,690000.0,1050000.0,2120000.0,110000.0,600000.0,1440000.0,940000.0,0.0,0.0,70000.0
Haiti,HTI,2016,4760000.0,-30000.0,1060000.0,2150000.0,120000.0,610000.0,1460000.0,1000000.0,0.0,0.0,70000.0
Haiti,HTI,2017,4720000.0,-30000.0,1080000.0,2130000.0,150000.0,550000.0,1480000.0,1160000.0,0.0,0.0,60000.0
Haiti,HTI,2018,4980000.0,-30000.0,1090000.0,2180000.0,160000.0,580000.0,1730000.0,1120000.0,0.0,0.0,60000.0
Haiti,HTI,2019,4730000.0,-30000.0,1110000.0,2180000.0,160000.0,500000.0,1460000.0,880000.0,0.0,0.0,50000.0
Haiti,HTI,2020,4670000.0,-30000.0,1120000.0,2100000.0,160000.0,510000.0,1600000.0,750000.0,0.0,0.0,40000.0
Haiti,HTI,2021,4690000.0,-290000.0,1140000.0,2140000.0,160000.0,530000.0,1850000.0,670000.0,0.0,0.0,40000.0
Haiti,HTI,2022,4700000.0,-290000.0,1150000.0,2060000.0,170000.0,370000.0,1370000.0,670000.0,0.0,0.0,20000.0
Haiti,HTI,2023,4710000.0,-290000.0,1170000.0,2000000.0,170000.0,240000.0,870000.0,480000.0,0.0,0.0,10000.0
High-income countries,OWID_HIC,1990,1594419968.0,-2001830016.0,650750016.0,1871169920.0,722329984.0,2127760000.0,3135940096.0,6109669888.0,975310016.0,321109984.0,505870016.0
High-income countries,OWID_HIC,1991,1557280000.0,-2001900032.0,659969984.0,1904860032.0,707600000.0,2008029952.0,3124659968.0,6156150272.0,962340032.0,321000000.0,513830016.0
High-income countries,OWID_HIC,1992,1519190016.0,-2001900032.0,665760000.0,1801480064.0,732150016.0,1876759936.0,3190040064.0,6229349888.0,987470016.0,260960000.0,540809984.0
High-income countries,OWID_HIC,1993,1491280000.0,-2001529984.0,668500032.0,1846929920.0,712369984.0,1852040064.0,3195950080.0,6107440128.0,987510016.0,289600000.0,534189984.0
High-income countries,OWID_HIC,1994,1481079936.0,-2001810048.0,670579968.0,1769400064.0,735620032.0,1863769984.0,3257309952.0,6120560128.0,1002529984.0,254010000.0,544350016.0
High-income countries,OWID_HIC,1995,1450080000.0,-2000450048.0,669009984.0,1777629952.0,781379968.0,1882070016.0,3301639936.0,6154429952.0,1006129984.0,258970000.0,561270016.0
High-income countries,OWID_HIC,1996,1435820032.0,-1979379968.0,664110016.0,1880659968.0,789769984.0,1861980032.0,3381619968.0,6347109888.0,1002830016.0,254320000.0,573409984.0
High-income countries,OWID_HIC,1997,1413309952.0,-1993699968.0,652670016.0,1808230016.0,800880000.0,1858620032.0,3419119872.0,6509949952.0,1004640000.0,249500000.0,597209984.0
High-income countries,OWID_HIC,1998,1400390016.0,-1973650048.0,638600000.0,1716380032.0,782059968.0,1788819968.0,3508229888.0,6589489664.0,1006579968.0,228620000.0,616640000.0
High-income countries,OWID_HIC,1999,1412600064.0,-1985360000.0,628499968.0,1757619968.0,738230016.0,1775580032.0,3595660032.0,6593860096.0,992129984.0,221850000.0,639950016.0
High-income countries,OWID_HIC,2000,1412800000.0,-1991299968.0,623030016.0,1768870016.0,750480000.0,1897020032.0,3630659840.0,6720269824.0,1022860032.0,227400000.0,662350016.0
High-income countries,OWID_HIC,2001,1419750016.0,-2124809984.0,617070016.0,1788960000.0,718769984.0,1852099968.0,3658749952.0,6789760000.0,1037860032.0,230500000.0,631099968.0
High-income countries,OWID_HIC,2002,1402009984.0,-2119549952.0,615139968.0,1763030016.0,716440000.0,1784039936.0,3717600000.0,6745679872.0,1037400000.0,228870000.0,659040000.0
High-income countries,OWID_HIC,2003,1328640000.0,-2113149952.0,613960000.0,1820240000.0,716430016.0,1790050048.0,3778179840.0,6894119936.0,1106370048.0,217150000.0,658200000.0
High-income countries,OWID_HIC,2004,1360749952.0,-2121669888.0,603390016.0,1792520064.0,744590016.0,1800489984.0,3845669888.0,6957100032.0,1106009984.0,227340000.0,721200000.0
High-income countries,OWID_HIC,2005,1307849984.0,-2125160064.0,596889984.0,1770809984.0,760360000.0,1740599936.0,3871470080.0,7056240128.0,1154630016.0,226130000.0,760160000.0
High-income countries,OWID_HIC,2006,1339920000.0,-2117820032.0,590769984.0,1699820032.0,776870016.0,1747900032.0,3902530048.0,7088840192.0,1139879936.0,223470000.0,801400000.0
High-income countries,OWID_HIC,2007,1337479936.0,-2124140032.0,583880000.0,1656120064.0,808630016.0,1777879936.0,3935960064.0,7241540096.0,1159990016.0,216750000.0,837740032.0
High-income countries,OWID_HIC,2008,1299110016.0,-2119200000.0,576120000.0,1714150016.0,795540032.0,1745069952.0,3831660032.0,7092040192.0,1135849984.0,208940000.0,846489984.0
High-income countries,OWID_HIC,2009,1291330048.0,-2122659968.0,568280000.0,1668550016.0,736409984.0,1565580032.0,3693799936.0,6631390208.0,1123200000.0,198940000.0,784430016.0
High-income countries,OWID_HIC,2010,1268429952.0,-2122439936.0,563160000.0,1706480000.0,762670016.0,1717760000.0,3782889984.0,6982750208.0,1136189952.0,202720000.0,825929984.0
High-income countries,OWID_HIC,2011,1362620032.0,-2019420032.0,550430016.0,1601810048.0,782160000.0,1701180032.0,3746449920.0,6999199744.0,1192089984.0,199000000.0,847190016.0
High-income countries,OWID_HIC,2012,1360630016.0,-2014439936.0,552209984.0,1540240000.0,807670016.0,1718320000.0,3680689920.0,6958190080.0,1169709952.0,192500000.0,798729984.0
High-income countries,OWID_HIC,2013,1279480064.0,-2021240064.0,544960000.0,1625289984.0,830819968.0,1711600000.0,3740430080.0,6859910144.0,1188540032.0,195730000.0,802270016.0
High-income countries,OWID_HIC,2014,1308720000.0,-2015180032.0,544880000.0,1557760000.0,862550016.0,1730259968.0,3750780160.0,6666639872.0,1231449984.0,192930000.0,833260032.0
High-income countries,OWID_HIC,2015,1298560000.0,-2019300096.0,545929984.0,1560969984.0,863299968.0,1736649984.0,3846370048.0,6496369664.0,1246099968.0,193210000.0,863360000.0
High-income countries,OWID_HIC,2016,1277149952.0,-1430780032.0,543190016.0,1559149952.0,873329984.0,1729680000.0,3886769920.0,6335920128.0,1226989952.0,198720000.0,909150016.0
High-income countries,OWID_HIC,2017,1319309952.0,-1430870016.0,550409984.0,1588220032.0,898240000.0,1708529920.0,3928730112.0,6253720064.0,1249410048.0,201080000.0,945709952.0
High-income countries,OWID_HIC,2018,1310119936.0,-1425670016.0,556569984.0,1667539968.0,917059968.0,1705440000.0,3975830016.0,6207439872.0,1340249984.0,208410000.0,957880000.0
High-income countries,OWID_HIC,2019,1273010048.0,-1410739968.0,559609984.0,1640649984.0,908489984.0,1712049920.0,3976610048.0,5877020160.0,1394940032.0,197620000.0,956449984.0
High-income countries,OWID_HIC,2020,1262690048.0,-1418950016.0,554110016.0,1583489920.0,911560000.0,1663280000.0,3454240000.0,5434259968.0,1289420032.0,187270000.0,694830016.0
High-income countries,OWID_HIC,2021,1270070016.0,-1221949952.0,551790016.0,1626450048.0,947929984.0,1734419968.0,3745189888.0,5737229824.0,1284739968.0,191010000.0,732350016.0
High-income countries,OWID_HIC,2022,1248809984.0,-1225069952.0,552190016.0,1573459968.0,965640000.0,1716230016.0,3846830080.0,5704320000.0,1302400000.0,189490000.0,838240000.0
High-income countries,OWID_HIC,2023,1331040000.0,-1211320064.0,558840000.0,1477720064.0,966249984.0,1673180032.0,3835709952.0,5401979904.0,1311059968.0,185690000.0,898190016.0
Honduras,HND,1990,5690000.0,4880000.0,3080000.0,1660000.0,300000.0,780000.0,1070000.0,40000.0,0.0,10000.0,90000.0
Honduras,HND,1991,5690000.0,4880000.0,3160000.0,1660000.0,320000.0,780000.0,1060000.0,30000.0,0.0,10000.0,90000.0
Honduras,HND,1992,5620000.0,4880000.0,3350000.0,1730000.0,290000.0,810000.0,1190000.0,120000.0,0.0,10000.0,129999.0
Honduras,HND,1993,5100000.0,4880000.0,3520000.0,1680000.0,320000.0,790000.0,1350000.0,170000.0,0.0,10000.0,120000.0
Honduras,HND,1994,5380000.0,4880000.0,3660000.0,1690000.0,270000.0,800000.0,1570000.0,330000.0,0.0,10000.0,70000.0
Honduras,HND,1995,5360000.0,4880000.0,3800000.0,1710000.0,310000.0,770000.0,1580000.0,900000.0,0.0,10000.0,70000.0
Honduras,HND,1996,5190000.0,4790000.0,3460000.0,1700000.0,410000.0,940000.0,1540000.0,730000.0,0.0,10000.0,60000.0
Honduras,HND,1997,5230000.0,5190000.0,3120000.0,1920000.0,450000.0,740000.0,1690000.0,870000.0,0.0,10000.0,70000.0
Honduras,HND,1998,5060000.0,5510000.0,2770000.0,1930000.0,390000.0,810000.0,1870000.0,1320000.0,0.0,10000.0,80000.0
Honduras,HND,1999,4660000.0,5020000.0,2430000.0,1480000.0,430000.0,1030000.0,2170000.0,840000.0,0.0,0.0,100000.0
Honduras,HND,2000,4960000.0,5180000.0,2079999.0,1520000.0,550000.0,1070000.0,2160000.0,1039999.0,0.0,0.0,110000.0
Honduras,HND,2001,4980000.0,-19030000.0,1860000.0,1590000.0,600000.0,1220000.0,2310000.0,1310000.0,0.0,150000.0,70000.0
Honduras,HND,2002,5100000.0,-18980000.0,1640000.0,1780000.0,600000.0,1220000.0,2310000.0,1480000.0,0.0,140000.0,90000.0
Honduras,HND,2003,6150000.0,-17700000.0,1420000.0,1990000.0,650000.0,1460000.0,2350000.0,1620000.0,0.0,210000.0,80000.0
Honduras,HND,2004,5840000.0,-19050000.0,1200000.0,1760000.0,740000.0,1760000.0,2380000.0,2300000.0,0.0,280000.0,10000.0
Honduras,HND,2005,6340000.0,-18080000.0,980000.0,1690000.0,770000.0,1730000.0,2170000.0,1970000.0,0.0,400000.0,10000.0
Honduras,HND,2006,6230000.0,-18870000.0,1020000.0,1740000.0,930000.0,2020000.0,2030000.0,2720000.0,0.0,430000.0,20000.0
Honduras,HND,2007,6250000.0,-18850000.0,1060000.0,1840000.0,1000000.0,1920000.0,3230000.0,2580000.0,0.0,10000.0,10000.0
Honduras,HND,2008,6310000.0,-18840000.0,1090000.0,1920000.0,1060000.0,1880000.0,3110000.0,2610000.0,0.0,190000.0,110000.0
Honduras,HND,2009,6570000.0,-18700000.0,1130000.0,1980000.0,1100000.0,1750000.0,3040000.0,2300000.0,0.0,200000.0,100000.0
Honduras,HND,2010,6620000.0,-18810000.0,1170000.0,2069999.0,1120000.0,1840000.0,3040000.0,2290000.0,0.0,0.0,120000.0
Honduras,HND,2011,6890000.0,-38750000.0,1210000.0,2160000.0,1200000.0,2570000.0,3120000.0,2970000.0,0.0,0.0,129999.0
Honduras,HND,2012,6780000.0,-39360000.0,1250000.0,2220000.0,1310000.0,2970000.0,3240000.0,2850000.0,0.0,0.0,140000.0
Honduras,HND,2013,6940000.0,-39010000.0,1290000.0,2250000.0,1260000.0,2760000.0,3230000.0,3250000.0,0.0,10000.0,140000.0
Honduras,HND,2014,6990000.0,-38890000.0,1330000.0,2440000.0,1240000.0,1510000.0,3360000.0,3630000.0,0.0,420000.0,190000.0
Honduras,HND,2015,6910000.0,-39120000.0,1370000.0,2430000.0,1320000.0,2270000.0,3980000.0,3600000.0,0.0,140000.0,230000.0
Honduras,HND,2016,7100000.0,54260000.0,1390000.0,2380000.0,1420000.0,1550000.0,4110000.0,3090000.0,0.0,80000.0,270000.0
Honduras,HND,2017,7140000.0,53970000.0,1420000.0,2030000.0,1580000.0,1250000.0,4010000.0,2690000.0,0.0,80000.0,360000.0
Honduras,HND,2018,7370000.0,54120000.0,1440000.0,1990000.0,1540000.0,1180000.0,4060000.0,2570000.0,0.0,110000.0,240000.0
Honduras,HND,2019,7180000.0,54090000.0,1470000.0,1960000.0,1500000.0,1170000.0,4320000.0,3530000.0,0.0,160000.0,170000.0
Honduras,HND,2020,7730000.0,54910000.0,1490000.0,2030000.0,1410000.0,1240000.0,3620000.0,3330000.0,0.0,100000.0,70000.0
Honduras,HND,2021,7290000.0,-28440000.0,1510000.0,2120000.0,1520000.0,1330000.0,4710000.0,3100000.0,0.0,100000.0,129999.0
Honduras,HND,2022,7320000.0,-28470000.0,1530000.0,2000000.0,1590000.0,1400000.0,4720000.0,3310000.0,0.0,80000.0,170000.0
Honduras,HND,2023,7570000.0,-27870000.0,1560000.0,1940000.0,1640000.0,1410000.0,5270000.0,4090000.0,0.0,120000.0,190000.0
Hungary,HUN,1990,11180000.0,1680000.0,3980000.0,17830000.0,5030000.0,14080000.0,8670000.0,23420000.0,3330000.0,2890000.0,500000.0
Hungary,HUN,1991,10610000.0,1680000.0,4060000.0,18770000.0,2980000.0,11780000.0,7590000.0,24160000.0,3380000.0,2340000.0,390000.0
Hungary,HUN,1992,8760000.0,1680000.0,4110000.0,14620000.0,1990000.0,9490000.0,7340000.0,24580000.0,3190000.0,1980000.0,410000.0
Hungary,HUN,1993,8300000.0,1680000.0,4159999.0,15540000.0,2560000.0,8890000.0,7320000.0,24910000.0,3330000.0,1560000.0,380000.0
Hungary,HUN,1994,7910000.0,1670000.0,4200000.0,15580000.0,3330000.0,8400000.0,7130000.0,24330000.0,3540000.0,1970000.0,570000.0
Hungary,HUN,1995,7420000.0,1690000.0,4250000.0,14710000.0,2770000.0,8319999.0,7330000.0,24690000.0,3490000.0,1980000.0,550000.0
Hungary,HUN,1996,7980000.0,1690000.0,4260000.0,15110000.0,3180000.0,8560000.0,7320000.0,25030000.0,3530000.0,2060000.0,580000.0
Hungary,HUN,1997,7890000.0,1680000.0,4310000.0,14030000.0,3210000.0,6890000.0,7750000.0,26050000.0,3510000.0,1780000.0,550000.0
Hungary,HUN,1998,7660000.0,1680000.0,4360000.0,13030000.0,3070000.0,6440000.0,8630000.0,26910000.0,3460000.0,1770000.0,590000.0
Hungary,HUN,1999,7890000.0,1670000.0,4420000.0,13580000.0,3010000.0,6230000.0,9180000.0,26570000.0,3350000.0,1800000.0,630000.0
Hungary,HUN,2000,7800000.0,1680000.0,4500000.0,13550000.0,3580000.0,5780000.0,9100000.0,23810000.0,3250000.0,1690000.0,710000.0
Hungary,HUN,2001,7940000.0,2120000.0,4500000.0,14470000.0,3730000.0,6020000.0,9580000.0,24000000.0,3090000.0,1520000.0,660000.0
Hungary,HUN,2002,7570000.0,2100000.0,4570000.0,14460000.0,3280000.0,6070000.0,10200000.0,22580000.0,3040000.0,1540000.0,630000.0
Hungary,HUN,2003,7370000.0,2069999.0,4600000.0,15900000.0,3440000.0,5920000.0,10660000.0,23580000.0,2930000.0,1420000.0,610000.0
Hungary,HUN,2004,7720000.0,2020000.0,4580000.0,15900000.0,3860000.0,5830000.0,11150000.0,21530000.0,2700000.0,1300000.0,700000.0
Hungary,HUN,2005,7280000.0,2020000.0,4520000.0,16680000.0,3950000.0,5950000.0,12070000.0,19630000.0,2490000.0,1250000.0,810000.0
Hungary,HUN,2006,7290000.0,2030000.0,4470000.0,15180000.0,3930000.0,5790000.0,12900000.0,19950000.0,2380000.0,1250000.0,820000.0
Hungary,HUN,2007,7180000.0,2020000.0,4440000.0,12500000.0,3380000.0,5700000.0,13280000.0,20830000.0,2200000.0,1120000.0,750000.0
Hungary,HUN,2008,7420000.0,2010000.0,4390000.0,12590000.0,2680000.0,5580000.0,13220000.0,20030000.0,2130000.0,1200000.0,830000.0
Hungary,HUN,2009,6920000.0,2010000.0,4400000.0,12720000.0,2430000.0,4100000.0,13140000.0,16930000.0,2000000.0,1010000.0,710000.0
Hungary,HUN,2010,6780000.0,2010000.0,4350000.0,13430000.0,2290000.0,4380000.0,11950000.0,17320000.0,2010000.0,1150000.0,710000.0
Hungary,HUN,2011,6970000.0,1290000.0,4190000.0,12880000.0,2230000.0,5750000.0,11110000.0,16639999.0,1970000.0,1130000.0,720000.0
Hungary,HUN,2012,6790000.0,1290000.0,4240000.0,11430000.0,2390000.0,4990000.0,10770000.0,15870000.0,1920000.0,890000.0,510000.0
Hungary,HUN,2013,7260000.0,1290000.0,4010000.0,10960000.0,2340000.0,5660000.0,10050000.0,13500000.0,1910000.0,1290000.0,500000.0
Hungary,HUN,2014,7320000.0,1290000.0,3870000.0,9820000.0,2660000.0,5420000.0,11210000.0,13300000.0,1880000.0,1390000.0,530000.0
Hungary,HUN,2015,7360000.0,1290000.0,3790000.0,10640000.0,2910000.0,5820000.0,12230000.0,13750000.0,1860000.0,1410000.0,540000.0
Hungary,HUN,2016,7850000.0,840000.0,3650000.0,11040000.0,2830000.0,5890000.0,12260000.0,13930000.0,1850000.0,1570000.0,580000.0
Hungary,HUN,2017,7830000.0,850000.0,3650000.0,11370000.0,2870000.0,6540000.0,13040000.0,14400000.0,1890000.0,1470000.0,670000.0
Hungary,HUN,2018,7920000.0,840000.0,3630000.0,10580000.0,3050000.0,6820000.0,13860000.0,13730000.0,1900000.0,1570000.0,830000.0
Hungary,HUN,2019,7890000.0,810000.0,3610000.0,10230000.0,3230000.0,6680000.0,14690000.0,13250000.0,1880000.0,1620000.0,840000.0
Hungary,HUN,2020,8100000.0,810000.0,3580000.0,10750000.0,3230000.0,6630000.0,12600000.0,13030000.0,1860000.0,1720000.0,300000.0
Hungary,HUN,2021,8029999.0,810000.0,3560000.0,11510000.0,3380000.0,6930000.0,13950000.0,12010000.0,1820000.0,1660000.0,370000.0
Hungary,HUN,2022,7030000.0,830000.0,3520000.0,9940000.0,3270000.0,5960000.0,15060000.0,11170000.0,1630000.0,1420000.0,770000.0
Hungary,HUN,2023,6880000.0,830000.0,3600000.0,8510000.0,3340000.0,5290000.0,13960000.0,9540000.0,1630000.0,1350000.0,900000.0
Iceland,ISL,1990,700000.0,710000.0,230000.0,50000.0,560000.0,550000.0,640000.0,0.0,10000.0,670000.0,320000.0
Iceland,ISL,1991,690000.0,710000.0,240000.0,40000.0,490000.0,490000.0,650000.0,0.0,10000.0,710000.0,230000.0
Iceland,ISL,1992,670000.0,710000.0,250000.0,40000.0,270000.0,470000.0,650000.0,0.0,10000.0,760000.0,259999.0
Iceland,ISL,1993,670000.0,710000.0,270000.0,40000.0,180000.0,480000.0,650000.0,0.0,10000.0,790000.0,290000.0
Iceland,ISL,1994,670000.0,710000.0,280000.0,40000.0,150000.0,560000.0,680000.0,0.0,10000.0,800000.0,300000.0
Iceland,ISL,1995,650000.0,710000.0,290000.0,40000.0,160000.0,519999.0,630000.0,10000.0,10000.0,790000.0,340000.0
Iceland,ISL,1996,670000.0,710000.0,310000.0,40000.0,150000.0,640000.0,700000.0,10000.0,10000.0,870000.0,370000.0
Iceland,ISL,1997,670000.0,710000.0,320000.0,30000.0,210000.0,640000.0,600000.0,10000.0,10000.0,840000.0,430000.0
Iceland,ISL,1998,680000.0,710000.0,310000.0,40000.0,320000.0,630000.0,630000.0,20000.0,10000.0,800000.0,510000.0
Iceland,ISL,1999,680000.0,710000.0,320000.0,30000.0,340000.0,580000.0,640000.0,40000.0,10000.0,780000.0,519999.0
Iceland,ISL,2000,660000.0,710000.0,330000.0,30000.0,290000.0,770000.0,640000.0,0.0,10000.0,740000.0,620000.0
Iceland,ISL,2001,630000.0,660000.0,340000.0,20000.0,240000.0,790000.0,650000.0,0.0,0.0,660000.0,490000.0
Iceland,ISL,2002,630000.0,660000.0,350000.0,20000.0,200000.0,830000.0,650000.0,0.0,0.0,720000.0,510000.0
Iceland,ISL,2003,620000.0,660000.0,350000.0,20000.0,180000.0,780000.0,660000.0,0.0,0.0,760000.0,519999.0
Iceland,ISL,2004,610000.0,660000.0,350000.0,20000.0,170000.0,840000.0,690000.0,0.0,0.0,730000.0,580000.0
Iceland,ISL,2005,610000.0,660000.0,330000.0,20000.0,160000.0,800000.0,690000.0,0.0,0.0,720000.0,610000.0
Iceland,ISL,2006,640000.0,660000.0,360000.0,10000.0,510000.0,730000.0,920000.0,0.0,0.0,610000.0,650000.0
Iceland,ISL,2007,650000.0,660000.0,360000.0,10000.0,460000.0,710000.0,990000.0,10000.0,0.0,620000.0,710000.0
Iceland,ISL,2008,670000.0,660000.0,340000.0,20000.0,530000.0,620000.0,940000.0,0.0,0.0,570000.0,650000.0
Iceland,ISL,2009,630000.0,660000.0,330000.0,10000.0,300000.0,510000.0,910000.0,0.0,0.0,670000.0,500000.0
Iceland,ISL,2010,630000.0,660000.0,330000.0,10000.0,300000.0,500000.0,870000.0,0.0,10000.0,600000.0,550000.0
Iceland,ISL,2011,640000.0,570000.0,300000.0,10000.0,250000.0,470000.0,840000.0,0.0,10000.0,570000.0,610000.0
Iceland,ISL,2012,630000.0,570000.0,280000.0,10000.0,250000.0,490000.0,820000.0,0.0,0.0,550000.0,620000.0
Iceland,ISL,2013,610000.0,570000.0,290000.0,10000.0,280000.0,519999.0,840000.0,10000.0,10000.0,660000.0,570000.0
Iceland,ISL,2014,650000.0,570000.0,280000.0,10000.0,280000.0,500000.0,840000.0,10000.0,10000.0,620000.0,620000.0
Iceland,ISL,2015,660000.0,570000.0,280000.0,10000.0,280000.0,500000.0,870000.0,10000.0,10000.0,680000.0,810000.0
Iceland,ISL,2016,660000.0,580000.0,259999.0,10000.0,290000.0,140000.0,950000.0,10000.0,0.0,560000.0,1090000.0
Iceland,ISL,2017,660000.0,580000.0,259999.0,10000.0,259999.0,129999.0,1010000.0,0.0,0.0,550000.0,1340000.0
Iceland,ISL,2018,650000.0,580000.0,270000.0,10000.0,280000.0,100000.0,1050000.0,0.0,0.0,570000.0,1500000.0
Iceland,ISL,2019,640000.0,580000.0,230000.0,10000.0,310000.0,80000.0,1039999.0,0.0,10000.0,540000.0,1140000.0
Iceland,ISL,2020,630000.0,580000.0,250000.0,10000.0,310000.0,60000.0,870000.0,0.0,10000.0,530000.0,330000.0
Iceland,ISL,2021,620000.0,570000.0,259999.0,10000.0,310000.0,70000.0,900000.0,0.0,0.0,600000.0,600000.0
Iceland,ISL,2022,610000.0,570000.0,259999.0,10000.0,320000.0,60000.0,970000.0,10000.0,0.0,570000.0,1120000.0
Iceland,ISL,2023,590000.0,570000.0,270000.0,10000.0,330000.0,70000.0,960000.0,10000.0,0.0,540000.0,1280000.0
India,IND,1990,603449984.0,-217960000.0,17000000.0,151850000.0,34930000.0,151010000.0,65879996.0,232030000.0,63530000.0,28710000.0,5160000.0
India,IND,1991,610849984.0,-217960000.0,17270000.0,155150000.0,38720000.0,155240000.0,68470000.0,259090000.0,64710000.0,33580000.0,4900000.0
India,IND,1992,617229952.0,-217960000.0,21710000.0,154990000.0,39820000.0,158720000.0,70110000.0,278700000.0,51880000.0,33509998.0,4990000.0
India,IND,1993,624009984.0,-217960000.0,25930000.0,155980000.0,41170000.0,156680000.0,70170000.0,306940000.0,48380000.0,32550000.0,5450000.0
India,IND,1994,631739968.0,-217960000.0,29940000.0,161270000.0,43870000.0,166680000.0,72500000.0,320000000.0,47700000.0,37410000.0,5890000.0
India,IND,1995,636080000.0,-217940000.0,36300000.0,163830000.0,47420000.0,158990000.0,80130000.0,365049984.0,52810000.0,39580000.0,6410000.0
India,IND,1996,643560000.0,-220680000.0,42660000.0,166360000.0,50810000.0,159380000.0,85770000.0,388300000.0,52520000.0,42160000.0,6680000.0
India,IND,1997,648530048.0,-220930000.0,49020000.0,172720000.0,54050000.0,175740000.0,87790000.0,402269984.0,56230000.0,45730000.0,6620000.0
India,IND,1998,655909952.0,-220900000.0,55380000.0,170850000.0,55330000.0,185260000.0,90830000.0,418320000.0,54540000.0,35430000.0,6730000.0
India,IND,1999,659419968.0,-219240000.0,61750000.0,174560000.0,64660004.0,190500000.0,95450000.0,459840000.0,55620000.0,40800000.0,7080000.0
India,IND,2000,654369984.0,-220650000.0,68110000.0,174450000.0,66940004.0,196320000.0,97330000.0,491440000.0,56100000.0,38920000.0,7270000.0
India,IND,2001,659390016.0,4530000.0,69320000.0,173580000.0,66930000.0,198240000.0,97230000.0,505570016.0,56380000.0,39650000.0,7350000.0
India,IND,2002,643090048.0,4220000.0,70540000.0,177430000.0,68510000.0,212030000.0,100170000.0,513800000.0,58180000.0,41480000.0,7460000.0
India,IND,2003,654729984.0,6830000.0,71750000.0,179400000.0,69480000.0,202860000.0,102000000.0,536650016.0,60180000.0,48420000.0,8149999.0
India,IND,2004,664249984.0,8810000.0,72970000.0,182700000.0,73350000.0,212920000.0,110690000.0,585009984.0,62210000.0,48690000.0,9140000.0
India,IND,2005,684009984.0,6730000.0,74180000.0,184540000.0,76700000.0,237450000.0,118250000.0,599870016.0,63140000.0,47970000.0,9790000.0
India,IND,2006,698600000.0,7080000.0,75400000.0,186940000.0,81820000.0,265510016.0,123600000.0,639680000.0,65540000.0,47260000.0,11380000.0
India,IND,2007,716049984.0,9220000.0,76610000.0,189960000.0,85140000.0,300880000.0,146390000.0,703680000.0,68120000.0,41910000.0,12850000.0
India,IND,2008,723920000.0,6860000.0,77830000.0,193020000.0,89950000.0,315560000.0,167010000.0,723320000.0,70550000.0,84740000.0,12610000.0
India,IND,2009,716469952.0,14200000.0,79040000.0,198220000.0,97880000.0,346920000.0,182900000.0,788990016.0,79940000.0,62030000.0,13390000.0
India,IND,2010,726099968.0,12330000.0,80260000.0,202410000.0,102540000.0,398769984.0,197480000.0,819340032.0,83780000.0,60650000.0,14080000.0
India,IND,2011,736120000.0,-61890000.0,82340000.0,207580000.0,109140000.0,448130016.0,214190000.0,860480000.0,86570000.0,48750000.0,14520000.0
India,IND,2012,729870016.0,-55920000.0,84420000.0,209500000.0,119390000.0,440850016.0,226670000.0,987950016.0,87610000.0,55760000.0,13620000.0
India,IND,2013,735440000.0,-60120000.0,86500000.0,216240000.0,128350008.0,469160000.0,231580000.0,1009030016.0,85650000.0,52520000.0,13980000.0
India,IND,2014,737750016.0,-61240000.0,88580000.0,220120000.0,137730000.0,506060000.0,241380000.0,1128790016.0,87850000.0,54590000.0,14400000.0
India,IND,2015,741140032.0,-62610000.0,90660000.0,221000000.0,140910000.0,519950016.0,265480016.0,1117540096.0,91250000.0,55190000.0,15360000.0
India,IND,2016,743820032.0,-120210000.0,92740000.0,223950000.0,148900000.0,532950016.0,279120000.0,1110069888.0,91510000.0,56870000.0,16500000.0
India,IND,2017,748889984.0,-117430000.0,91830000.0,225590000.0,148780000.0,562909952.0,302369984.0,1171629952.0,87140000.0,59370000.0,17250000.0
India,IND,2018,757750016.0,-118720000.0,90900000.0,229900000.0,168970000.0,572729984.0,317000000.0,1232109952.0,87390000.0,60900000.0,18130000.0
India,IND,2019,766330048.0,-121310000.0,89970000.0,233160000.0,175860000.0,554909952.0,321300000.0,1241959936.0,82370000.0,59200000.0,17680000.0
India,IND,2020,787449984.0,-123160000.0,91370000.0,235240000.0,157240000.0,517549984.0,280089984.0,1156339968.0,77440000.0,54940000.0,10220000.0
India,IND,2021,790169984.0,-138520000.0,92340000.0,237840000.0,186520000.0,584140032.0,307780000.0,1256240000.0,83630000.0,59740000.0,11390000.0
India,IND,2022,801750016.0,-145010000.0,93220000.0,237530000.0,204990000.0,613129984.0,352200000.0,1392150016.0,87680000.0,67800000.0,16549999.0
India,IND,2023,808710016.0,-146470000.0,94450000.0,240310000.0,221070000.0,675640000.0,362860000.0,1550409984.0,95390000.0,69320000.0,18570000.0
Indonesia,IDN,1990,118250000.0,1441930112.0,156960000.0,32640000.0,9100000.0,28490000.0,32930000.0,47800000.0,52550000.0,3850000.0,2700000.0
Indonesia,IDN,1991,117500000.0,1441930112.0,159890000.0,33320000.0,10450000.0,28370000.0,36650000.0,54140000.0,60290000.0,3840000.0,1670000.0
Indonesia,IDN,1992,125260000.0,1441930112.0,167490000.0,34450000.0,11070000.0,29870000.0,38760000.0,56230000.0,61620000.0,4660000.0,1740000.0
Indonesia,IDN,1993,122710000.0,1441920000.0,173760000.0,34630000.0,12160000.0,32939998.0,41380000.0,62760000.0,62440000.0,5330000.0,1780000.0
Indonesia,IDN,1994,123530000.0,1441900032.0,179160000.0,35190000.0,13950000.0,38620000.0,46350000.0,63960000.0,64750000.0,5590000.0,1730000.0
Indonesia,IDN,1995,129800000.0,1443360000.0,183990000.0,36820000.0,14710000.0,47560000.0,50350000.0,74350000.0,63170000.0,5850000.0,2490000.0
Indonesia,IDN,1996,132820008.0,1276150016.0,188470000.0,38220000.0,15750000.0,47710000.0,55800000.0,77600000.0,66949996.0,6330000.0,1540000.0
Indonesia,IDN,1997,128220000.0,2249409792.0,192700000.0,38510000.0,17530000.0,51740000.0,61990000.0,88850000.0,69830000.0,6200000.0,2210000.0
Indonesia,IDN,1998,131210008.0,1451120000.0,196740000.0,39080000.0,14490000.0,48480000.0,60530000.0,98680000.0,66160004.0,6580000.0,2089999.0
Indonesia,IDN,1999,129610000.0,1318530048.0,200550000.0,43680000.0,15480000.0,62150000.0,60120000.0,95670000.0,64860000.0,8900000.0,1640000.0
Indonesia,IDN,2000,128660000.0,1241629952.0,204230000.0,46040000.0,18000000.0,58860000.0,64100000.0,83400000.0,62210000.0,11400000.0,1600000.0
Indonesia,IDN,2001,127140000.0,49250000.0,196990000.0,45760000.0,20180000.0,63080000.0,68250000.0,100080000.0,62530000.0,11930000.0,1550000.0
Indonesia,IDN,2002,130289992.0,547099968.0,189750000.0,44380000.0,20170000.0,59820000.0,69530000.0,109330000.0,59600000.0,11630000.0,1670000.0
Indonesia,IDN,2003,128899992.0,180540000.0,182520000.0,44560000.0,19970000.0,75590000.0,70860000.0,121570000.0,59690000.0,10950000.0,2280000.0
Indonesia,IDN,2004,133390000.0,531260000.0,175280000.0,45040000.0,21580000.0,81120000.0,72510000.0,119750000.0,58400000.0,12190000.0,1890000.0
Indonesia,IDN,2005,132850008.0,252280000.0,168040000.0,43400000.0,21340000.0,82150000.0,71550000.0,124200000.0,60250000.0,11000000.0,2790000.0
Indonesia,IDN,2006,134790000.0,661539968.0,160800000.0,40000000.0,22220000.0,105620000.0,67940000.0,130270008.0,65870004.0,9730000.0,2950000.0
Indonesia,IDN,2007,135710000.0,76820000.0,153570000.0,39790000.0,23180000.0,112260000.0,69560000.0,138760000.0,63670000.0,9340000.0,3100000.0
Indonesia,IDN,2008,138280000.0,66489996.0,146330000.0,36640000.0,24450000.0,92470000.0,73930000.0,152610000.0,64250000.0,9130000.0,3280000.0
Indonesia,IDN,2009,142690000.0,457000000.0,139090000.0,32000000.0,23770000.0,101190000.0,83780000.0,153350000.0,70320000.0,9080000.0,3460000.0
Indonesia,IDN,2010,143270000.0,66050004.0,131850008.0,30070000.0,24050000.0,81750000.0,91400000.0,155900000.0,72790000.0,7710000.0,4350000.0
Indonesia,IDN,2011,145680000.0,538590016.0,124610000.0,29900000.0,26070000.0,88970000.0,111250000.0,182950000.0,81100000.0,9580000.0,4280000.0
Indonesia,IDN,2012,149090000.0,554330048.0,117380000.0,30600000.0,28660000.0,92150000.0,132840000.0,175650000.0,86500000.0,12090000.0,4520000.0
Indonesia,IDN,2013,142520000.0,527229984.0,122630000.0,30870000.0,30340000.0,89750000.0,139600000.0,190580000.0,86620000.0,10910000.0,4780000.0
Indonesia,IDN,2014,147780000.0,866920000.0,127880000.0,30810000.0,31660000.0,89150000.0,140200000.0,201120000.0,84840000.0,9890000.0,4840000.0
Indonesia,IDN,2015,148840000.0,906870016.0,129710008.0,29160000.0,31740000.0,97530000.0,135420000.0,211140000.0,79520000.0,7070000.0,4940000.0
Indonesia,IDN,2016,144910000.0,68470000.0,131470000.0,28730000.0,35480000.0,87380000.0,131789992.0,225360000.0,80360000.0,6770000.0,5360000.0
Indonesia,IDN,2017,153430000.0,32900002.0,133170000.0,29190000.0,37880000.0,99210000.0,138960000.0,240610000.0,80360000.0,6230000.0,5710000.0
Indonesia,IDN,2018,158230000.0,219270000.0,134840000.0,29650000.0,40030000.0,109140000.0,151650000.0,268980000.0,83460000.0,4920000.0,5830000.0
Indonesia,IDN,2019,154700000.0,455540000.0,136500000.0,29270000.0,40890000.0,109260000.0,152840000.0,277040000.0,86410000.0,3210000.0,5220000.0
Indonesia,IDN,2020,156770000.0,52970000.0,138040000.0,29320000.0,39610000.0,105260000.0,130509992.0,291680000.0,80600000.0,2870000.0,2320000.0
Indonesia,IDN,2021,155110000.0,221530000.0,139360000.0,30310000.0,41500000.0,107320000.0,138310000.0,319690016.0,78690000.0,3390000.0,2150000.0
Indonesia,IDN,2022,154230000.0,211990000.0,140600000.0,30490000.0,39820000.0,117550000.0,152070000.0,347020000.0,86470000.0,3600000.0,3860000.0
Indonesia,IDN,2023,154200000.0,467549984.0,143610000.0,30570000.0,41730000.0,129179992.0,152500000.0,353589984.0,94320000.0,3290000.0,6190000.0
Iran,IRN,1990,36080000.0,-15250000.0,1910000.0,41280000.0,9010000.0,37160000.0,40080000.0,41910000.0,106260000.0,12300000.0,2820000.0
Iran,IRN,1991,36000000.0,-15250000.0,1990000.0,45810000.0,9750000.0,45630000.0,43330000.0,44950000.0,112940000.0,13160000.0,3250000.0
Iran,IRN,1992,39360000.0,-15250000.0,2040000.0,56660000.0,9950000.0,44610000.0,45220000.0,45930000.0,114760000.0,15740000.0,3300000.0
Iran,IRN,1993,38120000.0,-15250000.0,2050000.0,55770000.0,10190000.0,36220000.0,51010000.0,54380000.0,120450000.0,13370000.0,3540000.0
Iran,IRN,1994,38820000.0,-15250000.0,10380000.0,69950000.0,10560000.0,41170000.0,58090000.0,57860000.0,120740000.0,13360000.0,3860000.0
Iran,IRN,1995,39480000.0,-15250000.0,14650000.0,72100000.0,10890000.0,43060000.0,57030000.0,61670000.0,118400000.0,12780000.0,3970000.0
Iran,IRN,1996,40570000.0,-15200000.0,18910000.0,77510000.0,11130000.0,37000000.0,61330000.0,64910004.0,121760000.0,12680000.0,4250000.0
Iran,IRN,1997,41470000.0,-15240000.0,23180000.0,79800000.0,12080000.0,42370000.0,62710000.0,68800000.0,120840000.0,12130000.0,4730000.0
Iran,IRN,1998,42840000.0,-15250000.0,27450000.0,80810000.0,13080000.0,38030000.0,65260004.0,70600000.0,111880000.0,13640000.0,4660000.0
Iran,IRN,1999,41780000.0,-15220000.0,31720000.0,81130000.0,13970000.0,42580000.0,72870000.0,89500000.0,108970000.0,14870000.0,4740000.0
Iran,IRN,2000,40900000.0,-15250000.0,35990000.0,87080000.0,15150000.0,43240000.0,78290000.0,91150000.0,119130000.0,15060000.0,5090000.0
Iran,IRN,2001,40800000.0,-3040000.0,22450000.0,88180000.0,16810000.0,43500000.0,82220000.0,97050000.0,114230000.0,19080000.0,5190000.0
Iran,IRN,2002,41070000.0,-3040000.0,22710000.0,96440000.0,17830000.0,44720000.0,88650000.0,102740000.0,109670000.0,13330000.0,5150000.0
Iran,IRN,2003,41800000.0,-3040000.0,23080000.0,98350000.0,18210000.0,48750000.0,93680000.0,107430000.0,131080000.0,12170000.0,5280000.0
Iran,IRN,2004,43080000.0,-3040000.0,23510000.0,106130000.0,19600000.0,51470000.0,99360000.0,118830000.0,134310000.0,13260000.0,5450000.0
Iran,IRN,2005,43860000.0,-3030000.0,23840000.0,110880000.0,19830000.0,57680000.0,107550000.0,130600008.0,139770000.0,14890000.0,5760000.0
Iran,IRN,2006,45560000.0,-3040000.0,24060000.0,122540000.0,20990000.0,61210000.0,113980000.0,137560000.0,144890000.0,18050000.0,6370000.0
Iran,IRN,2007,44460000.0,-3040000.0,24320000.0,131429992.0,23660000.0,74450000.0,113320000.0,145200000.0,142280000.0,19770000.0,6670000.0
Iran,IRN,2008,40790000.0,-3040000.0,24660000.0,123820000.0,26300000.0,79230000.0,118160000.0,157650000.0,142080000.0,12690000.0,8229999.0
Iran,IRN,2009,41090000.0,-3040000.0,25020000.0,126840000.0,29760000.0,78130000.0,128429992.0,162230000.0,141830000.0,13160000.0,10200000.0
Iran,IRN,2010,40990000.0,-2960000.0,25320000.0,121950000.0,35650000.0,82710000.0,121140000.0,164020000.0,145550000.0,13310000.0,11330000.0
Iran,IRN,2011,37510000.0,0.0,25520000.0,124810000.0,39100000.0,83060000.0,121360000.0,171160000.0,147350000.0,11870000.0,10760000.0
Iran,IRN,2012,38440000.0,0.0,25980000.0,114830000.0,41620000.0,85770000.0,128470000.0,177950000.0,135140000.0,12090000.0,7550000.0
Iran,IRN,2013,38000000.0,0.0,26220000.0,124410000.0,43520000.0,85580000.0,133130008.0,187530000.0,130479992.0,12400000.0,11130000.0
Iran,IRN,2014,31580000.0,0.0,26680000.0,123480000.0,41980000.0,91210000.0,146400000.0,191220000.0,139930000.0,11920000.0,13090000.0
Iran,IRN,2015,32480000.0,0.0,26930000.0,125450000.0,38760000.0,86580000.0,144370000.0,192530000.0,142520000.0,11940000.0,16860000.0
Iran,IRN,2016,33900000.0,3710000.0,27070000.0,134270000.0,38470000.0,89930000.0,135510000.0,190880000.0,176920000.0,11370000.0,8600000.0
Iran,IRN,2017,32680000.0,3720000.0,27070000.0,126060000.0,38070000.0,94450000.0,140390000.0,206680000.0,191800000.0,12250000.0,6560000.0
Iran,IRN,2018,34080000.0,3710000.0,27170000.0,122620000.0,38740000.0,91270000.0,143850000.0,203550000.0,186960000.0,12490000.0,6930000.0
Iran,IRN,2019,36920000.0,3710000.0,27310000.0,146010000.0,44060000.0,107910000.0,149170000.0,215140000.0,158210000.0,13080000.0,5620000.0
Iran,IRN,2020,38900000.0,3710000.0,27400000.0,151750000.0,47960000.0,117120000.0,133920000.0,231300000.0,149880000.0,16680000.0,3850000.0
Iran,IRN,2021,39850000.0,10000.0,27460000.0,151260000.0,46910000.0,129490008.0,147210000.0,246680000.0,172180000.0,18140000.0,6190000.0
Iran,IRN,2022,41160000.0,10000.0,27510000.0,154190000.0,44490000.0,125890000.0,163590000.0,251330000.0,173170000.0,20210000.0,6530000.0
Iran,IRN,2023,39870000.0,0.0,27700000.0,163630000.0,49120000.0,132570008.0,152990000.0,262950016.0,196680000.0,21100000.0,6790000.0
Iraq,IRQ,1990,7480000.0,-170000.0,2670000.0,6210000.0,5440000.0,7820000.0,22290000.0,16690001.0,29900000.0,0.0,1410000.0
Iraq,IRQ,1991,5130000.0,-170000.0,2690000.0,3900000.0,2820000.0,6910000.0,18780000.0,14280000.0,2630000.0,0.0,940000.0
Iraq,IRQ,1992,6120000.0,-170000.0,3430000.0,4810000.0,1450000.0,8700000.0,23830000.0,29690000.0,3820000.0,0.0,1030000.0
Iraq,IRQ,1993,7630000.0,-170000.0,4179999.0,5460000.0,1590000.0,9630000.0,25080000.0,46590000.0,9320000.0,0.0,1160000.0
Iraq,IRQ,1994,7640000.0,-170000.0,4930000.0,6260000.0,1610000.0,10380000.0,25360000.0,54790000.0,14860000.0,0.0,1340000.0
Iraq,IRQ,1995,7160000.0,-170000.0,5640000.0,5180000.0,1650000.0,10190000.0,25300000.0,53760000.0,15580000.0,0.0,1300000.0
Iraq,IRQ,1996,6270000.0,-180000.0,6330000.0,5650000.0,1430000.0,10330000.0,24710000.0,52930000.0,15400000.0,0.0,1280000.0
Iraq,IRQ,1997,6810000.0,-180000.0,7000000.0,5740000.0,1490000.0,9830000.0,24320000.0,70390000.0,26200000.0,0.0,1440000.0
Iraq,IRQ,1998,7140000.0,-180000.0,7670000.0,5890000.0,1630000.0,9790000.0,24780000.0,41300000.0,35260000.0,0.0,1680000.0
Iraq,IRQ,1999,6930000.0,-160000.0,8319999.0,5870000.0,3030000.0,10110000.0,24780000.0,18910000.0,41850000.0,0.0,1760000.0
Iraq,IRQ,2000,6850000.0,-160000.0,8980000.0,6890000.0,3500000.0,10490000.0,26990000.0,28780000.0,44460000.0,0.0,2140000.0
Iraq,IRQ,2001,8189999.0,170000.0,9630000.0,7110000.0,3880000.0,10880000.0,29500000.0,35440000.0,43350000.0,0.0,2210000.0
Iraq,IRQ,2002,8330000.0,170000.0,10270000.0,7120000.0,4770000.0,9850000.0,28430000.0,32410000.0,37630000.0,0.0,2100000.0
Iraq,IRQ,2003,4970000.0,170000.0,10900000.0,6900000.0,2170000.0,7060000.0,22090000.0,33330002.0,33390000.0,0.0,1830000.0
Iraq,IRQ,2004,5510000.0,170000.0,11520000.0,7630000.0,2680000.0,7480000.0,24720000.0,34080000.0,42210000.0,0.0,2210000.0
Iraq,IRQ,2005,6490000.0,170000.0,12140000.0,9830000.0,3310000.0,7020000.0,26680000.0,28350000.0,39080000.0,0.0,2340000.0
Iraq,IRQ,2006,6560000.0,170000.0,12660000.0,10640000.0,3960000.0,6760000.0,26510000.0,25290000.0,40460000.0,0.0,2540000.0
Iraq,IRQ,2007,6660000.0,170000.0,13110000.0,11150000.0,4740000.0,8080000.0,26280000.0,17890000.0,39900000.0,0.0,2630000.0
Iraq,IRQ,2008,7040000.0,170000.0,13710000.0,12670000.0,6010000.0,6740000.0,25210000.0,28880000.0,43330000.0,0.0,2750000.0
Iraq,IRQ,2009,8350000.0,170000.0,14280000.0,10510000.0,6600000.0,7120000.0,25890000.0,34030000.0,47540000.0,0.0,2940000.0
Iraq,IRQ,2010,8260000.0,170000.0,14910000.0,10910000.0,7430000.0,7570000.0,28720000.0,42780000.0,50550000.0,0.0,2730000.0
Iraq,IRQ,2011,8760000.0,-110000.0,15460000.0,11020000.0,8870000.0,8400000.0,30620000.0,43080000.0,54290000.0,0.0,2830000.0
Iraq,IRQ,2012,9060000.0,-110000.0,16000000.0,12130000.0,9450000.0,14140000.0,33930000.0,43060000.0,68290000.0,0.0,1500000.0
Iraq,IRQ,2013,8770000.0,-110000.0,16670000.0,12130000.0,10830000.0,12230000.0,32430000.0,54700000.0,71500000.0,0.0,1710000.0
Iraq,IRQ,2014,8420000.0,-110000.0,17400000.0,8920000.0,10230000.0,9100000.0,25710000.0,62230000.0,75830000.0,0.0,2130000.0
Iraq,IRQ,2015,6200000.0,-110000.0,17980000.0,7240000.0,11140000.0,7960000.0,24630000.0,60820000.0,86060000.0,0.0,2230000.0
Iraq,IRQ,2016,6660000.0,10670000.0,18600000.0,8090000.0,12490000.0,8720000.0,25150000.0,71130000.0,94080000.0,0.0,2800000.0
Iraq,IRQ,2017,7290000.0,10670000.0,19410000.0,9020000.0,13030000.0,9220000.0,28450000.0,76830000.0,95730000.0,0.0,1580000.0
Iraq,IRQ,2018,6870000.0,10670000.0,20070000.0,9320000.0,17210000.0,10860000.0,33200000.0,79470000.0,96220000.0,0.0,1640000.0
Iraq,IRQ,2019,9070000.0,10670000.0,20730000.0,14590000.0,18560000.0,12230000.0,35310000.0,87330000.0,99540000.0,0.0,1630000.0
Iraq,IRQ,2020,8800000.0,10670000.0,21410000.0,14570000.0,19100000.0,11170000.0,29390000.0,85730000.0,90780000.0,0.0,990000.0
Iraq,IRQ,2021,8460000.0,-310000.0,22040000.0,15100000.0,20060000.0,12390000.0,36510000.0,91100000.0,93300000.0,0.0,1130000.0
Iraq,IRQ,2022,7730000.0,-310000.0,22670000.0,15100000.0,22010000.0,13410000.0,42010000.0,105250000.0,96960000.0,0.0,1300000.0
Iraq,IRQ,2023,7960000.0,-310000.0,23460000.0,16670000.0,22580000.0,14410000.0,43040000.0,113370000.0,93790000.0,0.0,1240000.0
Ireland,IRL,1990,22960000.0,7320000.0,1610000.0,10040000.0,1820000.0,4150000.0,5020000.0,10870000.0,120000.0,750000.0,1110000.0
Ireland,IRL,1991,23180000.0,7320000.0,1700000.0,9740000.0,1540000.0,4230000.0,5210000.0,11430000.0,110000.0,780000.0,1120000.0
Ireland,IRL,1992,23300000.0,7320000.0,1770000.0,8930000.0,1530000.0,3910000.0,5590000.0,12160000.0,100000.0,800000.0,970000.0
Ireland,IRL,1993,23710000.0,7320000.0,1830000.0,8860000.0,1540000.0,4070000.0,5630000.0,12180000.0,110000.0,810000.0,1460000.0
Ireland,IRL,1994,23910000.0,7320000.0,1880000.0,8890000.0,1710000.0,4250000.0,5850000.0,12630000.0,110000.0,910000.0,1270000.0
Ireland,IRL,1995,23950000.0,7290000.0,1920000.0,8670000.0,1790000.0,4220000.0,6010000.0,13140000.0,110000.0,1070000.0,1500000.0
Ireland,IRL,1996,23940000.0,7260000.0,1780000.0,8750000.0,1990000.0,4060000.0,6980000.0,13740000.0,110000.0,870000.0,1530000.0
Ireland,IRL,1997,24360000.0,7200000.0,1490000.0,8490000.0,2260000.0,4380000.0,7340000.0,14260000.0,110000.0,880000.0,1720000.0
Ireland,IRL,1998,25150000.0,7200000.0,1560000.0,8990000.0,2079999.0,4310000.0,8660000.0,15090000.0,90000.0,880000.0,1780000.0
Ireland,IRL,1999,25240000.0,7170000.0,1560000.0,8810000.0,2360000.0,4470000.0,9560000.0,15580000.0,90000.0,910000.0,2060000.0
Ireland,IRL,2000,25670000.0,7140000.0,1560000.0,8910000.0,3080000.0,5210000.0,10640000.0,15700000.0,100000.0,930000.0,2240000.0
Ireland,IRL,2001,25620000.0,6860000.0,1670000.0,9260000.0,3090000.0,5170000.0,11140000.0,17020000.0,110000.0,950000.0,2620000.0
Ireland,IRL,2002,25400000.0,6840000.0,1760000.0,9150000.0,2840000.0,4820000.0,11350000.0,16370001.0,90000.0,930000.0,2700000.0
Ireland,IRL,2003,25420000.0,6820000.0,1770000.0,9480000.0,3310000.0,4980000.0,11550000.0,15510000.0,840000.0,980000.0,2730000.0
Ireland,IRL,2004,25210000.0,6780000.0,1470000.0,9550000.0,3540000.0,5050000.0,12270000.0,15110000.0,100000.0,960000.0,2550000.0
Ireland,IRL,2005,24720000.0,6770000.0,1260000.0,10060000.0,3790000.0,5200000.0,12970000.0,15610000.0,90000.0,1010000.0,2730000.0
Ireland,IRL,2006,24500000.0,6770000.0,1300000.0,9880000.0,3780000.0,4770000.0,14200000.0,15280000.0,100000.0,950000.0,2850000.0
Ireland,IRL,2007,24080000.0,6750000.0,820000.0,9680000.0,3810000.0,4790000.0,14540000.0,14910000.0,110000.0,900000.0,3280000.0
Ireland,IRL,2008,23950000.0,6730000.0,660000.0,10500000.0,3580000.0,4610000.0,13710000.0,14630000.0,100000.0,950000.0,2960000.0
Ireland,IRL,2009,24100000.0,6690000.0,460000.0,9990000.0,2780000.0,3480000.0,12440000.0,13120000.0,90000.0,820000.0,1980000.0
Ireland,IRL,2010,23170000.0,6680000.0,450000.0,10350000.0,2540000.0,3550000.0,11620000.0,13510000.0,100000.0,760000.0,2610000.0
Ireland,IRL,2011,23010000.0,5570000.0,570000.0,9010000.0,2410000.0,3170000.0,11020000.0,12120000.0,90000.0,720000.0,2370000.0
Ireland,IRL,2012,24050000.0,5570000.0,480000.0,8600000.0,2590000.0,3210000.0,10810000.0,13030000.0,90000.0,690000.0,2110000.0
Ireland,IRL,2013,24260000.0,5570000.0,660000.0,8530000.0,2550000.0,3360000.0,10960000.0,11620000.0,90000.0,620000.0,2340000.0
Ireland,IRL,2014,24500000.0,5540000.0,870000.0,7610000.0,2970000.0,3590000.0,11390000.0,11440000.0,100000.0,560000.0,2600000.0
Ireland,IRL,2015,24760000.0,5540000.0,960000.0,8180000.0,3150000.0,3570000.0,11540000.0,12120000.0,100000.0,530000.0,2960000.0
Ireland,IRL,2016,25630000.0,6590000.0,990000.0,8390000.0,3370000.0,3710000.0,12210000.0,12890000.0,100000.0,550000.0,3040000.0
Ireland,IRL,2017,26190000.0,6590000.0,950000.0,7840000.0,3330000.0,3880000.0,12060000.0,12030000.0,100000.0,580000.0,3470000.0
Ireland,IRL,2018,23970000.0,6570000.0,930000.0,8450000.0,3090000.0,4100000.0,12230000.0,10670000.0,110000.0,620000.0,3760000.0
Ireland,IRL,2019,23840000.0,6480000.0,890000.0,8160000.0,3060000.0,4010000.0,12230000.0,9370000.0,100000.0,630000.0,3700000.0
Ireland,IRL,2020,23960000.0,6480000.0,890000.0,8590000.0,2780000.0,4050000.0,10290000.0,8830000.0,100000.0,630000.0,1640000.0
Ireland,IRL,2021,24430000.0,10620000.0,860000.0,8180000.0,3180000.0,4040000.0,10970000.0,10330000.0,100000.0,620000.0,1830000.0
Ireland,IRL,2022,23890000.0,10590000.0,840000.0,7050000.0,3100000.0,3790000.0,11650000.0,10100000.0,80000.0,830000.0,3380000.0
Ireland,IRL,2023,23310000.0,10590000.0,820000.0,6600000.0,3050000.0,3620000.0,11690000.0,7960000.0,80000.0,760000.0,3770000.0
Israel,ISR,1990,1130000.0,70000.0,930000.0,1420000.0,1420000.0,3190000.0,8240000.0,19790000.0,20000.0,430000.0,2000000.0
Israel,ISR,1991,1090000.0,70000.0,940000.0,1360000.0,1770000.0,3160000.0,8520000.0,20130000.0,20000.0,420000.0,2040000.0
Israel,ISR,1992,1140000.0,70000.0,1510000.0,1370000.0,1980000.0,1630000.0,9300000.0,22890000.0,20000.0,630000.0,2200000.0
Israel,ISR,1993,1160000.0,70000.0,2050000.0,1400000.0,2270000.0,2360000.0,9780000.0,24400000.0,20000.0,1380000.0,2540000.0
Israel,ISR,1994,1230000.0,70000.0,2570000.0,1490000.0,2430000.0,2670000.0,10520000.0,26090000.0,20000.0,1400000.0,2610000.0
Israel,ISR,1995,1240000.0,70000.0,3060000.0,1660000.0,2960000.0,2940000.0,11550000.0,27360000.0,30000.0,1700000.0,2820000.0
Israel,ISR,1996,1320000.0,70000.0,3530000.0,1770000.0,3450000.0,2820000.0,12180000.0,28930000.0,20000.0,1710000.0,2590000.0
Israel,ISR,1997,1290000.0,70000.0,3650000.0,1970000.0,4220000.0,1920000.0,12960000.0,31150000.0,30000.0,1590000.0,2640000.0
Israel,ISR,1998,1310000.0,70000.0,3770000.0,2100000.0,5410000.0,1690000.0,12080000.0,32300000.0,20000.0,1490000.0,2660000.0
Israel,ISR,1999,1230000.0,70000.0,3890000.0,1920000.0,6200000.0,1550000.0,12850000.0,33180000.0,20000.0,1570000.0,2390000.0
Israel,ISR,2000,1270000.0,70000.0,4010000.0,2370000.0,6800000.0,1480000.0,13690000.0,36050000.0,30000.0,1640000.0,3010000.0
Israel,ISR,2001,1260000.0,-40000.0,4450000.0,2110000.0,6650000.0,1310000.0,13590000.0,37340000.0,20000.0,2140000.0,2670000.0
Israel,ISR,2002,1190000.0,-40000.0,4880000.0,1970000.0,6840000.0,1290000.0,14140000.0,40310000.0,30000.0,1910000.0,4210000.0
Israel,ISR,2003,1250000.0,-40000.0,5310000.0,2620000.0,7090000.0,1030000.0,14620000.0,41080000.0,70000.0,2030000.0,4200000.0
Israel,ISR,2004,1250000.0,-40000.0,5670000.0,2640000.0,7320000.0,880000.0,14500000.0,41000000.0,110000.0,2540000.0,3990000.0
Israel,ISR,2005,1260000.0,-40000.0,6050000.0,2230000.0,7710000.0,830000.0,13790000.0,40450000.0,140000.0,1870000.0,4080000.0
Israel,ISR,2006,1330000.0,-40000.0,6380000.0,2570000.0,8330000.0,900000.0,14100000.0,42760000.0,170000.0,2069999.0,4270000.0
Israel,ISR,2007,1400000.0,-40000.0,6640000.0,2520000.0,8840000.0,980000.0,14850000.0,44340000.0,180000.0,1990000.0,4630000.0
Israel,ISR,2008,1340000.0,-40000.0,6900000.0,2210000.0,9200000.0,1700000.0,16360001.0,43480000.0,220000.0,1160000.0,3730000.0
Israel,ISR,2009,1280000.0,-40000.0,7100000.0,2750000.0,9350000.0,2030000.0,16070000.0,41080000.0,220000.0,2350000.0,3570000.0
Israel,ISR,2010,1300000.0,-40000.0,7510000.0,2660000.0,10070000.0,3030000.0,16840000.0,44070000.0,259999.0,2290000.0,3530000.0
Israel,ISR,2011,1390000.0,-60000.0,7760000.0,2780000.0,10520000.0,860000.0,16059999.0,46080000.0,259999.0,2180000.0,3610000.0
Israel,ISR,2012,1400000.0,-60000.0,8020000.0,2730000.0,10750000.0,1310000.0,17560000.0,51040000.0,190000.0,1570000.0,3550000.0
Israel,ISR,2013,1440000.0,-60000.0,8029999.0,0.0,10810000.0,4930000.0,16280001.0,42920000.0,300000.0,1060000.0,3320000.0
Israel,ISR,2014,1450000.0,-60000.0,8189999.0,0.0,11150000.0,5140000.0,16430000.0,40110000.0,320000.0,1120000.0,3000000.0
Israel,ISR,2015,1510000.0,-60000.0,8180000.0,690000.0,11300000.0,4530000.0,17340000.0,40850000.0,350000.0,1060000.0,3540000.0
Israel,ISR,2016,1490000.0,0.0,8390000.0,700000.0,11530000.0,4170000.0,17920000.0,39850000.0,380000.0,1030000.0,3420000.0
Israel,ISR,2017,1520000.0,0.0,8420000.0,730000.0,12000000.0,4980000.0,18410000.0,39260000.0,350000.0,1020000.0,4040000.0
Israel,ISR,2018,1560000.0,0.0,8460000.0,700000.0,12270000.0,4370000.0,18480000.0,35610000.0,360000.0,1010000.0,4470000.0
Israel,ISR,2019,1540000.0,0.0,8310000.0,690000.0,12490000.0,5040000.0,18600000.0,36800000.0,360000.0,1039999.0,4680000.0
Israel,ISR,2020,1480000.0,0.0,8400000.0,660000.0,13040000.0,4300000.0,16709999.0,35490000.0,490000.0,1000000.0,2570000.0
Israel,ISR,2021,1520000.0,0.0,8610000.0,670000.0,14250000.0,3860000.0,17800000.0,34270000.0,550000.0,920000.0,2980000.0
Israel,ISR,2022,1530000.0,0.0,8840000.0,880000.0,15440000.0,3610000.0,19160000.0,34970000.0,620000.0,1500000.0,4600000.0
Israel,ISR,2023,1500000.0,0.0,9120000.0,870000.0,16520000.0,3380000.0,18830000.0,32080002.0,710000.0,1780000.0,4450000.0
Italy,ITA,1990,44880000.0,-34590000.0,18370000.0,67520000.0,26690000.0,74230000.0,98360000.0,143590000.0,2330000.0,8940000.0,13180000.0
Italy,ITA,1991,42540000.0,-34590000.0,19070000.0,73670000.0,26540000.0,70130000.0,100300000.0,139140000.0,2410000.0,8480000.0,13420000.0
Italy,ITA,1992,41920000.0,-34590000.0,19510000.0,68790000.0,26230000.0,67970000.0,105490000.0,138400000.0,2420000.0,8730000.0,13120000.0
Italy,ITA,1993,40550000.0,-34590000.0,20080000.0,68380000.0,24020000.0,65980004.0,107440000.0,135040000.0,2470000.0,9580000.0,13230000.0
Italy,ITA,1994,40050000.0,-34590000.0,20760000.0,59840000.0,23360000.0,67700000.0,107230000.0,137630000.0,2440000.0,9720000.0,13140000.0
Italy,ITA,1995,39050000.0,-34590000.0,21410000.0,66420000.0,26110000.0,68690000.0,109580000.0,150200000.0,2630000.0,9940000.0,13740000.0
Italy,ITA,1996,39450000.0,-34590000.0,22160000.0,68170000.0,23990000.0,67059996.0,111380000.0,145560000.0,2700000.0,9730000.0,12560000.0
Italy,ITA,1997,38880000.0,-34590000.0,22770000.0,65699996.0,24850000.0,69150000.0,113010000.0,147800000.0,2790000.0,9440000.0,13090000.0
Italy,ITA,1998,38740000.0,-34580000.0,22450000.0,69400000.0,25850000.0,68890000.0,116260000.0,151670000.0,2920000.0,9490000.0,14360000.0
Italy,ITA,1999,38910000.0,-34580000.0,22470000.0,73660000.0,27020000.0,72100000.0,119090000.0,147590000.0,3010000.0,9230000.0,12590000.0
Italy,ITA,2000,38830000.0,-34560000.0,23570000.0,69960000.0,29320000.0,73540000.0,119150000.0,153050000.0,3060000.0,8680000.0,13880000.0
Italy,ITA,2001,34660000.0,-34800000.0,24920000.0,73730000.0,31220000.0,71060000.0,121290000.0,149380000.0,3020000.0,8710000.0,13500000.0
Italy,ITA,2002,36980000.0,-34800000.0,24070000.0,70060000.0,31840000.0,70140000.0,123560000.0,159060000.0,3080000.0,8670000.0,14000000.0
Italy,ITA,2003,35910000.0,-34790000.0,23860000.0,75330000.0,33870000.0,76670000.0,124600000.0,164670000.0,3360000.0,8850000.0,15540000.0
Italy,ITA,2004,36450000.0,-34790000.0,23210000.0,76700000.0,36850000.0,68480000.0,126860000.0,178520000.0,3460000.0,8860000.0,15800000.0
Italy,ITA,2005,35160000.0,-34800000.0,23280000.0,82130000.0,37340000.0,66650000.0,125690000.0,177960000.0,3670000.0,9000000.0,16340000.0
Italy,ITA,2006,35050000.0,-34800000.0,22630000.0,76810000.0,34290000.0,61930000.0,126960000.0,179910000.0,3590000.0,8790000.0,17280000.0
Italy,ITA,2007,35100000.0,-34730000.0,22240000.0,71230000.0,34890000.0,60710000.0,127400000.0,179670000.0,3550000.0,8330000.0,18130000.0
Italy,ITA,2008,34870000.0,-34790000.0,21650000.0,75730000.0,33300000.0,57130000.0,120570000.0,173740000.0,3510000.0,8010000.0,18150000.0
Italy,ITA,2009,33810000.0,-34790000.0,21740000.0,76360000.0,30600000.0,43360000.0,114460000.0,147550000.0,3170000.0,8130000.0,16690001.0
Italy,ITA,2010,33900000.0,-34800000.0,21540000.0,79240000.0,31890000.0,45930000.0,111810000.0,153330000.0,3380000.0,7770000.0,19240000.0
Italy,ITA,2011,33099998.0,-15010000.0,20870000.0,72440000.0,32009998.0,45180000.0,111750000.0,152220000.0,3190000.0,7570000.0,17930000.0
Italy,ITA,2012,33690000.0,-14980000.0,20960000.0,72420000.0,29950000.0,43470000.0,104950000.0,144230000.0,3080000.0,7290000.0,17400000.0
Italy,ITA,2013,33029998.0,-15020000.0,19500000.0,71900000.0,29830000.0,38210000.0,103100000.0,122820000.0,2920000.0,7150000.0,16160000.0
Italy,ITA,2014,32650002.0,-15020000.0,19340000.0,60230000.0,29440000.0,35240000.0,107810000.0,113940000.0,2660000.0,7160000.0,15510000.0
Italy,ITA,2015,32950000.0,-15020000.0,19560000.0,66330000.0,27920000.0,34970000.0,105400000.0,121090000.0,2830000.0,7380000.0,15730000.0
Italy,ITA,2016,33450000.0,-22190000.0,19220000.0,66309996.0,27880000.0,34770000.0,104020000.0,118380000.0,2820000.0,7510000.0,17140000.0
Italy,ITA,2017,33320000.0,-22130000.0,19140000.0,66350000.0,27740000.0,32029998.0,99850000.0,121390000.0,2920000.0,7360000.0,17800000.0
Italy,ITA,2018,32770000.0,-22180000.0,19130000.0,66269996.0,28780000.0,32340000.0,102540000.0,113590000.0,2890000.0,7780000.0,20400000.0
Italy,ITA,2019,32759998.0,-22200000.0,18900000.0,64239996.0,27790000.0,31280000.0,103290000.0,108650000.0,2910000.0,7260000.0,20570000.0
Italy,ITA,2020,33830000.0,-22200000.0,19730000.0,62410000.0,24970000.0,29590000.0,82630000.0,97250000.0,2830000.0,7240000.0,12400000.0
Italy,ITA,2021,32340000.0,54260000.0,19470000.0,64480004.0,26450000.0,42150000.0,100460000.0,97500000.0,2960000.0,7810000.0,13060000.0
Italy,ITA,2022,31690000.0,54210000.0,19190000.0,55760000.0,26310000.0,38940000.0,106260000.0,107000000.0,2650000.0,7780000.0,16559999.0
Italy,ITA,2023,31480000.0,54210000.0,18960000.0,51780000.0,26760000.0,36350000.0,107260000.0,86590000.0,2450000.0,7510000.0,18210000.0
Jamaica,JAM,1990,1039999.0,430000.0,220000.0,340000.0,250000.0,3760000.0,1120000.0,2060000.0,0.0,120000.0,570000.0
Jamaica,JAM,1991,1100000.0,430000.0,220000.0,259999.0,230000.0,3910000.0,1060000.0,1990000.0,0.0,140000.0,570000.0
Jamaica,JAM,1992,1160000.0,430000.0,330000.0,310000.0,280000.0,2920000.0,1100000.0,3660000.0,0.0,50000.0,580000.0
Jamaica,JAM,1993,1170000.0,430000.0,410000.0,370000.0,270000.0,1820000.0,1190000.0,4790000.0,0.0,60000.0,580000.0
Jamaica,JAM,1994,1140000.0,430000.0,470000.0,360000.0,280000.0,2640000.0,1200000.0,4080000.0,0.0,20000.0,600000.0
Jamaica,JAM,1995,1160000.0,440000.0,490000.0,390000.0,320000.0,1440000.0,1440000.0,5270000.0,0.0,20000.0,630000.0
Jamaica,JAM,1996,1110000.0,440000.0,510000.0,400000.0,340000.0,1760000.0,1650000.0,5090000.0,0.0,20000.0,590000.0
Jamaica,JAM,1997,1080000.0,440000.0,530000.0,390000.0,310000.0,1690000.0,1750000.0,5270000.0,0.0,20000.0,590000.0
Jamaica,JAM,1998,1070000.0,460000.0,550000.0,410000.0,340000.0,1810000.0,1900000.0,5480000.0,0.0,20000.0,600000.0
Jamaica,JAM,1999,1080000.0,490000.0,570000.0,410000.0,320000.0,1950000.0,1990000.0,5530000.0,0.0,20000.0,600000.0
Jamaica,JAM,2000,1090000.0,500000.0,590000.0,400000.0,360000.0,2000000.0,1990000.0,5550000.0,0.0,20000.0,640000.0
Jamaica,JAM,2001,1090000.0,-2450000.0,600000.0,410000.0,350000.0,2030000.0,1940000.0,5590000.0,0.0,20000.0,640000.0
Jamaica,JAM,2002,1080000.0,-2450000.0,620000.0,290000.0,370000.0,1920000.0,2130000.0,5700000.0,0.0,100000.0,810000.0
Jamaica,JAM,2003,1150000.0,-2450000.0,640000.0,300000.0,410000.0,1940000.0,2130000.0,5980000.0,0.0,100000.0,820000.0
Jamaica,JAM,2004,1060000.0,-2450000.0,660000.0,360000.0,420000.0,3160000.0,2180000.0,4540000.0,0.0,170000.0,720000.0
Jamaica,JAM,2005,1010000.0,-2450000.0,680000.0,410000.0,390000.0,3260000.0,2280000.0,4000000.0,0.0,180000.0,870000.0
Jamaica,JAM,2006,690000.0,-2450000.0,700000.0,460000.0,420000.0,5180000.0,2210000.0,3230000.0,0.0,370000.0,1039999.0
Jamaica,JAM,2007,630000.0,-2450000.0,700000.0,440000.0,380000.0,5140000.0,2130000.0,3700000.0,0.0,450000.0,1200000.0
Jamaica,JAM,2008,630000.0,-2450000.0,700000.0,350000.0,410000.0,4020000.0,2100000.0,2900000.0,0.0,210000.0,1330000.0
Jamaica,JAM,2009,610000.0,-2440000.0,750000.0,320000.0,500000.0,1950000.0,2050000.0,3020000.0,0.0,200000.0,830000.0
Jamaica,JAM,2010,620000.0,-2440000.0,750000.0,340000.0,440000.0,1640000.0,1910000.0,3050000.0,0.0,160000.0,870000.0
Jamaica,JAM,2011,620000.0,210000.0,750000.0,350000.0,450000.0,1980000.0,1890000.0,3010000.0,0.0,129999.0,900000.0
Jamaica,JAM,2012,640000.0,220000.0,750000.0,370000.0,470000.0,1900000.0,1560000.0,2760000.0,0.0,190000.0,700000.0
Jamaica,JAM,2013,630000.0,220000.0,760000.0,330000.0,510000.0,2520000.0,1660000.0,2630000.0,0.0,70000.0,1270000.0
Jamaica,JAM,2014,620000.0,220000.0,770000.0,290000.0,570000.0,2340000.0,1740000.0,2510000.0,0.0,40000.0,1250000.0
Jamaica,JAM,2015,590000.0,220000.0,770000.0,350000.0,580000.0,2110000.0,1700000.0,2630000.0,0.0,40000.0,1490000.0
Jamaica,JAM,2016,600000.0,170000.0,780000.0,370000.0,560000.0,2230000.0,1860000.0,2820000.0,70000.0,30000.0,1610000.0
Jamaica,JAM,2017,610000.0,170000.0,790000.0,400000.0,519999.0,1820000.0,2010000.0,2760000.0,760000.0,30000.0,1700000.0
Jamaica,JAM,2018,620000.0,170000.0,790000.0,430000.0,470000.0,2830000.0,2320000.0,2470000.0,920000.0,40000.0,1570000.0
Jamaica,JAM,2019,610000.0,150000.0,800000.0,430000.0,480000.0,2290000.0,2530000.0,2670000.0,1230000.0,30000.0,1890000.0
Jamaica,JAM,2020,610000.0,150000.0,800000.0,410000.0,519999.0,1220000.0,1730000.0,2140000.0,2690000.0,30000.0,1800000.0
Jamaica,JAM,2021,610000.0,-1090000.0,800000.0,420000.0,560000.0,1050000.0,2430000.0,2040000.0,2750000.0,10000.0,1890000.0
Jamaica,JAM,2022,600000.0,-1090000.0,810000.0,720000.0,560000.0,1420000.0,2670000.0,2240000.0,2580000.0,10000.0,1850000.0
Jamaica,JAM,2023,600000.0,-1090000.0,810000.0,750000.0,570000.0,720000.0,2810000.0,2590000.0,2580000.0,10000.0,1810000.0
Japan,JPN,1990,30460000.0,-76020000.0,16549999.0,120850000.0,96110000.0,260450016.0,217050000.0,437850016.0,4890000.0,18340000.0,31610000.0
Japan,JPN,1991,30180000.0,-76020000.0,16410000.0,122680000.0,102410000.0,258730016.0,227620000.0,438390016.0,5030000.0,18760000.0,33360000.0
Japan,JPN,1992,30720000.0,-76020000.0,16299999.0,126940000.0,105780000.0,254320000.0,232420000.0,443709984.0,5160000.0,18820000.0,33790000.0
Japan,JPN,1993,30960000.0,-76070000.0,15980000.0,133050000.0,108120000.0,252750000.0,237630000.0,427570016.0,5130000.0,18320000.0,35780000.0
Japan,JPN,1994,31330000.0,-76110000.0,15670000.0,129950000.0,116220000.0,255160000.0,250020000.0,469080000.0,5350000.0,17160000.0,37220000.0
Japan,JPN,1995,30150000.0,-76080000.0,15310000.0,138340000.0,128390000.0,260109984.0,258400000.0,457589984.0,5440000.0,17370000.0,36940000.0
Japan,JPN,1996,28960000.0,-76110000.0,14900000.0,137470000.0,128869992.0,259440000.0,264359984.0,463489984.0,5630000.0,21020000.0,31760000.0
Japan,JPN,1997,28550000.0,-76130000.0,14480000.0,137520000.0,124820000.0,252280000.0,266630000.0,458049984.0,5460000.0,21290000.0,36330000.0
Japan,JPN,1998,27380000.0,-76140000.0,13960000.0,141360000.0,112700000.0,228920000.0,265880000.0,441049984.0,5440000.0,20680000.0,38290000.0
Japan,JPN,1999,27190000.0,-76120000.0,13420000.0,149100000.0,100170000.0,231970000.0,268310000.0,467350016.0,5630000.0,20140000.0,36920000.0
Japan,JPN,2000,26980000.0,-76130000.0,12940000.0,151640000.0,95730000.0,236600000.0,267890016.0,475400000.0,5570000.0,20870000.0,37220000.0
Japan,JPN,2001,26410000.0,-154530000.0,12460000.0,151110000.0,82590000.0,231450000.0,270049984.0,467170016.0,5490000.0,21680000.0,33960000.0
Japan,JPN,2002,26260000.0,-154550000.0,11970000.0,158840000.0,73020000.0,233690000.0,265480016.0,497049984.0,5170000.0,23060000.0,37210000.0
Japan,JPN,2003,26100000.0,-154560000.0,11530000.0,153330000.0,70970000.0,230800000.0,263190000.0,515590016.0,5360000.0,23260000.0,38110000.0
Japan,JPN,2004,26120000.0,-154560000.0,11080000.0,153320000.0,62760000.0,229910000.0,263190000.0,510120000.0,5320000.0,23810000.0,39600000.0
Japan,JPN,2005,25900000.0,-154630000.0,10590000.0,154240000.0,62470000.0,232010000.0,260370000.0,518750016.0,5400000.0,22500000.0,41980000.0
Japan,JPN,2006,25680000.0,-154690000.0,10060000.0,148190000.0,65089996.0,232730000.0,256390016.0,507320000.0,5560000.0,21090000.0,39400000.0
Japan,JPN,2007,25770000.0,-154840000.0,9580000.0,143260000.0,63210000.0,229430000.0,249000000.0,558750016.0,5650000.0,21180000.0,37720000.0
Japan,JPN,2008,24840000.0,-154920000.0,9070000.0,134680000.0,61480000.0,209790000.0,239700000.0,532260000.0,5540000.0,18280000.0,35170000.0
Japan,JPN,2009,24710000.0,-155060000.0,8480000.0,125660000.0,56160000.0,198180000.0,233440000.0,503309984.0,5410000.0,21140000.0,31120000.0
Japan,JPN,2010,25010000.0,-155160000.0,8080000.0,126660000.0,57460000.0,209960000.0,234510000.0,547390016.0,5460000.0,19000000.0,31610000.0
Japan,JPN,2011,23990000.0,-72510000.0,7740000.0,125370000.0,59830000.0,216810000.0,228760000.0,605380032.0,5990000.0,17490000.0,32009998.0
Japan,JPN,2012,23920000.0,-72580000.0,7380000.0,121740000.0,63130000.0,213270000.0,226360000.0,655169984.0,6110000.0,17380000.0,32759998.0
Japan,JPN,2013,24040000.0,-72640000.0,7100000.0,127050000.0,66690004.0,214130000.0,223610000.0,665080000.0,6110000.0,16059999.0,32820000.0
Japan,JPN,2014,23910000.0,-72690000.0,6780000.0,120550000.0,70060000.0,207850000.0,217350000.0,633900032.0,5990000.0,16090000.0,31870000.0
Japan,JPN,2015,23380000.0,-72760000.0,6510000.0,115280000.0,72490000.0,200190000.0,216730000.0,607349952.0,5840000.0,17910000.0,33410000.0
Japan,JPN,2016,23270000.0,-60030000.0,6250000.0,111470000.0,75840000.0,193680000.0,214230000.0,604979968.0,5760000.0,19010000.0,34840000.0
Japan,JPN,2017,23220000.0,-60030000.0,5970000.0,116040000.0,78480000.0,194600000.0,212320000.0,587800000.0,5770000.0,18000000.0,35190000.0
Japan,JPN,2018,23130000.0,-60020000.0,5780000.0,110780000.0,80040000.0,193640000.0,209680000.0,559320000.0,5530000.0,15740000.0,36540000.0
Japan,JPN,2019,23010000.0,-60040000.0,5630000.0,109400000.0,81890000.0,186400000.0,205870000.0,534030016.0,5360000.0,16490000.0,36690000.0
Japan,JPN,2020,23090000.0,-60040000.0,5410000.0,107250000.0,83520000.0,170450000.0,185110000.0,514260000.0,5230000.0,17360000.0,24650000.0
Japan,JPN,2021,23080000.0,-25000000.0,5270000.0,101740000.0,85150000.0,179740000.0,187690000.0,525240000.0,4890000.0,15810000.0,27980000.0
Japan,JPN,2022,22870000.0,-25000000.0,5190000.0,97610000.0,84990000.0,172110000.0,191030000.0,510160000.0,4740000.0,15260000.0,30320000.0
Japan,JPN,2023,22770000.0,-25010000.0,5130000.0,90670000.0,84980000.0,165220000.0,190970000.0,479640000.0,4490000.0,15380000.0,36160000.0
Jordan,JOR,1990,690000.0,0.0,2830000.0,1050000.0,1090000.0,1310000.0,2790000.0,3440000.0,20000.0,660000.0,680000.0
Jordan,JOR,1991,880000.0,0.0,2830000.0,1030000.0,870000.0,1150000.0,2590000.0,3810000.0,20000.0,720000.0,460000.0
Jordan,JOR,1992,1050000.0,0.0,5450000.0,1410000.0,1690000.0,1300000.0,2730000.0,4420000.0,30000.0,860000.0,610000.0
Jordan,JOR,1993,1070000.0,0.0,8029999.0,1290000.0,1850000.0,1300000.0,2820000.0,4560000.0,30000.0,890000.0,660000.0
Jordan,JOR,1994,920000.0,0.0,10590000.0,1680000.0,2150000.0,1660000.0,2820000.0,4680000.0,40000.0,630000.0,720000.0
Jordan,JOR,1995,950000.0,0.0,9420000.0,1360000.0,1900000.0,1740000.0,3080000.0,5170000.0,40000.0,940000.0,790000.0
Jordan,JOR,1996,890000.0,0.0,8250000.0,2040000.0,1880000.0,1750000.0,3140000.0,5400000.0,40000.0,250000.0,930000.0
Jordan,JOR,1997,860000.0,0.0,7080000.0,2190000.0,1770000.0,1850000.0,3290000.0,5560000.0,50000.0,300000.0,870000.0
Jordan,JOR,1998,790000.0,0.0,5910000.0,2060000.0,1520000.0,2000000.0,3330000.0,6020000.0,50000.0,270000.0,700000.0
Jordan,JOR,1999,820000.0,0.0,4740000.0,2170000.0,1530000.0,1990000.0,3410000.0,5850000.0,50000.0,270000.0,720000.0
Jordan,JOR,2000,710000.0,0.0,3570000.0,2430000.0,1470000.0,2170000.0,3680000.0,6750000.0,50000.0,330000.0,900000.0
Jordan,JOR,2001,700000.0,0.0,3670000.0,2280000.0,1750000.0,2069999.0,3800000.0,6700000.0,50000.0,330000.0,690000.0
Jordan,JOR,2002,750000.0,0.0,3770000.0,2290000.0,1960000.0,2089999.0,3860000.0,7100000.0,40000.0,330000.0,680000.0
Jordan,JOR,2003,760000.0,0.0,3870000.0,2530000.0,1960000.0,2150000.0,3930000.0,7190000.0,40000.0,370000.0,880000.0
Jordan,JOR,2004,740000.0,0.0,3960000.0,2720000.0,2150000.0,2610000.0,4510000.0,7100000.0,90000.0,390000.0,770000.0
Jordan,JOR,2005,850000.0,0.0,4060000.0,2850000.0,2230000.0,2960000.0,4970000.0,7430000.0,100000.0,400000.0,1230000.0
Jordan,JOR,2006,800000.0,0.0,4159999.0,2670000.0,2240000.0,3010000.0,4880000.0,7940000.0,140000.0,420000.0,1070000.0
Jordan,JOR,2007,920000.0,0.0,4240000.0,2460000.0,2380000.0,2970000.0,5220000.0,8570000.0,150000.0,490000.0,1039999.0
Jordan,JOR,2008,1100000.0,0.0,4310000.0,2050000.0,2470000.0,2620000.0,4750000.0,8760000.0,160000.0,420000.0,1020000.0
Jordan,JOR,2009,960000.0,0.0,4390000.0,2150000.0,2300000.0,2670000.0,5290000.0,8900000.0,190000.0,430000.0,1120000.0
Jordan,JOR,2010,980000.0,0.0,4470000.0,1830000.0,2390000.0,2310000.0,5350000.0,9050000.0,140000.0,400000.0,1150000.0
Jordan,JOR,2011,1000000.0,0.0,4540000.0,1990000.0,1940000.0,2079999.0,5470000.0,9920000.0,70000.0,460000.0,1039999.0
Jordan,JOR,2012,1000000.0,0.0,4620000.0,1900000.0,2450000.0,2190000.0,7030000.0,11300000.0,50000.0,490000.0,1160000.0
Jordan,JOR,2013,1110000.0,0.0,4700000.0,1540000.0,2480000.0,1910000.0,7290000.0,11570000.0,70000.0,240000.0,1140000.0
Jordan,JOR,2014,1170000.0,0.0,4770000.0,1590000.0,2630000.0,2370000.0,7220000.0,12570000.0,40000.0,480000.0,1030000.0
Jordan,JOR,2015,1240000.0,0.0,4850000.0,1880000.0,2650000.0,1850000.0,8020000.0,11750000.0,120000.0,460000.0,930000.0
Jordan,JOR,2016,1350000.0,0.0,4930000.0,1950000.0,2750000.0,2170000.0,8500000.0,10240000.0,180000.0,540000.0,1300000.0
Jordan,JOR,2017,1270000.0,0.0,5200000.0,2460000.0,2900000.0,1650000.0,9340000.0,10510000.0,190000.0,700000.0,1610000.0
Jordan,JOR,2018,1260000.0,0.0,5470000.0,2069999.0,3100000.0,1580000.0,9230000.0,9530000.0,180000.0,810000.0,1260000.0
Jordan,JOR,2019,1230000.0,0.0,5730000.0,2200000.0,2590000.0,1200000.0,8690000.0,9120000.0,190000.0,730000.0,1510000.0
Jordan,JOR,2020,1230000.0,0.0,5990000.0,2050000.0,2620000.0,960000.0,7300000.0,8670000.0,180000.0,650000.0,550000.0
Jordan,JOR,2021,1270000.0,0.0,6250000.0,1960000.0,2840000.0,2150000.0,7540000.0,8220000.0,180000.0,610000.0,590000.0
Jordan,JOR,2022,1340000.0,0.0,6500000.0,2280000.0,3140000.0,2260000.0,8029999.0,8660000.0,220000.0,700000.0,940000.0
Jordan,JOR,2023,1350000.0,0.0,6770000.0,2210000.0,3200000.0,1950000.0,7670000.0,11680000.0,250000.0,650000.0,1130000.0
Kazakhstan,KAZ,1990,42810000.0,-760000.0,4240000.0,430000.0,230000.0,81480000.0,14950000.0,115280000.0,49000000.0,26500000.0,2720000.0
Kazakhstan,KAZ,1991,41390000.0,-760000.0,4220000.0,610000.0,259999.0,85980000.0,18770000.0,114200000.0,48100000.0,28360000.0,2500000.0
Kazakhstan,KAZ,1992,36890000.0,-780000.0,4100000.0,500000.0,910000.0,89250000.0,16420000.0,111980000.0,45500000.0,35840000.0,2280000.0
Kazakhstan,KAZ,1993,35990000.0,-780000.0,3980000.0,380000.0,610000.0,76290000.0,13680000.0,102450000.0,44400000.0,24720000.0,760000.0
Kazakhstan,KAZ,1994,35090000.0,-780000.0,3860000.0,450000.0,430000.0,60800000.0,9370000.0,105220000.0,44600000.0,19570000.0,1120000.0
Kazakhstan,KAZ,1995,29730000.0,-780000.0,3800000.0,300000.0,410000.0,59810000.0,9500000.0,80140000.0,38800000.0,21770000.0,800000.0
Kazakhstan,KAZ,1996,25900000.0,-670000.0,3810000.0,190000.0,310000.0,49740000.0,8510000.0,72520000.0,38640000.0,18140000.0,770000.0
Kazakhstan,KAZ,1997,22000000.0,-460000.0,3800000.0,190000.0,320000.0,43830000.0,7290000.0,59610000.0,41970000.0,15410000.0,710000.0
Kazakhstan,KAZ,1998,18270000.0,-640000.0,3810000.0,210000.0,350000.0,43410000.0,8229999.0,61180000.0,43080000.0,16000000.0,730000.0
Kazakhstan,KAZ,1999,16420000.0,-700000.0,3820000.0,170000.0,380000.0,36220000.0,6040000.0,58800000.0,39170000.0,15300000.0,430000.0
Kazakhstan,KAZ,2000,16160000.0,-680000.0,3880000.0,1130000.0,500000.0,21340000.0,9720000.0,71420000.0,47510000.0,8980000.0,240000.0
Kazakhstan,KAZ,2001,17430000.0,-1500000.0,3970000.0,1260000.0,720000.0,27930000.0,8500000.0,67480000.0,47670000.0,4620000.0,259999.0
Kazakhstan,KAZ,2002,26060000.0,-1490000.0,3930000.0,1180000.0,670000.0,20940000.0,9470000.0,85600000.0,56340000.0,2890000.0,390000.0
Kazakhstan,KAZ,2003,20340000.0,-1500000.0,3950000.0,1680000.0,800000.0,26280000.0,8990000.0,93380000.0,59780000.0,5040000.0,320000.0
Kazakhstan,KAZ,2004,22730000.0,-1510000.0,4040000.0,1150000.0,1310000.0,33730000.0,9580000.0,97140000.0,62090000.0,5440000.0,460000.0
Kazakhstan,KAZ,2005,23700000.0,-1510000.0,4120000.0,1020000.0,1400000.0,38620000.0,9910000.0,99200000.0,64500000.0,8850000.0,500000.0
Kazakhstan,KAZ,2006,25400000.0,-1510000.0,4270000.0,1330000.0,1770000.0,27510000.0,10930000.0,118730000.0,67870000.0,15210000.0,530000.0
Kazakhstan,KAZ,2007,23260000.0,-1490000.0,4340000.0,900000.0,2050000.0,39240000.0,12550000.0,115290000.0,65670000.0,20170000.0,710000.0
Kazakhstan,KAZ,2008,24160000.0,-1510000.0,4470000.0,20010000.0,2910000.0,56670000.0,14250000.0,122380000.0,69500000.0,7230000.0,670000.0
Kazakhstan,KAZ,2009,22980000.0,-1510000.0,4730000.0,15070000.0,2770000.0,53200000.0,12860000.0,113380000.0,67089996.0,2650000.0,560000.0
Kazakhstan,KAZ,2010,26340000.0,-1510000.0,4920000.0,17060000.0,3130000.0,57830000.0,13590000.0,123730000.0,65330000.0,2630000.0,630000.0
Kazakhstan,KAZ,2011,23230000.0,-9850000.0,4930000.0,23430000.0,3150000.0,67280000.0,13910000.0,126640000.0,70920000.0,3130000.0,550000.0
Kazakhstan,KAZ,2012,22880000.0,-9850000.0,5080000.0,17180000.0,4460000.0,64510004.0,14890000.0,131170000.0,69210000.0,3050000.0,610000.0
Kazakhstan,KAZ,2013,20980000.0,-9850000.0,5200000.0,18590000.0,4910000.0,66670000.0,14070000.0,142300000.0,69200000.0,2900000.0,510000.0
Kazakhstan,KAZ,2014,23750000.0,-9850000.0,5370000.0,28290000.0,5400000.0,50420000.0,14920000.0,104800000.0,69800000.0,2970000.0,700000.0
Kazakhstan,KAZ,2015,25410000.0,-9850000.0,5440000.0,30850000.0,5680000.0,35950000.0,15770000.0,94450000.0,57100000.0,1890000.0,1270000.0
Kazakhstan,KAZ,2016,23720000.0,-2840000.0,5570000.0,32259998.0,5840000.0,38780000.0,16340000.0,105940000.0,53550000.0,1990000.0,1420000.0
Kazakhstan,KAZ,2017,30470000.0,-2850000.0,5670000.0,35590000.0,6270000.0,36360000.0,15530000.0,115780000.0,56720000.0,2290000.0,1540000.0
Kazakhstan,KAZ,2018,26180000.0,-2850000.0,5800000.0,38490000.0,6560000.0,31790000.0,17970000.0,119830000.0,56440000.0,2220000.0,1940000.0
Kazakhstan,KAZ,2019,25600000.0,-2850000.0,5970000.0,37790000.0,6520000.0,27660000.0,16830000.0,116060000.0,52540000.0,2110000.0,1950000.0
Kazakhstan,KAZ,2020,24690000.0,-2850000.0,6620000.0,38630000.0,7470000.0,28400000.0,21350000.0,115940000.0,49660000.0,2030000.0,1000000.0
Kazakhstan,KAZ,2021,25860000.0,5300000.0,6930000.0,39420000.0,7080000.0,28040000.0,23670000.0,129830000.0,51890000.0,2330000.0,1520000.0
Kazakhstan,KAZ,2022,24430000.0,5320000.0,6570000.0,36580000.0,7890000.0,26470000.0,24410000.0,137590000.0,47580000.0,2500000.0,1400000.0
Kazakhstan,KAZ,2023,23950000.0,5300000.0,6700000.0,36610000.0,8090000.0,24980000.0,30530000.0,145960000.0,54080000.0,1970000.0,1590000.0
Kenya,KEN,1990,27250000.0,10590000.0,600000.0,5410000.0,760000.0,1430000.0,2760000.0,430000.0,10000.0,390000.0,1410000.0
Kenya,KEN,1991,26090000.0,10590000.0,620000.0,5510000.0,720000.0,1420000.0,2830000.0,410000.0,10000.0,180000.0,1210000.0
Kenya,KEN,1992,25900000.0,10590000.0,690000.0,5620000.0,760000.0,1490000.0,2620000.0,450000.0,10000.0,310000.0,1430000.0
Kenya,KEN,1993,25670000.0,10590000.0,750000.0,5720000.0,720000.0,1580000.0,2440000.0,480000.0,10000.0,360000.0,1630000.0
Kenya,KEN,1994,25810000.0,10590000.0,810000.0,5990000.0,740000.0,1560000.0,2380000.0,550000.0,10000.0,340000.0,1910000.0
Kenya,KEN,1995,25530000.0,10600000.0,1580000.0,6360000.0,790000.0,1560000.0,2630000.0,500000.0,10000.0,320000.0,1530000.0
Kenya,KEN,1996,24060000.0,10610000.0,1540000.0,6530000.0,910000.0,1780000.0,2750000.0,580000.0,10000.0,380000.0,1560000.0
Kenya,KEN,1997,23960000.0,10730000.0,1490000.0,6700000.0,770000.0,1560000.0,2730000.0,610000.0,10000.0,340000.0,1520000.0
Kenya,KEN,1998,24540000.0,10630000.0,1450000.0,7010000.0,730000.0,1430000.0,2800000.0,1120000.0,10000.0,400000.0,1530000.0
Kenya,KEN,1999,26110000.0,10690000.0,1400000.0,7410000.0,620000.0,1300000.0,2750000.0,1430000.0,10000.0,330000.0,1630000.0
Kenya,KEN,2000,23880000.0,10750000.0,1360000.0,7530000.0,600000.0,1520000.0,2780000.0,2190000.0,10000.0,330000.0,1550000.0
Kenya,KEN,2001,23870000.0,-6210000.0,1450000.0,7480000.0,590000.0,1640000.0,2730000.0,1590000.0,10000.0,320000.0,1660000.0
Kenya,KEN,2002,24910000.0,-6210000.0,1540000.0,7570000.0,670000.0,1810000.0,2860000.0,1140000.0,10000.0,270000.0,1610000.0
Kenya,KEN,2003,26680000.0,-6200000.0,1630000.0,7510000.0,890000.0,1560000.0,2560000.0,1030000.0,10000.0,210000.0,1720000.0
Kenya,KEN,2004,28390000.0,-6210000.0,1720000.0,7850000.0,1010000.0,1730000.0,2830000.0,1160000.0,10000.0,220000.0,1880000.0
Kenya,KEN,2005,27570000.0,-6200000.0,1810000.0,8240000.0,1090000.0,1910000.0,2960000.0,1580000.0,10000.0,140000.0,1950000.0
Kenya,KEN,2006,26750000.0,-6210000.0,1890000.0,8400000.0,1240000.0,2280000.0,3310000.0,1860000.0,20000.0,140000.0,2050000.0
Kenya,KEN,2007,43680000.0,-6210000.0,1970000.0,8610000.0,1360000.0,2140000.0,3340000.0,1800000.0,20000.0,220000.0,2230000.0
Kenya,KEN,2008,44100000.0,-6200000.0,2050000.0,8750000.0,1480000.0,2230000.0,3430000.0,2150000.0,20000.0,150000.0,1950000.0
Kenya,KEN,2009,42270000.0,-6200000.0,2120000.0,9300000.0,1730000.0,2100000.0,4260000.0,2930000.0,20000.0,110000.0,1970000.0
Kenya,KEN,2010,42500000.0,-6210000.0,2200000.0,9490000.0,1800000.0,2440000.0,5060000.0,2560000.0,20000.0,150000.0,1800000.0
Kenya,KEN,2011,43690000.0,9810000.0,2270000.0,9550000.0,1390000.0,2810000.0,4720000.0,2770000.0,20000.0,129999.0,2270000.0
Kenya,KEN,2012,43400000.0,9820000.0,2340000.0,9840000.0,1440000.0,2020000.0,5010000.0,2130000.0,20000.0,110000.0,2270000.0
Kenya,KEN,2013,42620000.0,9810000.0,2410000.0,9990000.0,1640000.0,2030000.0,5950000.0,2050000.0,20000.0,129999.0,1820000.0
Kenya,KEN,2014,43140000.0,9810000.0,2480000.0,10330000.0,2050000.0,2520000.0,6640000.0,2350000.0,20000.0,160000.0,1770000.0
Kenya,KEN,2015,43470000.0,9840000.0,2550000.0,10800000.0,1840000.0,2880000.0,8180000.0,1290000.0,20000.0,150000.0,2170000.0
Kenya,KEN,2016,47500000.0,-7350000.0,2610000.0,10950000.0,2010000.0,3020000.0,8990000.0,1390000.0,20000.0,170000.0,2069999.0
Kenya,KEN,2017,44090000.0,-7350000.0,2680000.0,11370000.0,2110000.0,2910000.0,8790000.0,2400000.0,30000.0,230000.0,2160000.0
Kenya,KEN,2018,45750000.0,-7360000.0,2740000.0,11190000.0,1810000.0,3030000.0,9900000.0,1470000.0,20000.0,240000.0,2260000.0
Kenya,KEN,2019,53190000.0,-7350000.0,2780000.0,11150000.0,1990000.0,2700000.0,10980000.0,1250000.0,30000.0,160000.0,2310000.0
Kenya,KEN,2020,61280000.0,-7360000.0,2820000.0,11260000.0,2450000.0,2720000.0,10620000.0,710000.0,20000.0,180000.0,1360000.0
Kenya,KEN,2021,54550000.0,-15730000.0,2890000.0,11550000.0,3700000.0,3280000.0,11120000.0,1190000.0,30000.0,220000.0,1660000.0
Kenya,KEN,2022,48710000.0,-15740000.0,2950000.0,11490000.0,4150000.0,3670000.0,10840000.0,1500000.0,30000.0,240000.0,1990000.0
Kenya,KEN,2023,53340000.0,-15730000.0,3020000.0,11580000.0,4120000.0,4410000.0,10350000.0,1230000.0,30000.0,300000.0,2230000.0
Kiribati,KIR,1990,10000.0,0.0,0.0,0.0,0.0,,10000.0,10000.0,0.0,,0.0
Kiribati,KIR,1991,10000.0,0.0,0.0,0.0,0.0,,10000.0,10000.0,0.0,,0.0
Kiribati,KIR,1992,10000.0,0.0,0.0,0.0,0.0,,10000.0,10000.0,0.0,,0.0
Kiribati,KIR,1993,10000.0,0.0,0.0,0.0,0.0,,20000.0,10000.0,0.0,,0.0
Kiribati,KIR,1994,10000.0,0.0,10000.0,0.0,0.0,,20000.0,10000.0,0.0,,0.0
Kiribati,KIR,1995,10000.0,0.0,0.0,0.0,0.0,,20000.0,10000.0,0.0,,0.0
Kiribati,KIR,1996,10000.0,0.0,0.0,0.0,0.0,,20000.0,10000.0,0.0,,0.0
Kiribati,KIR,1997,10000.0,0.0,0.0,10000.0,0.0,,20000.0,10000.0,0.0,,0.0
Kiribati,KIR,1998,10000.0,0.0,0.0,0.0,0.0,,20000.0,10000.0,0.0,,0.0
Kiribati,KIR,1999,10000.0,0.0,0.0,10000.0,0.0,,10000.0,10000.0,0.0,,0.0
Kiribati,KIR,2000,10000.0,0.0,0.0,0.0,0.0,0.0,20000.0,10000.0,0.0,0.0,0.0
Kiribati,KIR,2001,10000.0,0.0,0.0,0.0,0.0,0.0,20000.0,10000.0,0.0,0.0,0.0
Kiribati,KIR,2002,10000.0,0.0,0.0,0.0,0.0,0.0,20000.0,10000.0,0.0,0.0,10000.0
Kiribati,KIR,2003,10000.0,0.0,0.0,0.0,0.0,0.0,30000.0,10000.0,0.0,0.0,0.0
Kiribati,KIR,2004,10000.0,0.0,0.0,0.0,0.0,0.0,30000.0,10000.0,0.0,0.0,10000.0
Kiribati,KIR,2005,10000.0,0.0,0.0,0.0,0.0,0.0,30000.0,20000.0,0.0,,0.0
Kiribati,KIR,2006,10000.0,0.0,0.0,0.0,0.0,0.0,30000.0,20000.0,0.0,,10000.0
Kiribati,KIR,2007,10000.0,0.0,0.0,0.0,0.0,0.0,30000.0,20000.0,0.0,,10000.0
Kiribati,KIR,2008,10000.0,0.0,0.0,0.0,0.0,0.0,30000.0,20000.0,0.0,,10000.0
Kiribati,KIR,2009,10000.0,0.0,0.0,0.0,0.0,0.0,30000.0,20000.0,0.0,0.0,10000.0
Kiribati,KIR,2010,10000.0,0.0,0.0,10000.0,0.0,0.0,20000.0,20000.0,0.0,10000.0,0.0
Kiribati,KIR,2011,10000.0,0.0,0.0,10000.0,0.0,0.0,20000.0,20000.0,0.0,10000.0,0.0
Kiribati,KIR,2012,10000.0,0.0,0.0,10000.0,0.0,0.0,20000.0,20000.0,0.0,10000.0,0.0
Kiribati,KIR,2013,10000.0,0.0,0.0,10000.0,0.0,0.0,30000.0,20000.0,0.0,10000.0,0.0
Kiribati,KIR,2014,10000.0,0.0,0.0,10000.0,0.0,0.0,30000.0,20000.0,0.0,10000.0,0.0
Kiribati,KIR,2015,10000.0,0.0,0.0,10000.0,0.0,0.0,20000.0,20000.0,0.0,10000.0,0.0
Kiribati,KIR,2016,10000.0,0.0,0.0,10000.0,0.0,0.0,20000.0,20000.0,0.0,10000.0,0.0
Kiribati,KIR,2017,10000.0,0.0,0.0,10000.0,0.0,0.0,30000.0,20000.0,0.0,10000.0,0.0
Kiribati,KIR,2018,10000.0,0.0,0.0,10000.0,0.0,0.0,30000.0,20000.0,0.0,10000.0,0.0
Kiribati,KIR,2019,10000.0,0.0,0.0,10000.0,0.0,0.0,30000.0,20000.0,0.0,10000.0,0.0
Kiribati,KIR,2020,10000.0,0.0,0.0,10000.0,0.0,0.0,30000.0,20000.0,0.0,10000.0,0.0
Kiribati,KIR,2021,10000.0,0.0,0.0,10000.0,10000.0,0.0,30000.0,20000.0,0.0,10000.0,0.0
Kiribati,KIR,2022,10000.0,0.0,0.0,10000.0,10000.0,0.0,30000.0,20000.0,0.0,10000.0,0.0
Kiribati,KIR,2023,10000.0,0.0,0.0,10000.0,10000.0,0.0,30000.0,20000.0,0.0,10000.0,0.0
Kuwait,KWT,1990,200000.0,-20000.0,540000.0,4540000.0,1000000.0,1260000.0,2930000.0,20520000.0,14190000.0,0.0,1090000.0
Kuwait,KWT,1991,60000.0,-20000.0,490000.0,4430000.0,290000.0,30000.0,1960000.0,4500000.0,2450000.0,0.0,440000.0
Kuwait,KWT,1992,70000.0,-20000.0,730000.0,4620000.0,670000.0,1270000.0,4670000.0,11820000.0,13000000.0,0.0,2240000.0
Kuwait,KWT,1993,140000.0,-20000.0,980000.0,4620000.0,910000.0,1730000.0,4930000.0,15930000.0,24640000.0,0.0,2079999.0
Kuwait,KWT,1994,170000.0,-20000.0,1200000.0,4650000.0,1190000.0,1740000.0,5200000.0,20920000.0,29330000.0,0.0,2770000.0
Kuwait,KWT,1995,210000.0,-20000.0,1240000.0,4480000.0,1690000.0,1910000.0,5500000.0,20450000.0,28280000.0,0.0,3000000.0
Kuwait,KWT,1996,259999.0,-20000.0,1280000.0,4450000.0,1680000.0,1630000.0,5620000.0,20810000.0,28920000.0,0.0,2970000.0
Kuwait,KWT,1997,270000.0,-20000.0,1320000.0,4890000.0,1710000.0,2170000.0,5870000.0,22060000.0,30610000.0,0.0,3350000.0
Kuwait,KWT,1998,280000.0,-20000.0,1360000.0,4410000.0,1440000.0,3410000.0,6020000.0,25820000.0,28200000.0,0.0,3410000.0
Kuwait,KWT,1999,310000.0,-20000.0,1400000.0,4420000.0,1460000.0,3640000.0,6190000.0,30480000.0,25990000.0,0.0,3270000.0
Kuwait,KWT,2000,320000.0,-20000.0,1440000.0,4350000.0,1330000.0,3650000.0,6210000.0,33390000.0,28890000.0,0.0,2630000.0
Kuwait,KWT,2001,250000.0,0.0,1480000.0,3970000.0,1310000.0,3730000.0,6320000.0,37470000.0,27630000.0,0.0,2510000.0
Kuwait,KWT,2002,310000.0,0.0,1520000.0,4410000.0,1590000.0,3600000.0,6710000.0,39550000.0,26770000.0,0.0,3110000.0
Kuwait,KWT,2003,330000.0,0.0,1560000.0,4420000.0,1910000.0,4070000.0,7290000.0,38840000.0,31970000.0,0.0,4530000.0
Kuwait,KWT,2004,300000.0,0.0,1600000.0,4430000.0,2270000.0,4130000.0,7760000.0,42640000.0,33320000.0,0.0,4270000.0
Kuwait,KWT,2005,310000.0,0.0,1650000.0,4490000.0,2150000.0,4520000.0,8400000.0,46490000.0,34900000.0,0.0,4050000.0
Kuwait,KWT,2006,310000.0,0.0,1700000.0,4490000.0,2310000.0,4750000.0,9520000.0,48930000.0,35540000.0,0.0,4350000.0
Kuwait,KWT,2007,320000.0,0.0,1750000.0,5350000.0,2400000.0,4800000.0,9840000.0,50450000.0,33720000.0,0.0,5010000.0
Kuwait,KWT,2008,360000.0,0.0,1800000.0,5930000.0,2710000.0,5640000.0,10830000.0,53280000.0,34050000.0,0.0,5390000.0
Kuwait,KWT,2009,390000.0,0.0,1850000.0,6100000.0,2410000.0,6200000.0,12040000.0,53760000.0,30380000.0,0.0,3670000.0
Kuwait,KWT,2010,350000.0,0.0,1900000.0,6050000.0,2640000.0,5660000.0,12500000.0,53450000.0,30870000.0,0.0,6500000.0
Kuwait,KWT,2011,370000.0,-20000.0,1960000.0,6480000.0,2880000.0,7070000.0,12830000.0,55080000.0,32689998.0,0.0,7310000.0
Kuwait,KWT,2012,390000.0,-20000.0,2020000.0,6620000.0,3030000.0,6770000.0,13190000.0,57270000.0,33850000.0,0.0,5910000.0
Kuwait,KWT,2013,410000.0,-20000.0,2089999.0,6660000.0,3500000.0,6590000.0,13510000.0,57600000.0,35830000.0,0.0,5830000.0
Kuwait,KWT,2014,430000.0,-20000.0,2140000.0,6610000.0,3490000.0,6670000.0,13990000.0,57990000.0,35470000.0,0.0,6180000.0
Kuwait,KWT,2015,460000.0,-20000.0,2190000.0,6690000.0,3870000.0,7370000.0,14440000.0,60390000.0,33290000.0,0.0,6550000.0
Kuwait,KWT,2016,470000.0,0.0,2240000.0,7480000.0,4330000.0,7570000.0,14900000.0,61060000.0,35690000.0,0.0,6210000.0
Kuwait,KWT,2017,500000.0,0.0,2340000.0,7620000.0,4170000.0,7940000.0,15490000.0,59190000.0,29600000.0,0.0,6530000.0
Kuwait,KWT,2018,500000.0,0.0,2460000.0,6880000.0,4260000.0,8050000.0,16320000.0,59980000.0,30230000.0,0.0,6580000.0
Kuwait,KWT,2019,540000.0,0.0,2570000.0,7130000.0,4550000.0,7680000.0,16740000.0,58320000.0,29060000.0,0.0,6550000.0
Kuwait,KWT,2020,540000.0,0.0,2650000.0,7190000.0,4440000.0,7860000.0,13560000.0,57420000.0,25850000.0,0.0,4610000.0
Kuwait,KWT,2021,550000.0,0.0,2720000.0,7550000.0,4630000.0,8130000.0,16219999.0,60830000.0,24660000.0,0.0,4830000.0
Kuwait,KWT,2022,560000.0,0.0,2610000.0,7890000.0,4830000.0,8350000.0,17700000.0,60930000.0,26380000.0,0.0,6020000.0
Kuwait,KWT,2023,560000.0,0.0,2690000.0,7820000.0,4980000.0,8650000.0,17500000.0,68320000.0,25560000.0,0.0,6350000.0
Kyrgyzstan,KGZ,1990,5680000.0,-1020000.0,1570000.0,0.0,120000.0,8500000.0,6170000.0,3920000.0,1260000.0,4410000.0,270000.0
Kyrgyzstan,KGZ,1991,5490000.0,-1020000.0,1760000.0,0.0,120000.0,7610000.0,4760000.0,3930000.0,1160000.0,4310000.0,220000.0
Kyrgyzstan,KGZ,1992,5260000.0,-1020000.0,1590000.0,0.0,580000.0,3410000.0,2770000.0,2710000.0,990000.0,4530000.0,190000.0
Kyrgyzstan,KGZ,1993,4920000.0,-1020000.0,1220000.0,0.0,400000.0,2940000.0,1620000.0,1520000.0,870000.0,3810000.0,50000.0
Kyrgyzstan,KGZ,1994,4460000.0,-1020000.0,780000.0,0.0,290000.0,2670000.0,510000.0,1190000.0,710000.0,2040000.0,40000.0
Kyrgyzstan,KGZ,1995,3650000.0,-1020000.0,830000.0,0.0,240000.0,560000.0,1150000.0,2200000.0,630000.0,580000.0,190000.0
Kyrgyzstan,KGZ,1996,3430000.0,-1020000.0,780000.0,0.0,340000.0,1010000.0,1210000.0,2480000.0,490000.0,870000.0,210000.0
Kyrgyzstan,KGZ,1997,3300000.0,-1010000.0,820000.0,0.0,400000.0,1060000.0,1290000.0,2410000.0,360000.0,680000.0,140000.0
Kyrgyzstan,KGZ,1998,3420000.0,-1010000.0,700000.0,0.0,420000.0,1180000.0,1260000.0,1810000.0,259999.0,1530000.0,160000.0
Kyrgyzstan,KGZ,1999,3490000.0,-1020000.0,760000.0,0.0,290000.0,1160000.0,1160000.0,1740000.0,180000.0,600000.0,120000.0
Kyrgyzstan,KGZ,2000,3560000.0,-1020000.0,750000.0,30000.0,330000.0,840000.0,870000.0,2010000.0,360000.0,730000.0,120000.0
Kyrgyzstan,KGZ,2001,3610000.0,20000.0,740000.0,20000.0,330000.0,620000.0,910000.0,1770000.0,530000.0,460000.0,70000.0
Kyrgyzstan,KGZ,2002,3560000.0,20000.0,740000.0,20000.0,360000.0,1500000.0,800000.0,1620000.0,930000.0,840000.0,110000.0
Kyrgyzstan,KGZ,2003,3710000.0,20000.0,720000.0,20000.0,450000.0,1690000.0,960000.0,1670000.0,1330000.0,960000.0,100000.0
Kyrgyzstan,KGZ,2004,3680000.0,20000.0,890000.0,30000.0,500000.0,1600000.0,1220000.0,1660000.0,1740000.0,730000.0,150000.0
Kyrgyzstan,KGZ,2005,3780000.0,20000.0,760000.0,250000.0,540000.0,740000.0,1120000.0,2079999.0,2140000.0,750000.0,390000.0
Kyrgyzstan,KGZ,2006,3890000.0,20000.0,710000.0,240000.0,620000.0,730000.0,1200000.0,1960000.0,1940000.0,810000.0,870000.0
Kyrgyzstan,KGZ,2007,4000000.0,20000.0,630000.0,259999.0,660000.0,970000.0,1800000.0,1930000.0,1920000.0,1080000.0,740000.0
Kyrgyzstan,KGZ,2008,4139999.0,20000.0,810000.0,240000.0,600000.0,1050000.0,2010000.0,2290000.0,2089999.0,1510000.0,900000.0
Kyrgyzstan,KGZ,2009,4530000.0,20000.0,1630000.0,220000.0,390000.0,430000.0,2330000.0,2130000.0,1380000.0,1490000.0,1030000.0
Kyrgyzstan,KGZ,2010,4630000.0,20000.0,1330000.0,180000.0,540000.0,650000.0,2040000.0,1680000.0,1170000.0,1580000.0,830000.0
Kyrgyzstan,KGZ,2011,4740000.0,-700000.0,170000.0,250000.0,670000.0,570000.0,2850000.0,1770000.0,1050000.0,1890000.0,160000.0
Kyrgyzstan,KGZ,2012,4870000.0,-700000.0,170000.0,270000.0,770000.0,1530000.0,4040000.0,1880000.0,1110000.0,1990000.0,90000.0
Kyrgyzstan,KGZ,2013,5050000.0,-700000.0,180000.0,480000.0,930000.0,740000.0,4040000.0,1640000.0,1190000.0,1970000.0,150000.0
Kyrgyzstan,KGZ,2014,5240000.0,-700000.0,180000.0,1630000.0,1010000.0,1410000.0,3240000.0,2280000.0,920000.0,690000.0,10000.0
Kyrgyzstan,KGZ,2015,5210000.0,-700000.0,180000.0,1880000.0,880000.0,1780000.0,2750000.0,2750000.0,900000.0,610000.0,320000.0
Kyrgyzstan,KGZ,2016,5340000.0,-2010000.0,180000.0,2860000.0,810000.0,830000.0,3370000.0,1830000.0,910000.0,390000.0,320000.0
Kyrgyzstan,KGZ,2017,5430000.0,-2010000.0,190000.0,4730000.0,910000.0,800000.0,1880000.0,1500000.0,1270000.0,40000.0,60000.0
Kyrgyzstan,KGZ,2018,5670000.0,-2010000.0,190000.0,6300000.0,1160000.0,1140000.0,1520000.0,1580000.0,1430000.0,90000.0,20000.0
Kyrgyzstan,KGZ,2019,5820000.0,-2010000.0,200000.0,5080000.0,1180000.0,840000.0,1150000.0,2180000.0,1500000.0,30000.0,30000.0
Kyrgyzstan,KGZ,2020,5950000.0,-2010000.0,200000.0,4190000.0,1160000.0,460000.0,1410000.0,2340000.0,1590000.0,40000.0,0.0
Kyrgyzstan,KGZ,2021,5980000.0,0.0,210000.0,4320000.0,1460000.0,540000.0,1660000.0,2810000.0,1750000.0,30000.0,30000.0
Kyrgyzstan,KGZ,2022,6050000.0,0.0,210000.0,4620000.0,1550000.0,519999.0,1440000.0,2660000.0,2000000.0,20000.0,40000.0
Kyrgyzstan,KGZ,2023,6090000.0,0.0,210000.0,5380000.0,1550000.0,460000.0,1100000.0,2460000.0,2010000.0,10000.0,20000.0
Laos,LAO,1990,6350000.0,10580000.0,380000.0,0.0,0.0,0.0,0.0,0.0,0.0,0.0,0.0
Laos,LAO,1991,6250000.0,10580000.0,350000.0,0.0,0.0,0.0,0.0,0.0,0.0,0.0,0.0
Laos,LAO,1992,6540000.0,10580000.0,330000.0,0.0,10000.0,0.0,0.0,0.0,0.0,0.0,0.0
Laos,LAO,1993,6560000.0,10580000.0,310000.0,0.0,10000.0,0.0,0.0,0.0,0.0,0.0,0.0
Laos,LAO,1994,6940000.0,10580000.0,280000.0,0.0,10000.0,0.0,0.0,0.0,0.0,0.0,0.0
Laos,LAO,1995,6970000.0,10580000.0,259999.0,0.0,10000.0,0.0,0.0,0.0,0.0,0.0,0.0
Laos,LAO,1996,6920000.0,10610000.0,230000.0,0.0,40000.0,0.0,0.0,0.0,0.0,0.0,0.0
Laos,LAO,1997,7170000.0,9970000.0,210000.0,0.0,40000.0,0.0,0.0,0.0,0.0,0.0,0.0
Laos,LAO,1998,6690000.0,12270000.0,190000.0,0.0,40000.0,0.0,0.0,0.0,0.0,0.0,0.0
Laos,LAO,1999,6580000.0,10990000.0,160000.0,0.0,40000.0,0.0,0.0,0.0,0.0,0.0,0.0
Laos,LAO,2000,6930000.0,10040000.0,140000.0,1070000.0,50000.0,90000.0,790000.0,0.0,0.0,0.0,120000.0
Laos,LAO,2001,7190000.0,-62770000.0,140000.0,1100000.0,50000.0,90000.0,880000.0,0.0,0.0,0.0,120000.0
Laos,LAO,2002,7360000.0,-61790000.0,150000.0,1120000.0,120000.0,120000.0,910000.0,0.0,0.0,0.0,120000.0
Laos,LAO,2003,7530000.0,-61440000.0,150000.0,1150000.0,129999.0,120000.0,940000.0,0.0,0.0,0.0,120000.0
Laos,LAO,2004,7900000.0,-57030000.0,150000.0,1180000.0,129999.0,150000.0,980000.0,0.0,0.0,0.0,120000.0
Laos,LAO,2005,7760000.0,-59930000.0,160000.0,1210000.0,140000.0,150000.0,1020000.0,0.0,0.0,0.0,120000.0
Laos,LAO,2006,7770000.0,-61580000.0,160000.0,1230000.0,210000.0,420000.0,1090000.0,0.0,0.0,0.0,120000.0
Laos,LAO,2007,8149999.0,-56340000.0,160000.0,1330000.0,220000.0,410000.0,1200000.0,0.0,0.0,0.0,120000.0
Laos,LAO,2008,8279999.0,-62010000.0,170000.0,1430000.0,230000.0,550000.0,1370000.0,0.0,10000.0,0.0,120000.0
Laos,LAO,2009,8650000.0,-61460000.0,180000.0,1390000.0,470000.0,650000.0,1540000.0,0.0,10000.0,0.0,120000.0
Laos,LAO,2010,9230000.0,-58180000.0,190000.0,1350000.0,550000.0,900000.0,1550000.0,0.0,10000.0,0.0,120000.0
Laos,LAO,2011,8850000.0,17510000.0,190000.0,1320000.0,590000.0,1039999.0,1540000.0,0.0,10000.0,0.0,120000.0
Laos,LAO,2012,9750000.0,18560000.0,200000.0,1290000.0,680000.0,1020000.0,1720000.0,0.0,10000.0,0.0,120000.0
Laos,LAO,2013,9740000.0,18770000.0,210000.0,1250000.0,940000.0,1420000.0,1960000.0,0.0,10000.0,0.0,120000.0
Laos,LAO,2014,9950000.0,18620000.0,210000.0,1270000.0,960000.0,1270000.0,2280000.0,0.0,10000.0,0.0,120000.0
Laos,LAO,2015,10270000.0,18440000.0,210000.0,1280000.0,1310000.0,1640000.0,2390000.0,3710000.0,20000.0,0.0,120000.0
Laos,LAO,2016,10720000.0,25560000.0,220000.0,1280000.0,1450000.0,530000.0,3040000.0,10870000.0,40000.0,0.0,120000.0
Laos,LAO,2017,10550000.0,23500000.0,220000.0,1300000.0,1670000.0,560000.0,3090000.0,13920000.0,40000.0,0.0,110000.0
Laos,LAO,2018,10360000.0,23350000.0,220000.0,1280000.0,2010000.0,650000.0,3180000.0,14040000.0,50000.0,0.0,170000.0
Laos,LAO,2019,10790000.0,24310000.0,220000.0,1300000.0,2180000.0,700000.0,2510000.0,14000000.0,40000.0,0.0,170000.0
Laos,LAO,2020,11390000.0,26700000.0,230000.0,1310000.0,2560000.0,660000.0,2490000.0,13730000.0,50000.0,0.0,40000.0
Laos,LAO,2021,11110000.0,10910000.0,230000.0,1290000.0,5720000.0,950000.0,2540000.0,14400000.0,60000.0,0.0,10000.0
Laos,LAO,2022,11150000.0,10480000.0,240000.0,1280000.0,5120000.0,1520000.0,2600000.0,14760000.0,60000.0,0.0,30000.0
Laos,LAO,2023,12310000.0,15540000.0,240000.0,1280000.0,5130000.0,1700000.0,2690000.0,14760000.0,50000.0,0.0,90000.0
Latvia,LVA,1990,5570000.0,-10640000.0,780000.0,2840000.0,60000.0,2570000.0,3180000.0,9850000.0,280000.0,790000.0,1730000.0
Latvia,LVA,1991,5380000.0,-10640000.0,810000.0,3270000.0,60000.0,1850000.0,2910000.0,8840000.0,270000.0,840000.0,750000.0
Latvia,LVA,1992,6100000.0,-10670000.0,760000.0,2420000.0,200000.0,1590000.0,2550000.0,7080000.0,240000.0,640000.0,660000.0
Latvia,LVA,1993,5190000.0,-10670000.0,680000.0,2360000.0,50000.0,1580000.0,2360000.0,5320000.0,230000.0,580000.0,760000.0
Latvia,LVA,1994,3690000.0,-10670000.0,660000.0,1970000.0,110000.0,1440000.0,2180000.0,4470000.0,230000.0,540000.0,970000.0
Latvia,LVA,1995,3170000.0,-10510000.0,670000.0,1380000.0,129999.0,1370000.0,2079999.0,4100000.0,220000.0,410000.0,560000.0
Latvia,LVA,1996,3130000.0,-10500000.0,680000.0,1370000.0,160000.0,1250000.0,2000000.0,4330000.0,210000.0,410000.0,410000.0
Latvia,LVA,1997,3030000.0,-10460000.0,700000.0,1220000.0,170000.0,1420000.0,2040000.0,3820000.0,200000.0,350000.0,330000.0
Latvia,LVA,1998,2990000.0,-10420000.0,710000.0,1120000.0,170000.0,1320000.0,2010000.0,3690000.0,190000.0,310000.0,140000.0
Latvia,LVA,1999,2860000.0,-10260000.0,720000.0,1090000.0,220000.0,1190000.0,1980000.0,3260000.0,180000.0,320000.0,120000.0
Latvia,LVA,2000,2660000.0,-10030000.0,740000.0,970000.0,170000.0,1039999.0,2190000.0,2720000.0,170000.0,320000.0,110000.0
Latvia,LVA,2001,2660000.0,-11210000.0,760000.0,1130000.0,200000.0,1010000.0,2590000.0,2620000.0,160000.0,340000.0,700000.0
Latvia,LVA,2002,2710000.0,-11200000.0,730000.0,1130000.0,220000.0,1050000.0,2670000.0,2490000.0,170000.0,320000.0,740000.0
Latvia,LVA,2003,2770000.0,-11160000.0,700000.0,1180000.0,240000.0,1100000.0,2820000.0,2450000.0,129999.0,370000.0,720000.0
Latvia,LVA,2004,2700000.0,-11110000.0,660000.0,1240000.0,250000.0,1120000.0,2960000.0,2240000.0,129999.0,380000.0,790000.0
Latvia,LVA,2005,2730000.0,-11100000.0,660000.0,1240000.0,259999.0,1130000.0,3090000.0,2210000.0,150000.0,380000.0,1010000.0
Latvia,LVA,2006,2770000.0,-11070000.0,650000.0,1280000.0,320000.0,1190000.0,3410000.0,2230000.0,110000.0,390000.0,830000.0
Latvia,LVA,2007,2800000.0,-11040000.0,650000.0,1280000.0,350000.0,1210000.0,3850000.0,2110000.0,110000.0,390000.0,810000.0
Latvia,LVA,2008,2880000.0,-10990000.0,690000.0,1230000.0,370000.0,1110000.0,3640000.0,2060000.0,110000.0,340000.0,950000.0
Latvia,LVA,2009,2820000.0,-10970000.0,690000.0,1250000.0,390000.0,890000.0,3200000.0,1990000.0,110000.0,330000.0,1180000.0
Latvia,LVA,2010,2830000.0,-10930000.0,680000.0,1290000.0,670000.0,1160000.0,3270000.0,2380000.0,100000.0,380000.0,1160000.0
Latvia,LVA,2011,2860000.0,-2780000.0,650000.0,1200000.0,800000.0,1060000.0,2910000.0,2190000.0,70000.0,390000.0,1039999.0
Latvia,LVA,2012,2920000.0,-2770000.0,630000.0,1170000.0,810000.0,1100000.0,2810000.0,1980000.0,90000.0,370000.0,1120000.0
Latvia,LVA,2013,2970000.0,-2770000.0,620000.0,1100000.0,790000.0,920000.0,2840000.0,2089999.0,110000.0,370000.0,1140000.0
Latvia,LVA,2014,3030000.0,-2820000.0,610000.0,1110000.0,820000.0,880000.0,2970000.0,1800000.0,150000.0,370000.0,1070000.0
Latvia,LVA,2015,3120000.0,-2820000.0,550000.0,1030000.0,750000.0,790000.0,3140000.0,1870000.0,120000.0,380000.0,1130000.0
Latvia,LVA,2016,3090000.0,-1920000.0,550000.0,1020000.0,640000.0,670000.0,3160000.0,1890000.0,129999.0,410000.0,1370000.0
Latvia,LVA,2017,3050000.0,-1930000.0,510000.0,1060000.0,730000.0,650000.0,3320000.0,1590000.0,170000.0,440000.0,1250000.0
Latvia,LVA,2018,2890000.0,-1910000.0,510000.0,1090000.0,840000.0,790000.0,3320000.0,1980000.0,100000.0,450000.0,580000.0
Latvia,LVA,2019,2980000.0,-1920000.0,510000.0,1020000.0,840000.0,710000.0,3300000.0,1860000.0,110000.0,490000.0,1390000.0
Latvia,LVA,2020,3060000.0,-1910000.0,510000.0,1000000.0,820000.0,720000.0,3110000.0,1400000.0,110000.0,500000.0,830000.0
Latvia,LVA,2021,3020000.0,6590000.0,500000.0,1080000.0,820000.0,700000.0,3200000.0,1470000.0,110000.0,490000.0,890000.0
Latvia,LVA,2022,3000000.0,6590000.0,490000.0,1030000.0,830000.0,640000.0,3120000.0,1020000.0,80000.0,510000.0,670000.0
Latvia,LVA,2023,2880000.0,6590000.0,500000.0,1010000.0,840000.0,690000.0,3130000.0,1050000.0,80000.0,480000.0,519999.0
Lebanon,LBN,1990,450000.0,-80000.0,390000.0,620000.0,140000.0,330000.0,1920000.0,2800000.0,10000.0,0.0,160000.0
Lebanon,LBN,1991,480000.0,-80000.0,390000.0,990000.0,129999.0,560000.0,2410000.0,3180000.0,10000.0,0.0,270000.0
Lebanon,LBN,1992,490000.0,-80000.0,700000.0,800000.0,170000.0,340000.0,3340000.0,2620000.0,10000.0,0.0,380000.0
Lebanon,LBN,1993,519999.0,-80000.0,1000000.0,2690000.0,240000.0,600000.0,3890000.0,3190000.0,20000.0,0.0,390000.0
Lebanon,LBN,1994,480000.0,-80000.0,1280000.0,3160000.0,210000.0,1010000.0,3660000.0,3530000.0,20000.0,0.0,470000.0
Lebanon,LBN,1995,550000.0,-80000.0,1440000.0,3770000.0,530000.0,1400000.0,4320000.0,3620000.0,30000.0,0.0,670000.0
Lebanon,LBN,1996,560000.0,-80000.0,1610000.0,3090000.0,850000.0,1080000.0,4470000.0,4980000.0,30000.0,0.0,340000.0
Lebanon,LBN,1997,570000.0,-80000.0,1770000.0,3940000.0,930000.0,1380000.0,4310000.0,5940000.0,30000.0,0.0,350000.0
Lebanon,LBN,1998,590000.0,-80000.0,1940000.0,1600000.0,1440000.0,990000.0,4600000.0,8010000.0,30000.0,0.0,340000.0
Lebanon,LBN,1999,590000.0,-80000.0,2110000.0,1980000.0,1450000.0,1490000.0,4390000.0,8130000.0,30000.0,0.0,410000.0
Lebanon,LBN,2000,590000.0,-80000.0,2270000.0,1760000.0,1770000.0,1200000.0,4130000.0,7220000.0,30000.0,0.0,400000.0
Lebanon,LBN,2001,620000.0,-10000.0,2390000.0,2240000.0,1870000.0,1730000.0,3860000.0,7650000.0,30000.0,0.0,410000.0
Lebanon,LBN,2002,580000.0,-10000.0,2510000.0,1890000.0,1900000.0,1120000.0,3870000.0,8540000.0,30000.0,0.0,410000.0
Lebanon,LBN,2003,610000.0,-10000.0,2630000.0,1170000.0,2580000.0,1530000.0,4130000.0,8560000.0,30000.0,0.0,400000.0
Lebanon,LBN,2004,620000.0,-10000.0,2750000.0,2089999.0,2930000.0,1840000.0,4139999.0,7470000.0,30000.0,0.0,410000.0
Lebanon,LBN,2005,570000.0,-10000.0,2870000.0,1450000.0,3110000.0,1820000.0,4170000.0,7370000.0,30000.0,0.0,470000.0
Lebanon,LBN,2006,550000.0,-10000.0,2990000.0,1450000.0,2440000.0,790000.0,4020000.0,8250000.0,30000.0,0.0,330000.0
Lebanon,LBN,2007,570000.0,-10000.0,3110000.0,1300000.0,2760000.0,530000.0,3160000.0,8060000.0,20000.0,0.0,420000.0
Lebanon,LBN,2008,570000.0,-10000.0,3230000.0,1500000.0,2880000.0,950000.0,4590000.0,9630000.0,30000.0,0.0,540000.0
Lebanon,LBN,2009,600000.0,-10000.0,3350000.0,3290000.0,3170000.0,1140000.0,5280000.0,9980000.0,40000.0,0.0,560000.0
Lebanon,LBN,2010,590000.0,-10000.0,3460000.0,1310000.0,3260000.0,820000.0,5210000.0,11260000.0,60000.0,0.0,710000.0
Lebanon,LBN,2011,730000.0,-10000.0,3580000.0,820000.0,3300000.0,1160000.0,5220000.0,11700000.0,30000.0,0.0,720000.0
Lebanon,LBN,2012,770000.0,-10000.0,3700000.0,830000.0,3140000.0,1130000.0,8340000.0,11150000.0,40000.0,10000.0,670000.0
Lebanon,LBN,2013,750000.0,-10000.0,2370000.0,900000.0,3320000.0,990000.0,6910000.0,12240000.0,40000.0,0.0,830000.0
Lebanon,LBN,2014,770000.0,-10000.0,2500000.0,780000.0,3420000.0,1190000.0,7330000.0,13530000.0,40000.0,70000.0,740000.0
Lebanon,LBN,2015,760000.0,-10000.0,2590000.0,840000.0,3240000.0,1200000.0,8580000.0,14290000.0,40000.0,100000.0,660000.0
Lebanon,LBN,2016,780000.0,200000.0,2650000.0,840000.0,3240000.0,1090000.0,9110000.0,14690000.0,40000.0,140000.0,790000.0
Lebanon,LBN,2017,800000.0,200000.0,2710000.0,830000.0,3300000.0,1160000.0,9580000.0,15690000.0,50000.0,80000.0,870000.0
Lebanon,LBN,2018,780000.0,200000.0,2740000.0,810000.0,3210000.0,1150000.0,8350000.0,15360000.0,50000.0,80000.0,850000.0
Lebanon,LBN,2019,790000.0,200000.0,2770000.0,780000.0,2660000.0,870000.0,8660000.0,15520000.0,40000.0,70000.0,870000.0
Lebanon,LBN,2020,770000.0,200000.0,2800000.0,820000.0,2230000.0,540000.0,7470000.0,12340000.0,40000.0,100000.0,310000.0
Lebanon,LBN,2021,720000.0,-10000.0,2830000.0,750000.0,2240000.0,660000.0,7420000.0,7630000.0,30000.0,0.0,420000.0
Lebanon,LBN,2022,720000.0,-10000.0,2850000.0,680000.0,2450000.0,730000.0,6780000.0,1960000.0,30000.0,10000.0,730000.0
Lebanon,LBN,2023,760000.0,-10000.0,2860000.0,1010000.0,2520000.0,770000.0,6910000.0,3400000.0,30000.0,70000.0,610000.0
Lesotho,LSO,1990,1450000.0,10000.0,160000.0,90000.0,0.0,1060000.0,250000.0,,0.0,,0.0
Lesotho,LSO,1991,1440000.0,10000.0,160000.0,90000.0,0.0,1110000.0,250000.0,,0.0,,0.0
Lesotho,LSO,1992,1600000.0,10000.0,160000.0,90000.0,0.0,1160000.0,250000.0,,0.0,,0.0
Lesotho,LSO,1993,1560000.0,10000.0,160000.0,100000.0,0.0,1190000.0,250000.0,,0.0,,0.0
Lesotho,LSO,1994,1510000.0,10000.0,200000.0,100000.0,0.0,1230000.0,259999.0,,0.0,,0.0
Lesotho,LSO,1995,1440000.0,10000.0,170000.0,100000.0,0.0,1260000.0,259999.0,,0.0,,0.0
Lesotho,LSO,1996,1420000.0,0.0,170000.0,100000.0,0.0,1280000.0,259999.0,,0.0,,0.0
Lesotho,LSO,1997,1500000.0,10000.0,170000.0,110000.0,0.0,1310000.0,259999.0,,0.0,,0.0
Lesotho,LSO,1998,1280000.0,80000.0,170000.0,110000.0,0.0,1330000.0,270000.0,,0.0,,0.0
Lesotho,LSO,1999,1810000.0,10000.0,180000.0,110000.0,0.0,1350000.0,270000.0,,0.0,,0.0
Lesotho,LSO,2000,1730000.0,0.0,180000.0,110000.0,0.0,1360000.0,270000.0,,0.0,,0.0
Lesotho,LSO,2001,1710000.0,0.0,180000.0,110000.0,10000.0,1380000.0,270000.0,,0.0,,0.0
Lesotho,LSO,2002,1510000.0,0.0,180000.0,120000.0,10000.0,1410000.0,280000.0,,0.0,,0.0
Lesotho,LSO,2003,1560000.0,0.0,180000.0,120000.0,10000.0,1430000.0,280000.0,,0.0,,0.0
Lesotho,LSO,2004,1470000.0,0.0,180000.0,129999.0,10000.0,1460000.0,280000.0,,0.0,,0.0
Lesotho,LSO,2005,1630000.0,0.0,180000.0,100000.0,10000.0,1480000.0,320000.0,,0.0,,0.0
Lesotho,LSO,2006,1560000.0,0.0,180000.0,110000.0,10000.0,1510000.0,310000.0,,0.0,,0.0
Lesotho,LSO,2007,1620000.0,0.0,180000.0,110000.0,20000.0,1530000.0,320000.0,,0.0,,0.0
Lesotho,LSO,2008,1530000.0,0.0,180000.0,90000.0,20000.0,1560000.0,350000.0,,0.0,,0.0
Lesotho,LSO,2009,1550000.0,0.0,180000.0,129999.0,20000.0,1590000.0,390000.0,,0.0,,0.0
Lesotho,LSO,2010,1520000.0,0.0,180000.0,120000.0,30000.0,1640000.0,400000.0,,0.0,,0.0
Lesotho,LSO,2011,1560000.0,0.0,180000.0,120000.0,30000.0,2360000.0,410000.0,,0.0,,0.0
Lesotho,LSO,2012,1550000.0,0.0,180000.0,110000.0,30000.0,2370000.0,440000.0,,0.0,,0.0
Lesotho,LSO,2013,1450000.0,0.0,180000.0,110000.0,30000.0,1680000.0,420000.0,,0.0,,0.0
Lesotho,LSO,2014,1420000.0,0.0,180000.0,100000.0,30000.0,1820000.0,430000.0,,0.0,,0.0
Lesotho,LSO,2015,1380000.0,0.0,190000.0,100000.0,30000.0,1580000.0,470000.0,,0.0,,0.0
Lesotho,LSO,2016,1350000.0,0.0,190000.0,110000.0,30000.0,1520000.0,500000.0,0.0,0.0,,0.0
Lesotho,LSO,2017,1490000.0,0.0,190000.0,120000.0,30000.0,1780000.0,500000.0,0.0,0.0,,0.0
Lesotho,LSO,2018,1370000.0,0.0,190000.0,120000.0,40000.0,1630000.0,519999.0,0.0,0.0,,0.0
Lesotho,LSO,2019,1180000.0,0.0,190000.0,120000.0,40000.0,1650000.0,530000.0,0.0,0.0,,0.0
Lesotho,LSO,2020,890000.0,0.0,200000.0,160000.0,40000.0,1510000.0,420000.0,0.0,0.0,,0.0
Lesotho,LSO,2021,980000.0,0.0,200000.0,150000.0,50000.0,2620000.0,470000.0,0.0,0.0,,0.0
Lesotho,LSO,2022,1750000.0,0.0,200000.0,340000.0,50000.0,1820000.0,500000.0,0.0,0.0,,0.0
Lesotho,LSO,2023,1220000.0,0.0,200000.0,140000.0,50000.0,1940000.0,530000.0,0.0,0.0,,0.0
Liberia,LBR,1990,330000.0,230000.0,30000.0,20000.0,20000.0,,110000.0,250000.0,0.0,60000.0,80000.0
Liberia,LBR,1991,290000.0,230000.0,30000.0,20000.0,0.0,,80000.0,210000.0,0.0,60000.0,50000.0
Liberia,LBR,1992,290000.0,230000.0,40000.0,20000.0,10000.0,,90000.0,230000.0,0.0,60000.0,50000.0
Liberia,LBR,1993,259999.0,230000.0,50000.0,20000.0,10000.0,,100000.0,230000.0,0.0,70000.0,50000.0
Liberia,LBR,1994,250000.0,230000.0,50000.0,20000.0,0.0,,100000.0,230000.0,0.0,70000.0,50000.0
Liberia,LBR,1995,250000.0,230000.0,60000.0,20000.0,10000.0,,100000.0,230000.0,0.0,70000.0,50000.0
Liberia,LBR,1996,240000.0,140000.0,60000.0,10000.0,10000.0,,110000.0,230000.0,0.0,80000.0,50000.0
Liberia,LBR,1997,270000.0,120000.0,60000.0,10000.0,10000.0,,110000.0,240000.0,0.0,80000.0,50000.0
Liberia,LBR,1998,290000.0,150000.0,70000.0,10000.0,10000.0,,120000.0,250000.0,0.0,90000.0,40000.0
Liberia,LBR,1999,280000.0,140000.0,70000.0,10000.0,10000.0,,120000.0,160000.0,0.0,90000.0,50000.0
Liberia,LBR,2000,280000.0,150000.0,80000.0,10000.0,30000.0,,120000.0,160000.0,0.0,90000.0,40000.0
Liberia,LBR,2001,280000.0,22000000.0,80000.0,10000.0,30000.0,,190000.0,170000.0,0.0,30000.0,40000.0
Liberia,LBR,2002,280000.0,22000000.0,80000.0,0.0,30000.0,,230000.0,170000.0,0.0,30000.0,40000.0
Liberia,LBR,2003,300000.0,22090000.0,80000.0,0.0,20000.0,,259999.0,170000.0,0.0,40000.0,40000.0
Liberia,LBR,2004,300000.0,22050000.0,90000.0,0.0,60000.0,,310000.0,160000.0,0.0,30000.0,40000.0
Liberia,LBR,2005,290000.0,22010000.0,90000.0,0.0,70000.0,60000.0,340000.0,170000.0,0.0,40000.0,40000.0
Liberia,LBR,2006,330000.0,22250000.0,90000.0,0.0,80000.0,40000.0,370000.0,170000.0,0.0,50000.0,40000.0
Liberia,LBR,2007,350000.0,22040000.0,100000.0,0.0,80000.0,30000.0,330000.0,210000.0,0.0,10000.0,40000.0
Liberia,LBR,2008,380000.0,22090000.0,100000.0,0.0,60000.0,20000.0,270000.0,210000.0,0.0,10000.0,40000.0
Liberia,LBR,2009,640000.0,22830000.0,100000.0,,50000.0,10000.0,290000.0,200000.0,0.0,10000.0,40000.0
Liberia,LBR,2010,460000.0,22060000.0,110000.0,,50000.0,40000.0,430000.0,210000.0,0.0,20000.0,50000.0
Liberia,LBR,2011,460000.0,65850000.0,110000.0,,60000.0,60000.0,500000.0,230000.0,0.0,20000.0,50000.0
Liberia,LBR,2012,480000.0,65809996.0,110000.0,,70000.0,90000.0,540000.0,240000.0,0.0,20000.0,50000.0
Liberia,LBR,2013,460000.0,65839996.0,120000.0,,100000.0,50000.0,540000.0,230000.0,0.0,20000.0,50000.0
Liberia,LBR,2014,530000.0,66180000.0,120000.0,0.0,140000.0,20000.0,370000.0,230000.0,0.0,10000.0,50000.0
Liberia,LBR,2015,640000.0,66850000.0,120000.0,0.0,150000.0,20000.0,340000.0,240000.0,0.0,10000.0,30000.0
Liberia,LBR,2016,510000.0,57280000.0,129999.0,0.0,129999.0,20000.0,310000.0,230000.0,40000.0,10000.0,30000.0
Liberia,LBR,2017,490000.0,57270000.0,129999.0,0.0,150000.0,10000.0,280000.0,270000.0,0.0,10000.0,30000.0
Liberia,LBR,2018,480000.0,57230000.0,129999.0,0.0,170000.0,20000.0,250000.0,210000.0,0.0,10000.0,30000.0
Liberia,LBR,2019,540000.0,57480000.0,140000.0,0.0,180000.0,20000.0,570000.0,220000.0,0.0,10000.0,30000.0
Liberia,LBR,2020,490000.0,57250000.0,140000.0,0.0,210000.0,10000.0,360000.0,240000.0,0.0,20000.0,30000.0
Liberia,LBR,2021,480000.0,22970000.0,140000.0,10000.0,259999.0,20000.0,360000.0,190000.0,0.0,20000.0,30000.0
Liberia,LBR,2022,490000.0,22990000.0,150000.0,10000.0,240000.0,20000.0,470000.0,190000.0,0.0,20000.0,30000.0
Liberia,LBR,2023,490000.0,23030000.0,150000.0,10000.0,240000.0,20000.0,410000.0,190000.0,0.0,20000.0,30000.0
Libya,LBY,1990,2320000.0,40000.0,550000.0,2910000.0,1470000.0,2089999.0,6340000.0,11690000.0,36300000.0,0.0,890000.0
Libya,LBY,1991,2280000.0,40000.0,560000.0,3030000.0,1340000.0,2210000.0,6390000.0,11880000.0,38160000.0,0.0,930000.0
Libya,LBY,1992,2160000.0,40000.0,680000.0,3190000.0,1540000.0,2400000.0,6480000.0,11800000.0,29600000.0,0.0,940000.0
Libya,LBY,1993,2120000.0,40000.0,790000.0,3310000.0,1510000.0,2030000.0,7620000.0,12010000.0,37920000.0,0.0,1030000.0
Libya,LBY,1994,2040000.0,40000.0,900000.0,3510000.0,2230000.0,2370000.0,9050000.0,14370000.0,47630000.0,0.0,1170000.0
Libya,LBY,1995,2130000.0,40000.0,1000000.0,3680000.0,2040000.0,2740000.0,9750000.0,17100000.0,51810000.0,0.0,1210000.0
Libya,LBY,1996,2150000.0,40000.0,1100000.0,3650000.0,2140000.0,2710000.0,10770000.0,17280000.0,53170000.0,0.0,1900000.0
Libya,LBY,1997,2040000.0,40000.0,1190000.0,3600000.0,1710000.0,3090000.0,10340000.0,17120000.0,45120000.0,0.0,1830000.0
Libya,LBY,1998,2200000.0,40000.0,1290000.0,3610000.0,1930000.0,2980000.0,10190000.0,18020000.0,42470000.0,0.0,1910000.0
Libya,LBY,1999,2140000.0,40000.0,1370000.0,3780000.0,1880000.0,3030000.0,11210000.0,18770000.0,39460000.0,0.0,1910000.0
Libya,LBY,2000,1840000.0,40000.0,1460000.0,3850000.0,1920000.0,3170000.0,11400000.0,19380000.0,41850000.0,0.0,2230000.0
Libya,LBY,2001,1870000.0,30000.0,1550000.0,3920000.0,1920000.0,3300000.0,11770000.0,19580000.0,37550000.0,0.0,1540000.0
Libya,LBY,2002,1980000.0,30000.0,1630000.0,4100000.0,2130000.0,3160000.0,12000000.0,20730000.0,36010000.0,0.0,1550000.0
Libya,LBY,2003,2089999.0,30000.0,1720000.0,4260000.0,2310000.0,3180000.0,12180000.0,22340000.0,41620000.0,0.0,1640000.0
Libya,LBY,2004,2290000.0,30000.0,1800000.0,4100000.0,2340000.0,3750000.0,12700000.0,21460000.0,42060000.0,0.0,1790000.0
Libya,LBY,2005,2430000.0,30000.0,1890000.0,4220000.0,2390000.0,3840000.0,13190000.0,24810000.0,45380000.0,0.0,1660000.0
Libya,LBY,2006,2640000.0,30000.0,1970000.0,3560000.0,3030000.0,2740000.0,13290000.0,26270000.0,45240000.0,0.0,2089999.0
Libya,LBY,2007,2770000.0,30000.0,2050000.0,3530000.0,3060000.0,2770000.0,12100000.0,24930000.0,43130000.0,0.0,2050000.0
Libya,LBY,2008,2780000.0,30000.0,2140000.0,3680000.0,3150000.0,3660000.0,13820000.0,25670000.0,43960000.0,0.0,1980000.0
Libya,LBY,2009,2870000.0,30000.0,2220000.0,4120000.0,3600000.0,4230000.0,16010000.0,26210000.0,39460000.0,0.0,1770000.0
Libya,LBY,2010,2980000.0,30000.0,2300000.0,4310000.0,4030000.0,3500000.0,18700000.0,26710000.0,42300000.0,0.0,1690000.0
Libya,LBY,2011,2990000.0,40000.0,2330000.0,3590000.0,2370000.0,2510000.0,13970000.0,19230000.0,18330000.0,0.0,390000.0
Libya,LBY,2012,3000000.0,40000.0,2360000.0,4510000.0,1850000.0,2540000.0,17330000.0,26170000.0,50280000.0,0.0,1670000.0
Libya,LBY,2013,3020000.0,40000.0,2410000.0,4280000.0,2230000.0,4690000.0,18170000.0,27880000.0,35150000.0,0.0,1160000.0
Libya,LBY,2014,2930000.0,40000.0,2470000.0,4050000.0,4139999.0,4860000.0,20070000.0,25760000.0,23460000.0,0.0,610000.0
Libya,LBY,2015,2900000.0,40000.0,2520000.0,3610000.0,3560000.0,2970000.0,15570000.0,26040000.0,21320000.0,0.0,420000.0
Libya,LBY,2016,2910000.0,40000.0,2570000.0,3640000.0,3250000.0,2950000.0,18770000.0,21080000.0,19820000.0,0.0,440000.0
Libya,LBY,2017,2970000.0,40000.0,2620000.0,3690000.0,3450000.0,2780000.0,17700000.0,23070000.0,34170000.0,0.0,870000.0
Libya,LBY,2018,3020000.0,40000.0,2680000.0,3640000.0,3480000.0,2770000.0,17250000.0,24090000.0,39860000.0,0.0,1030000.0
Libya,LBY,2019,3090000.0,40000.0,2730000.0,3550000.0,3170000.0,2410000.0,17550000.0,24260000.0,42820000.0,0.0,1070000.0
Libya,LBY,2020,2990000.0,40000.0,2780000.0,3400000.0,2980000.0,1430000.0,17170000.0,19630000.0,18840000.0,0.0,360000.0
Libya,LBY,2021,2970000.0,30000.0,2840000.0,3460000.0,3090000.0,2510000.0,17360000.0,23990000.0,47180000.0,0.0,1090000.0
Libya,LBY,2022,3010000.0,30000.0,2890000.0,3520000.0,3200000.0,2620000.0,18080000.0,24130000.0,42410000.0,0.0,1000000.0
Libya,LBY,2023,3050000.0,30000.0,2940000.0,3540000.0,3320000.0,3350000.0,18600000.0,23420000.0,50710000.0,0.0,1210000.0
Liechtenstein,LIE,1990,0.0,10000.0,0.0,,0.0,,,,0.0,,
Liechtenstein,LIE,1991,0.0,10000.0,0.0,,0.0,,,,0.0,,
Liechtenstein,LIE,1992,0.0,10000.0,0.0,,0.0,,,,0.0,,
Liechtenstein,LIE,1993,0.0,10000.0,0.0,,0.0,,,,0.0,,
Liechtenstein,LIE,1994,0.0,10000.0,0.0,,0.0,,,,0.0,,
Liechtenstein,LIE,1995,0.0,10000.0,0.0,,0.0,,,,0.0,,
Liechtenstein,LIE,1996,0.0,10000.0,0.0,,0.0,,,,0.0,,
Liechtenstein,LIE,1997,0.0,10000.0,0.0,,0.0,,,,0.0,,
Liechtenstein,LIE,1998,0.0,10000.0,0.0,,0.0,,,,0.0,,
Liechtenstein,LIE,1999,0.0,10000.0,0.0,,0.0,,,,0.0,,
Liechtenstein,LIE,2000,0.0,10000.0,0.0,,0.0,,,,0.0,,
Liechtenstein,LIE,2001,0.0,20000.0,0.0,,0.0,,,,0.0,,
Liechtenstein,LIE,2002,0.0,20000.0,0.0,,10000.0,,,,0.0,,
Liechtenstein,LIE,2003,0.0,20000.0,0.0,,10000.0,,,,0.0,,
Liechtenstein,LIE,2004,0.0,20000.0,0.0,,10000.0,,,,0.0,,
Liechtenstein,LIE,2005,0.0,20000.0,0.0,,10000.0,,,,0.0,,
Liechtenstein,LIE,2006,0.0,20000.0,0.0,,10000.0,,,,0.0,,
Liechtenstein,LIE,2007,0.0,20000.0,0.0,,10000.0,,,,0.0,,
Liechtenstein,LIE,2008,0.0,20000.0,0.0,,10000.0,,,,0.0,,
Liechtenstein,LIE,2009,0.0,20000.0,0.0,,10000.0,,,,0.0,,
Liechtenstein,LIE,2010,0.0,20000.0,0.0,,10000.0,,,,0.0,,
Liechtenstein,LIE,2011,0.0,0.0,0.0,,10000.0,,,,0.0,,
Liechtenstein,LIE,2012,0.0,0.0,0.0,,10000.0,,,,0.0,,
Liechtenstein,LIE,2013,0.0,0.0,0.0,,10000.0,,,,0.0,,
Liechtenstein,LIE,2014,0.0,0.0,0.0,,10000.0,,,,0.0,,
Liechtenstein,LIE,2015,0.0,0.0,0.0,,10000.0,,,,0.0,,
Liechtenstein,LIE,2016,0.0,0.0,0.0,,10000.0,,,,0.0,,
Liechtenstein,LIE,2017,0.0,0.0,0.0,,10000.0,,,,0.0,,
Liechtenstein,LIE,2018,0.0,0.0,0.0,,10000.0,,,,0.0,,
Liechtenstein,LIE,2019,0.0,0.0,0.0,,10000.0,,,,0.0,,
Liechtenstein,LIE,2020,0.0,0.0,0.0,,10000.0,,,,0.0,,
Liechtenstein,LIE,2021,0.0,-10000.0,0.0,,10000.0,,,,0.0,,
Liechtenstein,LIE,2022,0.0,-10000.0,0.0,,10000.0,,,,0.0,,
Liechtenstein,LIE,2023,0.0,-10000.0,0.0,,10000.0,,,,0.0,,
Lithuania,LTU,1990,10300000.0,5750000.0,1830000.0,5680000.0,10000.0,6140000.0,5680000.0,13670000.0,300000.0,1520000.0,710000.0
Lithuania,LTU,1991,9960000.0,5750000.0,1860000.0,6380000.0,10000.0,6200000.0,6270000.0,14730000.0,290000.0,1220000.0,990000.0
Lithuania,LTU,1992,10100000.0,5740000.0,1880000.0,2960000.0,1060000.0,3040000.0,4139999.0,8660000.0,280000.0,740000.0,1130000.0
Lithuania,LTU,1993,8319999.0,5740000.0,1900000.0,2560000.0,620000.0,1990000.0,3170000.0,7350000.0,259999.0,650000.0,630000.0
Lithuania,LTU,1994,7390000.0,5740000.0,1910000.0,2430000.0,660000.0,2040000.0,2500000.0,7280000.0,259999.0,500000.0,610000.0
Lithuania,LTU,1995,6770000.0,5750000.0,1900000.0,2120000.0,650000.0,1740000.0,3040000.0,6420000.0,259999.0,430000.0,570000.0
Lithuania,LTU,1996,6790000.0,5720000.0,1910000.0,1830000.0,710000.0,1530000.0,3340000.0,7120000.0,230000.0,430000.0,519999.0
Lithuania,LTU,1997,6790000.0,5710000.0,1910000.0,1600000.0,800000.0,1560000.0,3740000.0,6650000.0,230000.0,360000.0,290000.0
Lithuania,LTU,1998,6630000.0,5700000.0,1910000.0,1370000.0,1010000.0,1530000.0,3940000.0,7500000.0,220000.0,310000.0,250000.0
Lithuania,LTU,1999,6320000.0,5660000.0,1910000.0,1280000.0,950000.0,1190000.0,3510000.0,6060000.0,210000.0,220000.0,310000.0
Lithuania,LTU,2000,6100000.0,5660000.0,1910000.0,1080000.0,1020000.0,1080000.0,3130000.0,5080000.0,220000.0,190000.0,370000.0
Lithuania,LTU,2001,5680000.0,5140000.0,1950000.0,1050000.0,960000.0,1050000.0,3410000.0,5540000.0,210000.0,180000.0,410000.0
Lithuania,LTU,2002,5810000.0,5130000.0,1960000.0,1110000.0,1100000.0,1120000.0,3530000.0,5340000.0,230000.0,190000.0,430000.0
Lithuania,LTU,2003,5900000.0,5120000.0,1960000.0,1150000.0,1160000.0,1140000.0,3590000.0,5250000.0,230000.0,190000.0,450000.0
Lithuania,LTU,2004,5980000.0,5080000.0,1930000.0,1160000.0,1250000.0,1230000.0,3930000.0,5410000.0,250000.0,210000.0,460000.0
Lithuania,LTU,2005,5930000.0,5070000.0,1890000.0,1220000.0,1350000.0,1510000.0,4170000.0,5710000.0,300000.0,220000.0,600000.0
Lithuania,LTU,2006,5900000.0,5070000.0,1870000.0,1350000.0,1590000.0,1620000.0,4450000.0,5250000.0,280000.0,240000.0,600000.0
Lithuania,LTU,2007,6050000.0,5080000.0,1840000.0,1300000.0,1760000.0,1620000.0,5170000.0,4760000.0,259999.0,250000.0,580000.0
Lithuania,LTU,2008,5810000.0,5070000.0,1730000.0,1260000.0,1820000.0,1470000.0,5150000.0,4920000.0,259999.0,240000.0,519999.0
Lithuania,LTU,2009,5810000.0,5050000.0,1700000.0,1260000.0,1270000.0,1180000.0,4250000.0,4910000.0,240000.0,210000.0,519999.0
Lithuania,LTU,2010,5740000.0,5050000.0,1690000.0,1390000.0,1630000.0,1270000.0,4390000.0,5430000.0,270000.0,240000.0,600000.0
Lithuania,LTU,2011,5770000.0,-1039999.0,1620000.0,1410000.0,1730000.0,1370000.0,4360000.0,4550000.0,210000.0,240000.0,620000.0
Lithuania,LTU,2012,5800000.0,-1039999.0,1600000.0,1330000.0,1880000.0,1470000.0,4390000.0,4510000.0,270000.0,240000.0,580000.0
Lithuania,LTU,2013,5730000.0,-1039999.0,1560000.0,1310000.0,1880000.0,1410000.0,4390000.0,3920000.0,270000.0,240000.0,490000.0
Lithuania,LTU,2014,5730000.0,-1090000.0,1480000.0,1200000.0,2020000.0,1310000.0,4880000.0,3220000.0,320000.0,259999.0,270000.0
Lithuania,LTU,2015,5830000.0,-1090000.0,1420000.0,1090000.0,2160000.0,1180000.0,5180000.0,3250000.0,340000.0,240000.0,490000.0
Lithuania,LTU,2016,5690000.0,2500000.0,1370000.0,1230000.0,2230000.0,1150000.0,5560000.0,2970000.0,340000.0,240000.0,810000.0
Lithuania,LTU,2017,5630000.0,2490000.0,1350000.0,1300000.0,2230000.0,1170000.0,5820000.0,2640000.0,340000.0,240000.0,880000.0
Lithuania,LTU,2018,5330000.0,2480000.0,1220000.0,1360000.0,2140000.0,1250000.0,6190000.0,2520000.0,300000.0,230000.0,1030000.0
Lithuania,LTU,2019,5410000.0,2470000.0,1180000.0,1270000.0,2210000.0,1290000.0,6420000.0,2340000.0,330000.0,250000.0,1000000.0
Lithuania,LTU,2020,5490000.0,2480000.0,1160000.0,1180000.0,2170000.0,1180000.0,6260000.0,2670000.0,280000.0,259999.0,750000.0
Lithuania,LTU,2021,5420000.0,4740000.0,1100000.0,1350000.0,2260000.0,1270000.0,6240000.0,2780000.0,270000.0,270000.0,790000.0
Lithuania,LTU,2022,5140000.0,4740000.0,1060000.0,1300000.0,2330000.0,1220000.0,6120000.0,2500000.0,180000.0,300000.0,800000.0
Lithuania,LTU,2023,5040000.0,4740000.0,1030000.0,1230000.0,2170000.0,1090000.0,6250000.0,2490000.0,180000.0,280000.0,710000.0
Low-income countries,OWID_LIC,1990,339900000.0,765130048.0,20160000.0,44600000.0,8670000.0,85210000.0,28420000.0,28580000.0,98230000.0,25090000.0,7490000.0
Low-income countries,OWID_LIC,1991,341009984.0,765130048.0,20590000.0,45650000.0,7940000.0,82320000.0,27470000.0,28030000.0,108720000.0,25680000.0,7350000.0
Low-income countries,OWID_LIC,1992,348960000.0,765130048.0,24890000.0,47650000.0,7780000.0,71330000.0,26260000.0,27150000.0,117890000.0,23170000.0,7900000.0
Low-income countries,OWID_LIC,1993,350409984.0,765130048.0,28570000.0,49010000.0,7850000.0,66160000.0,24530000.0,25520000.0,129860000.0,21840000.0,6820000.0
Low-income countries,OWID_LIC,1994,357140000.0,765130048.0,31150000.0,50260000.0,7420000.0,60890000.0,24700000.0,27790000.0,143200000.0,19840000.0,7110000.0
Low-income countries,OWID_LIC,1995,361580000.0,765680000.0,32700000.0,53280000.0,7360000.0,57050000.0,24890000.0,28660000.0,143950000.0,20280000.0,6870000.0
Low-income countries,OWID_LIC,1996,374940000.0,734350016.0,34280000.0,55810000.0,7370000.0,49920000.0,25940000.0,30010000.0,140300000.0,18420000.0,6780000.0
Low-income countries,OWID_LIC,1997,383609984.0,754560000.0,35820000.0,58520000.0,7120000.0,49000000.0,25610000.0,30970000.0,138320000.0,17910000.0,6620000.0
Low-income countries,OWID_LIC,1998,405840000.0,773980032.0,37360000.0,60070000.0,7180000.0,47510000.0,27440000.0,30020000.0,136570000.0,17770000.0,6580000.0
Low-income countries,OWID_LIC,1999,407309984.0,768950016.0,38960000.0,61340000.0,8250000.0,51220000.0,24830000.0,33560000.0,138640000.0,19580000.0,6600000.0
Low-income countries,OWID_LIC,2000,414360000.0,747700032.0,40570000.0,62020000.0,8180000.0,53140000.0,27170000.0,36680000.0,140780000.0,19670000.0,6860000.0
Low-income countries,OWID_LIC,2001,399300000.0,743169984.0,42390000.0,62460000.0,10730000.0,55710000.0,28300000.0,38580000.0,137370000.0,21080000.0,6640000.0
Low-income countries,OWID_LIC,2002,426270016.0,740350016.0,44330000.0,64710000.0,12280000.0,54220000.0,29310000.0,39850000.0,139280000.0,19560000.0,6730000.0
Low-income countries,OWID_LIC,2003,446940000.0,760819968.0,46650000.0,66450000.0,13900000.0,56550000.0,30430000.0,42070000.0,136730000.0,20480000.0,6740000.0
Low-income countries,OWID_LIC,2004,454029984.0,755800000.0,48720000.0,69850000.0,15960000.0,56560000.0,33670000.0,43150000.0,118790000.0,20650000.0,7250000.0
Low-income countries,OWID_LIC,2005,475920000.0,766150016.0,51050000.0,73620000.0,16960000.0,61520000.0,38570000.0,47040000.0,116940000.0,22360000.0,7110000.0
Low-income countries,OWID_LIC,2006,474230016.0,762760000.0,53230000.0,75670000.0,18450000.0,63830000.0,40920000.0,49990000.0,114520000.0,23030000.0,7660000.0
Low-income countries,OWID_LIC,2007,494380000.0,762360000.0,55270000.0,74070000.0,20300000.0,56670000.0,43350000.0,51210000.0,109200000.0,21060000.0,7520000.0
Low-income countries,OWID_LIC,2008,511270016.0,763110016.0,57990000.0,75680000.0,21520000.0,62120000.0,47230000.0,54790000.0,103900000.0,22440000.0,7200000.0
Low-income countries,OWID_LIC,2009,515309984.0,750590016.0,60390000.0,77330000.0,22890000.0,57970000.0,51830000.0,59380000.0,102880000.0,17510000.0,7830000.0
Low-income countries,OWID_LIC,2010,527989984.0,769020032.0,62810000.0,77670000.0,25210000.0,60470000.0,53920000.0,57220000.0,105810000.0,17010000.0,8720000.0
Low-income countries,OWID_LIC,2011,528990016.0,1009560000.0,65420000.0,79660000.0,26220000.0,50270000.0,56530000.0,54930000.0,97210000.0,12930000.0,8780000.0
Low-income countries,OWID_LIC,2012,546449984.0,1009519936.0,67910000.0,76000000.0,28300000.0,47070000.0,54680000.0,48700000.0,69170000.0,12340000.0,6730000.0
Low-income countries,OWID_LIC,2013,555760000.0,1004699968.0,70160000.0,79630000.0,29020000.0,37330000.0,52960000.0,43280000.0,59820000.0,9800000.0,6570000.0
Low-income countries,OWID_LIC,2014,565940032.0,998449984.0,71380000.0,83860000.0,29320000.0,42210000.0,53020000.0,41760000.0,54760000.0,10620000.0,6400000.0
Low-income countries,OWID_LIC,2015,578059968.0,998420032.0,72820000.0,84630000.0,31390000.0,30010000.0,50330000.0,42020000.0,40230000.0,7700000.0,5960000.0
Low-income countries,OWID_LIC,2016,597099968.0,674150016.0,73890000.0,86820000.0,34330000.0,29770000.0,52390000.0,44440000.0,35180000.0,7960000.0,6310000.0
Low-income countries,OWID_LIC,2017,597910016.0,667830016.0,74940000.0,99040000.0,36820000.0,55040000.0,59460000.0,46480000.0,42360000.0,9940000.0,6930000.0
Low-income countries,OWID_LIC,2018,615729984.0,663889984.0,76140000.0,97000000.0,38720000.0,51940000.0,64260000.0,50790000.0,40870000.0,9700000.0,7270000.0
Low-income countries,OWID_LIC,2019,623230016.0,661600000.0,78340000.0,99110000.0,41200000.0,57740000.0,67280000.0,52610000.0,44530000.0,10760000.0,7330000.0
Low-income countries,OWID_LIC,2020,647280000.0,660800000.0,80620000.0,103370000.0,42540000.0,55190000.0,65850000.0,48940000.0,44570000.0,10180000.0,4990000.0
Low-income countries,OWID_LIC,2021,644329984.0,517389984.0,82940000.0,104510000.0,45260000.0,48820000.0,69900000.0,45700000.0,44850000.0,9460000.0,7030000.0
Low-income countries,OWID_LIC,2022,650620032.0,511400000.0,85340000.0,109570000.0,46860000.0,51820000.0,70250000.0,46020000.0,44170000.0,9620000.0,8000000.0
Low-income countries,OWID_LIC,2023,669910016.0,498640000.0,87830000.0,112420000.0,48820000.0,54180000.0,68610000.0,44690000.0,39930000.0,10000000.0,8200000.0
Lower-middle-income countries,OWID_LMC,1990,1286210048.0,373560000.0,144290000.0,302730016.0,71210000.0,252080000.0,179320000.0,388700000.0,274740000.0,115080000.0,25430000.0
Lower-middle-income countries,OWID_LMC,1991,1296329984.0,373549984.0,151620000.0,307669984.0,76900000.0,250060000.0,184980000.0,424629984.0,294240000.0,121240000.0,25010000.0
Lower-middle-income countries,OWID_LMC,1992,1306349952.0,373549984.0,179980000.0,310400000.0,86150000.0,255850000.0,194200000.0,452200000.0,289410016.0,112470000.0,25080000.0
Lower-middle-income countries,OWID_LMC,1993,1320320000.0,373540000.0,206100000.0,315449984.0,87960000.0,257620000.0,199590000.0,480390016.0,285080000.0,112480000.0,26530000.0
Lower-middle-income countries,OWID_LMC,1994,1340930048.0,373529984.0,230800000.0,326200000.0,90420000.0,259069984.0,203020000.0,492689984.0,282140000.0,114880000.0,31710000.0
Lower-middle-income countries,OWID_LMC,1995,1363049984.0,375620000.0,236570000.0,365890016.0,94980000.0,274320000.0,227010000.0,543329984.0,300940000.0,65920000.0,32760000.0
Lower-middle-income countries,OWID_LMC,1996,1379040000.0,359960000.0,240450000.0,375630016.0,100680000.0,275420000.0,248890000.0,575310016.0,335529984.0,64780000.0,36090000.0
Lower-middle-income countries,OWID_LMC,1997,1390320000.0,371890016.0,244340000.0,393540000.0,106600000.0,295140000.0,260720000.0,604870016.0,334329984.0,68310000.0,35340000.0
Lower-middle-income countries,OWID_LMC,1998,1412019968.0,384860000.0,247580000.0,396180000.0,109080000.0,309969984.0,271620000.0,635070016.0,323049984.0,58460000.0,32520000.0
Lower-middle-income countries,OWID_LMC,1999,1443110016.0,382960000.0,250420000.0,407989984.0,120100008.0,321040000.0,284729984.0,681430016.0,318440000.0,62300000.0,37190000.0
Lower-middle-income countries,OWID_LMC,2000,1444790016.0,354850016.0,254020000.0,408889984.0,126190000.0,325710016.0,290450016.0,724209984.0,331240000.0,61109996.0,37640000.0
Lower-middle-income countries,OWID_LMC,2001,1447170048.0,472729984.0,261480000.0,414730016.0,130160000.0,338770016.0,297050016.0,751600000.0,333910016.0,60610000.0,35910000.0
Lower-middle-income countries,OWID_LMC,2002,1451430016.0,482560000.0,270180000.0,424540000.0,139870000.0,354569984.0,308629984.0,769510016.0,314140000.0,62050000.0,35580000.0
Lower-middle-income countries,OWID_LMC,2003,1491389952.0,505840000.0,278660000.0,426760000.0,145140000.0,357149984.0,318149984.0,789620032.0,333070016.0,68890000.0,38760000.0
Lower-middle-income countries,OWID_LMC,2004,1511670016.0,538070016.0,287200000.0,436749984.0,155540000.0,370680000.0,340100000.0,870329984.0,342070016.0,71560000.0,39060000.0
Lower-middle-income countries,OWID_LMC,2005,1559420032.0,515540000.0,295260000.0,440249984.0,165870000.0,408229984.0,345760000.0,900169984.0,351720000.0,75880000.0,40380000.0
Lower-middle-income countries,OWID_LMC,2006,1583200000.0,502470016.0,304500000.0,446729984.0,176920000.0,443090016.0,350460000.0,954219968.0,351949984.0,78130000.0,41230000.0
Lower-middle-income countries,OWID_LMC,2007,1630550016.0,525240000.0,313410016.0,450950016.0,193640000.0,493910016.0,390140000.0,1027160000.0,344140000.0,74940000.0,44370000.0
Lower-middle-income countries,OWID_LMC,2008,1650759936.0,500250016.0,325130016.0,460990016.0,202860000.0,513500000.0,420109984.0,1064110016.0,348580000.0,117460000.0,44740000.0
Lower-middle-income countries,OWID_LMC,2009,1657350016.0,515769984.0,335069984.0,468610016.0,226700000.0,537140032.0,451389984.0,1137260032.0,351789984.0,93100000.0,44460000.0
Lower-middle-income countries,OWID_LMC,2010,1685510016.0,550640000.0,343870016.0,481600000.0,239850000.0,599030016.0,487349984.0,1188560000.0,368110016.0,93460000.0,46000000.0
Lower-middle-income countries,OWID_LMC,2011,1722610048.0,549980032.0,346340000.0,492700000.0,250650000.0,659360000.0,516430016.0,1250320000.0,360340000.0,82560000.0,46010000.0
Lower-middle-income countries,OWID_LMC,2012,1728150016.0,560649984.0,350589984.0,487289984.0,267090000.0,645760000.0,549790016.0,1396050048.0,351010016.0,90630000.0,47000000.0
Lower-middle-income countries,OWID_LMC,2013,1750140032.0,550950016.0,349770016.0,496490016.0,289280000.0,675960000.0,570470016.0,1437810048.0,343050016.0,85830000.0,45790000.0
Lower-middle-income countries,OWID_LMC,2014,1757619968.0,547040000.0,358560000.0,501889984.0,305680000.0,722120000.0,596660032.0,1595520000.0,345760000.0,88850000.0,46220000.0
Lower-middle-income countries,OWID_LMC,2015,1782210048.0,557350016.0,367190016.0,494130016.0,319440000.0,727049984.0,640300032.0,1636070016.0,351280000.0,92880000.0,48790000.0
Lower-middle-income countries,OWID_LMC,2016,1807600000.0,389740000.0,375789984.0,506880000.0,338280000.0,752060032.0,686350016.0,1671189888.0,339250016.0,92600000.0,51210000.0
Lower-middle-income countries,OWID_LMC,2017,1825549952.0,388350016.0,381509984.0,518449984.0,354749984.0,804789952.0,720419968.0,1754920064.0,332949984.0,95870000.0,54820000.0
Lower-middle-income countries,OWID_LMC,2018,1815469952.0,376290016.0,387040000.0,520740000.0,392010016.0,839419968.0,750830016.0,1824279936.0,333720000.0,96240000.0,59080000.0
Lower-middle-income countries,OWID_LMC,2019,1843200000.0,391780000.0,392550016.0,525910016.0,412649984.0,823849984.0,755960000.0,1891319936.0,328610016.0,95570000.0,58950000.0
Lower-middle-income countries,OWID_LMC,2020,1895869952.0,389729984.0,400370016.0,529580000.0,403650016.0,819560000.0,687000000.0,1806950016.0,307360000.0,96860000.0,31870000.0
Lower-middle-income countries,OWID_LMC,2021,1912269952.0,363630016.0,407830016.0,540579968.0,455980000.0,892340032.0,754089984.0,1930950016.0,305320000.0,96550000.0,38120000.0
Lower-middle-income countries,OWID_LMC,2022,1930749952.0,338390016.0,415090016.0,530640000.0,468800000.0,903960000.0,820560000.0,2051390080.0,296809984.0,102320000.0,51120000.0
Lower-middle-income countries,OWID_LMC,2023,1950380032.0,346260000.0,423089984.0,537459968.0,488780000.0,961120000.0,837089984.0,2252649984.0,308120000.0,105190000.0,59210000.0
Luxembourg,LUX,1990,710000.0,-640000.0,170000.0,1300000.0,540000.0,5100000.0,2690000.0,1730000.0,20000.0,20000.0,400000.0
Luxembourg,LUX,1991,710000.0,-640000.0,170000.0,1570000.0,519999.0,4670000.0,3220000.0,1860000.0,20000.0,20000.0,410000.0
Luxembourg,LUX,1992,700000.0,-640000.0,170000.0,1450000.0,530000.0,4230000.0,3520000.0,1750000.0,20000.0,70000.0,400000.0
Luxembourg,LUX,1993,700000.0,-640000.0,170000.0,1430000.0,440000.0,4510000.0,3550000.0,1770000.0,20000.0,60000.0,400000.0
Luxembourg,LUX,1994,690000.0,-640000.0,160000.0,1370000.0,500000.0,4010000.0,3600000.0,1390000.0,20000.0,60000.0,500000.0
Luxembourg,LUX,1995,700000.0,-640000.0,160000.0,1380000.0,450000.0,2570000.0,3430000.0,910000.0,30000.0,30000.0,570000.0
Luxembourg,LUX,1996,700000.0,-640000.0,160000.0,1550000.0,440000.0,2550000.0,3530000.0,740000.0,30000.0,50000.0,620000.0
Luxembourg,LUX,1997,690000.0,-640000.0,170000.0,1500000.0,460000.0,2140000.0,3740000.0,450000.0,30000.0,70000.0,760000.0
Luxembourg,LUX,1998,680000.0,-640000.0,170000.0,1570000.0,470000.0,1500000.0,3910000.0,160000.0,30000.0,90000.0,850000.0
Luxembourg,LUX,1999,710000.0,-640000.0,170000.0,1400000.0,490000.0,1550000.0,4350000.0,180000.0,30000.0,90000.0,1000000.0
Luxembourg,LUX,2000,610000.0,-550000.0,160000.0,1630000.0,519999.0,1310000.0,4960000.0,230000.0,30000.0,60000.0,970000.0
Luxembourg,LUX,2001,610000.0,-519999.0,160000.0,1670000.0,460000.0,1450000.0,5210000.0,420000.0,40000.0,70000.0,1039999.0
Luxembourg,LUX,2002,660000.0,-519999.0,160000.0,1610000.0,480000.0,1260000.0,5420000.0,1160000.0,50000.0,60000.0,1130000.0
Luxembourg,LUX,2003,640000.0,-519999.0,160000.0,1650000.0,430000.0,1140000.0,5980000.0,1160000.0,50000.0,60000.0,1180000.0
Luxembourg,LUX,2004,650000.0,-519999.0,160000.0,1700000.0,470000.0,1290000.0,6970000.0,1380000.0,60000.0,50000.0,1280000.0
Luxembourg,LUX,2005,640000.0,-519999.0,160000.0,1620000.0,460000.0,1280000.0,7350000.0,1350000.0,60000.0,50000.0,1300000.0
Luxembourg,LUX,2006,630000.0,-519999.0,160000.0,1590000.0,460000.0,1360000.0,7030000.0,1420000.0,60000.0,50000.0,1220000.0
Luxembourg,LUX,2007,640000.0,-519999.0,160000.0,1500000.0,460000.0,1270000.0,6760000.0,1270000.0,60000.0,60000.0,1310000.0
Luxembourg,LUX,2008,650000.0,-519999.0,160000.0,1570000.0,430000.0,1220000.0,6850000.0,1100000.0,60000.0,60000.0,1320000.0
Luxembourg,LUX,2009,660000.0,-519999.0,160000.0,1570000.0,410000.0,1039999.0,6320000.0,1240000.0,60000.0,70000.0,1260000.0
Luxembourg,LUX,2010,670000.0,-519999.0,150000.0,1650000.0,420000.0,1120000.0,6680000.0,1290000.0,60000.0,70000.0,1300000.0
Luxembourg,LUX,2011,650000.0,-240000.0,150000.0,1360000.0,440000.0,1090000.0,7080000.0,1090000.0,50000.0,50000.0,1210000.0
Luxembourg,LUX,2012,640000.0,-240000.0,150000.0,1480000.0,440000.0,1060000.0,6760000.0,1110000.0,50000.0,60000.0,1120000.0
Luxembourg,LUX,2013,660000.0,-240000.0,150000.0,1510000.0,430000.0,1010000.0,6610000.0,760000.0,50000.0,60000.0,1120000.0
Luxembourg,LUX,2014,660000.0,-240000.0,150000.0,1350000.0,420000.0,1000000.0,6320000.0,710000.0,40000.0,60000.0,1220000.0
Luxembourg,LUX,2015,680000.0,-240000.0,150000.0,1560000.0,390000.0,970000.0,5880000.0,480000.0,40000.0,60000.0,1380000.0
Luxembourg,LUX,2016,690000.0,-270000.0,150000.0,1620000.0,410000.0,970000.0,5700000.0,270000.0,40000.0,70000.0,1530000.0
Luxembourg,LUX,2017,690000.0,-270000.0,150000.0,1670000.0,430000.0,970000.0,5810000.0,270000.0,40000.0,60000.0,1730000.0
Luxembourg,LUX,2018,670000.0,-270000.0,150000.0,1610000.0,420000.0,990000.0,6210000.0,250000.0,30000.0,60000.0,1850000.0
Luxembourg,LUX,2019,670000.0,-270000.0,150000.0,1610000.0,440000.0,1010000.0,6350000.0,250000.0,30000.0,60000.0,1810000.0
Luxembourg,LUX,2020,660000.0,-270000.0,150000.0,1580000.0,440000.0,930000.0,4780000.0,230000.0,30000.0,70000.0,1640000.0
Luxembourg,LUX,2021,650000.0,0.0,150000.0,1610000.0,400000.0,960000.0,5110000.0,240000.0,30000.0,70000.0,1880000.0
Luxembourg,LUX,2022,630000.0,0.0,150000.0,1390000.0,420000.0,780000.0,4450000.0,210000.0,30000.0,60000.0,1950000.0
Luxembourg,LUX,2023,620000.0,0.0,150000.0,1380000.0,420000.0,650000.0,4310000.0,160000.0,30000.0,60000.0,1800000.0
Madagascar,MDG,1990,24040000.0,86070000.0,100000.0,1740000.0,30000.0,10000.0,540000.0,190000.0,0.0,30000.0,140000.0
Madagascar,MDG,1991,23950000.0,86070000.0,100000.0,1790000.0,30000.0,10000.0,600000.0,200000.0,0.0,20000.0,150000.0
Madagascar,MDG,1992,24180000.0,86070000.0,100000.0,1840000.0,30000.0,10000.0,610000.0,190000.0,0.0,30000.0,150000.0
Madagascar,MDG,1993,24510000.0,86070000.0,110000.0,1880000.0,30000.0,10000.0,630000.0,190000.0,0.0,40000.0,150000.0
Madagascar,MDG,1994,24100000.0,86070000.0,390000.0,1640000.0,20000.0,0.0,710000.0,200000.0,0.0,170000.0,160000.0
Madagascar,MDG,1995,24230000.0,86120000.0,400000.0,1960000.0,20000.0,220000.0,690000.0,230000.0,0.0,120000.0,160000.0
Madagascar,MDG,1996,24360000.0,86650000.0,420000.0,1990000.0,30000.0,259999.0,710000.0,120000.0,0.0,110000.0,170000.0
Madagascar,MDG,1997,24090000.0,86110000.0,430000.0,2040000.0,20000.0,259999.0,750000.0,190000.0,0.0,110000.0,170000.0
Madagascar,MDG,1998,24780000.0,86380000.0,450000.0,2079999.0,30000.0,290000.0,840000.0,280000.0,0.0,100000.0,170000.0
Madagascar,MDG,1999,24320000.0,86390000.0,460000.0,2089999.0,30000.0,290000.0,920000.0,280000.0,0.0,120000.0,180000.0
Madagascar,MDG,2000,23720000.0,85620000.0,470000.0,2190000.0,30000.0,270000.0,930000.0,350000.0,0.0,0.0,180000.0
Madagascar,MDG,2001,22440000.0,78630000.0,470000.0,2250000.0,60000.0,330000.0,880000.0,340000.0,0.0,0.0,190000.0
Madagascar,MDG,2002,20670000.0,78340000.0,480000.0,2089999.0,80000.0,220000.0,610000.0,280000.0,0.0,0.0,80000.0
Madagascar,MDG,2003,22730000.0,78400000.0,480000.0,2160000.0,180000.0,270000.0,850000.0,370000.0,0.0,0.0,140000.0
Madagascar,MDG,2004,21330000.0,78490000.0,480000.0,2240000.0,200000.0,290000.0,900000.0,380000.0,0.0,0.0,180000.0
Madagascar,MDG,2005,24980000.0,79130000.0,480000.0,2360000.0,220000.0,350000.0,860000.0,360000.0,0.0,0.0,200000.0
Madagascar,MDG,2006,23760000.0,78800000.0,90000.0,2410000.0,259999.0,300000.0,830000.0,380000.0,0.0,0.0,200000.0
Madagascar,MDG,2007,25220000.0,78600000.0,90000.0,2480000.0,350000.0,290000.0,890000.0,360000.0,0.0,0.0,200000.0
Madagascar,MDG,2008,24000000.0,78300000.0,100000.0,2550000.0,340000.0,310000.0,910000.0,420000.0,0.0,0.0,190000.0
Madagascar,MDG,2009,24780000.0,78750000.0,100000.0,2550000.0,370000.0,300000.0,860000.0,380000.0,0.0,0.0,140000.0
Madagascar,MDG,2010,24670000.0,79300000.0,100000.0,2590000.0,420000.0,340000.0,910000.0,450000.0,0.0,0.0,200000.0
Madagascar,MDG,2011,24150000.0,79060000.0,100000.0,2630000.0,450000.0,340000.0,1010000.0,650000.0,10000.0,0.0,180000.0
Madagascar,MDG,2012,24800000.0,78330000.0,100000.0,2650000.0,480000.0,550000.0,1039999.0,970000.0,0.0,0.0,190000.0
Madagascar,MDG,2013,23310000.0,78740000.0,110000.0,2650000.0,500000.0,600000.0,1090000.0,1090000.0,0.0,0.0,160000.0
Madagascar,MDG,2014,24280000.0,78190000.0,110000.0,2680000.0,480000.0,630000.0,1160000.0,1120000.0,0.0,0.0,129999.0
Madagascar,MDG,2015,24000000.0,78940000.0,110000.0,2720000.0,500000.0,650000.0,1200000.0,1330000.0,10000.0,0.0,129999.0
Madagascar,MDG,2016,25630000.0,44490000.0,110000.0,3670000.0,560000.0,560000.0,1240000.0,1230000.0,0.0,50000.0,150000.0
Madagascar,MDG,2017,24580000.0,44540000.0,120000.0,3830000.0,640000.0,560000.0,1260000.0,1420000.0,10000.0,90000.0,150000.0
Madagascar,MDG,2018,23390000.0,44310000.0,120000.0,3890000.0,670000.0,510000.0,1210000.0,1260000.0,0.0,100000.0,170000.0
Madagascar,MDG,2019,24330000.0,44220000.0,120000.0,3840000.0,730000.0,660000.0,1430000.0,1530000.0,10000.0,259999.0,170000.0
Madagascar,MDG,2020,23890000.0,44270000.0,120000.0,3940000.0,800000.0,320000.0,1110000.0,1190000.0,10000.0,259999.0,110000.0
Madagascar,MDG,2021,21850000.0,56280000.0,120000.0,4020000.0,850000.0,570000.0,1190000.0,1620000.0,10000.0,300000.0,60000.0
Madagascar,MDG,2022,20770000.0,56550000.0,129999.0,4130000.0,890000.0,650000.0,1390000.0,1660000.0,10000.0,290000.0,110000.0
Madagascar,MDG,2023,24830000.0,56380000.0,129999.0,4200000.0,930000.0,650000.0,1530000.0,1380000.0,10000.0,270000.0,129999.0
Malawi,MWI,1990,2220000.0,8340000.0,200000.0,30000.0,60000.0,170000.0,420000.0,10000.0,20000.0,50000.0,20000.0
Malawi,MWI,1991,2310000.0,8340000.0,210000.0,50000.0,70000.0,150000.0,450000.0,10000.0,20000.0,80000.0,20000.0
Malawi,MWI,1992,2310000.0,8340000.0,210000.0,50000.0,60000.0,160000.0,450000.0,10000.0,20000.0,80000.0,20000.0
Malawi,MWI,1993,2350000.0,8340000.0,210000.0,50000.0,70000.0,160000.0,460000.0,110000.0,20000.0,30000.0,20000.0
Malawi,MWI,1994,1950000.0,8340000.0,210000.0,60000.0,70000.0,170000.0,470000.0,129999.0,20000.0,30000.0,20000.0
Malawi,MWI,1995,2130000.0,8340000.0,230000.0,60000.0,70000.0,170000.0,470000.0,129999.0,20000.0,30000.0,20000.0
Malawi,MWI,1996,2280000.0,8200000.0,250000.0,60000.0,70000.0,180000.0,470000.0,160000.0,20000.0,0.0,20000.0
Malawi,MWI,1997,2250000.0,8090000.0,280000.0,60000.0,60000.0,180000.0,470000.0,160000.0,30000.0,0.0,20000.0
Malawi,MWI,1998,2420000.0,8149999.0,300000.0,80000.0,50000.0,180000.0,430000.0,170000.0,30000.0,0.0,20000.0
Malawi,MWI,1999,2370000.0,8140000.0,320000.0,120000.0,60000.0,190000.0,410000.0,160000.0,30000.0,0.0,0.0
Malawi,MWI,2000,2520000.0,7990000.0,340000.0,80000.0,70000.0,190000.0,390000.0,150000.0,40000.0,0.0,20000.0
Malawi,MWI,2001,2350000.0,8270000.0,360000.0,50000.0,80000.0,200000.0,400000.0,140000.0,20000.0,0.0,20000.0
Malawi,MWI,2002,2640000.0,8250000.0,380000.0,60000.0,80000.0,140000.0,420000.0,150000.0,30000.0,50000.0,10000.0
Malawi,MWI,2003,2820000.0,8520000.0,400000.0,60000.0,110000.0,80000.0,470000.0,129999.0,40000.0,70000.0,30000.0
Malawi,MWI,2004,2790000.0,8359999.0,420000.0,70000.0,70000.0,80000.0,470000.0,170000.0,20000.0,80000.0,20000.0
Malawi,MWI,2005,2890000.0,8600000.0,440000.0,60000.0,50000.0,90000.0,450000.0,170000.0,20000.0,80000.0,20000.0
Malawi,MWI,2006,3090000.0,8260000.0,470000.0,60000.0,60000.0,90000.0,460000.0,180000.0,30000.0,80000.0,30000.0
Malawi,MWI,2007,3410000.0,8390000.0,490000.0,50000.0,80000.0,90000.0,510000.0,170000.0,30000.0,80000.0,30000.0
Malawi,MWI,2008,3790000.0,8460000.0,510000.0,50000.0,70000.0,70000.0,650000.0,150000.0,30000.0,80000.0,30000.0
Malawi,MWI,2009,3810000.0,8189999.0,530000.0,40000.0,80000.0,70000.0,680000.0,150000.0,30000.0,80000.0,20000.0
Malawi,MWI,2010,4390000.0,8790000.0,550000.0,40000.0,100000.0,100000.0,610000.0,150000.0,40000.0,80000.0,30000.0
Malawi,MWI,2011,4530000.0,8460000.0,570000.0,30000.0,100000.0,150000.0,630000.0,150000.0,40000.0,90000.0,30000.0
Malawi,MWI,2012,4730000.0,8740000.0,600000.0,20000.0,110000.0,129999.0,660000.0,140000.0,30000.0,90000.0,20000.0
Malawi,MWI,2013,4950000.0,8450000.0,620000.0,10000.0,160000.0,140000.0,700000.0,150000.0,30000.0,90000.0,20000.0
Malawi,MWI,2014,5450000.0,8540000.0,640000.0,10000.0,220000.0,140000.0,560000.0,140000.0,30000.0,70000.0,20000.0
Malawi,MWI,2015,5760000.0,8520000.0,670000.0,0.0,170000.0,160000.0,640000.0,129999.0,30000.0,70000.0,20000.0
Malawi,MWI,2016,5820000.0,8730000.0,690000.0,10000.0,180000.0,150000.0,780000.0,140000.0,20000.0,60000.0,20000.0
Malawi,MWI,2017,6220000.0,8300000.0,720000.0,0.0,210000.0,150000.0,930000.0,0.0,30000.0,60000.0,20000.0
Malawi,MWI,2018,7330000.0,8410000.0,740000.0,10000.0,240000.0,160000.0,1050000.0,340000.0,20000.0,80000.0,20000.0
Malawi,MWI,2019,8400000.0,8260000.0,770000.0,10000.0,250000.0,160000.0,1300000.0,80000.0,20000.0,80000.0,10000.0
Malawi,MWI,2020,8840000.0,8350000.0,790000.0,60000.0,400000.0,240000.0,1130000.0,150000.0,20000.0,90000.0,10000.0
Malawi,MWI,2021,8960000.0,8189999.0,810000.0,60000.0,400000.0,200000.0,1130000.0,30000.0,20000.0,40000.0,20000.0
Malawi,MWI,2022,9060000.0,8410000.0,840000.0,70000.0,410000.0,210000.0,1170000.0,50000.0,20000.0,80000.0,30000.0
Malawi,MWI,2023,10670000.0,8109999.0,860000.0,70000.0,420000.0,210000.0,1210000.0,50000.0,20000.0,110000.0,30000.0
Malaysia,MYS,1990,8750000.0,108260000.0,5590000.0,2370000.0,3930000.0,14090000.0,14930000.0,19000000.0,13800000.0,0.0,1820000.0
Malaysia,MYS,1991,8319999.0,108260000.0,5760000.0,2300000.0,4159999.0,15470000.0,16059999.0,26490000.0,14870000.0,410000.0,2020000.0
Malaysia,MYS,1992,8640000.0,108260000.0,5940000.0,2430000.0,4179999.0,16770000.0,17170000.0,26130000.0,13720000.0,1220000.0,2089999.0
Malaysia,MYS,1993,8870000.0,108250000.0,6300000.0,2760000.0,4350000.0,17910000.0,17880000.0,29840000.0,15290000.0,190000.0,2320000.0
Malaysia,MYS,1994,9150000.0,108240000.0,6400000.0,2810000.0,4890000.0,18520000.0,19760000.0,31460000.0,17560000.0,1320000.0,3160000.0
Malaysia,MYS,1995,9010000.0,107930000.0,6670000.0,2980000.0,5190000.0,20340000.0,21020000.0,34750000.0,18320000.0,1390000.0,3340000.0
Malaysia,MYS,1996,8830000.0,104690000.0,6930000.0,4159999.0,5760000.0,23910000.0,24010000.0,38300000.0,20220000.0,1520000.0,3830000.0
Malaysia,MYS,1997,9510000.0,106640000.0,7210000.0,3190000.0,6190000.0,23930000.0,27620000.0,42060000.0,22350000.0,1520000.0,4020000.0
Malaysia,MYS,1998,9770000.0,136590000.0,7190000.0,3280000.0,6500000.0,23730000.0,25830000.0,44920000.0,20760000.0,960000.0,5370000.0
Malaysia,MYS,1999,9320000.0,104430000.0,7800000.0,4050000.0,6830000.0,23150000.0,31220000.0,48690000.0,20420000.0,330000.0,4770000.0
Malaysia,MYS,2000,9350000.0,104940000.0,8010000.0,4120000.0,8279999.0,25960000.0,33020000.0,52740000.0,21300000.0,330000.0,4500000.0
Malaysia,MYS,2001,9310000.0,89950000.0,8359999.0,4030000.0,8400000.0,26540000.0,35840000.0,54890000.0,21610000.0,310000.0,4750000.0
Malaysia,MYS,2002,9840000.0,97890000.0,8780000.0,4410000.0,9590000.0,28530000.0,36710000.0,57740000.0,22360000.0,300000.0,4590000.0
Malaysia,MYS,2003,10520000.0,96860000.0,9480000.0,3830000.0,10520000.0,29680000.0,39080000.0,61140000.0,24500000.0,300000.0,4700000.0
Malaysia,MYS,2004,11150000.0,105640000.0,10030000.0,4130000.0,10780000.0,33439998.0,41990000.0,68060000.0,26070000.0,270000.0,5240000.0
Malaysia,MYS,2005,11410000.0,108770000.0,10620000.0,4410000.0,11060000.0,35260000.0,41740000.0,76730000.0,26800000.0,320000.0,5050000.0
Malaysia,MYS,2006,11200000.0,97110000.0,11600000.0,4580000.0,12240000.0,38050000.0,39990000.0,81030000.0,26660000.0,790000.0,5480000.0
Malaysia,MYS,2007,11660000.0,103610000.0,12250000.0,6070000.0,12540000.0,43580000.0,42620000.0,87720000.0,26580000.0,830000.0,5420000.0
Malaysia,MYS,2008,12030000.0,99440000.0,13160000.0,5490000.0,13760000.0,43350000.0,44760000.0,98540000.0,27470000.0,840000.0,5300000.0
Malaysia,MYS,2009,10890000.0,117420000.0,13700000.0,5030000.0,13890000.0,29710000.0,43870000.0,93070000.0,25760000.0,590000.0,5260000.0
Malaysia,MYS,2010,12050000.0,109230000.0,13980000.0,5640000.0,13620000.0,30550000.0,45280000.0,107620000.0,24390000.0,3280000.0,5930000.0
Malaysia,MYS,2011,12150000.0,-117090000.0,14760000.0,5150000.0,14840000.0,28630000.0,45750000.0,111070000.0,24010000.0,2780000.0,6820000.0
Malaysia,MYS,2012,12270000.0,-121820000.0,15150000.0,4430000.0,15670000.0,32080002.0,45570000.0,109460000.0,26850000.0,3180000.0,6490000.0
Malaysia,MYS,2013,11440000.0,-119110000.0,15900000.0,4560000.0,16890000.0,29200000.0,59760000.0,114270000.0,29810000.0,3160000.0,8720000.0
Malaysia,MYS,2014,11500000.0,-101110000.0,16490000.0,4200000.0,18070000.0,28710000.0,66879996.0,119470000.0,32610000.0,3080000.0,8670000.0
Malaysia,MYS,2015,11450000.0,-118240000.0,16850000.0,3990000.0,17840000.0,28970000.0,62900000.0,123730000.0,34060000.0,2700000.0,8900000.0
Malaysia,MYS,2016,11360000.0,70070000.0,17200000.0,4200000.0,19210000.0,29780000.0,64629996.0,118690000.0,31810000.0,1150000.0,8160000.0
Malaysia,MYS,2017,11040000.0,60530000.0,17540000.0,5390000.0,19730000.0,32590000.0,62270000.0,109480000.0,30300000.0,3050000.0,9310000.0
Malaysia,MYS,2018,10440000.0,67040000.0,17870000.0,3390000.0,20880000.0,35630000.0,62530000.0,125480000.0,28540000.0,3010000.0,9170000.0
Malaysia,MYS,2019,9730000.0,69420000.0,18190000.0,3370000.0,21780000.0,35270000.0,66620004.0,125660000.0,27850000.0,2700000.0,8840000.0
Malaysia,MYS,2020,9910000.0,63120000.0,18520000.0,4150000.0,24800000.0,32259998.0,51770000.0,136950000.0,27200000.0,2510000.0,4200000.0
Malaysia,MYS,2021,10600000.0,64930000.0,18830000.0,3970000.0,25890000.0,34940000.0,50380000.0,134910000.0,26700000.0,3070000.0,3930000.0
Malaysia,MYS,2022,10000000.0,62820000.0,19130000.0,3810000.0,26910000.0,33780000.0,63240000.0,151100000.0,25490000.0,3540000.0,5950000.0
Malaysia,MYS,2023,10110000.0,63290000.0,19490000.0,3940000.0,29870000.0,34190000.0,65519996.0,147290000.0,24840000.0,3660000.0,8270000.0
Maldives,MDV,1990,0.0,0.0,30000.0,,0.0,0.0,120000.0,30000.0,0.0,,110000.0
Maldives,MDV,1991,0.0,0.0,30000.0,,0.0,0.0,129999.0,30000.0,0.0,,110000.0
Maldives,MDV,1992,0.0,0.0,40000.0,,0.0,10000.0,190000.0,30000.0,0.0,,140000.0
Maldives,MDV,1993,0.0,0.0,50000.0,,0.0,10000.0,160000.0,40000.0,0.0,,129999.0
Maldives,MDV,1994,0.0,0.0,50000.0,,0.0,10000.0,150000.0,50000.0,0.0,,160000.0
Maldives,MDV,1995,0.0,0.0,60000.0,,0.0,10000.0,190000.0,60000.0,0.0,,180000.0
Maldives,MDV,1996,0.0,0.0,70000.0,,0.0,10000.0,210000.0,60000.0,0.0,,190000.0
Maldives,MDV,1997,0.0,0.0,80000.0,,0.0,10000.0,250000.0,70000.0,0.0,,210000.0
Maldives,MDV,1998,0.0,0.0,80000.0,,0.0,10000.0,220000.0,80000.0,0.0,,250000.0
Maldives,MDV,1999,0.0,0.0,90000.0,10000.0,0.0,10000.0,310000.0,100000.0,0.0,,270000.0
Maldives,MDV,2000,0.0,0.0,100000.0,20000.0,0.0,10000.0,280000.0,160000.0,0.0,,240000.0
Maldives,MDV,2001,0.0,0.0,100000.0,0.0,10000.0,10000.0,310000.0,160000.0,0.0,,120000.0
Maldives,MDV,2002,0.0,0.0,110000.0,10000.0,20000.0,10000.0,400000.0,190000.0,0.0,,100000.0
Maldives,MDV,2003,0.0,0.0,110000.0,20000.0,20000.0,10000.0,300000.0,200000.0,0.0,,90000.0
Maldives,MDV,2004,0.0,0.0,120000.0,50000.0,30000.0,10000.0,400000.0,230000.0,0.0,,120000.0
Maldives,MDV,2005,0.0,0.0,120000.0,30000.0,40000.0,10000.0,370000.0,220000.0,0.0,,100000.0
Maldives,MDV,2006,0.0,0.0,129999.0,40000.0,50000.0,20000.0,450000.0,270000.0,0.0,,150000.0
Maldives,MDV,2007,0.0,0.0,129999.0,20000.0,60000.0,20000.0,490000.0,280000.0,0.0,,140000.0
Maldives,MDV,2008,0.0,0.0,140000.0,40000.0,60000.0,20000.0,480000.0,340000.0,0.0,,170000.0
Maldives,MDV,2009,0.0,0.0,140000.0,40000.0,70000.0,20000.0,510000.0,350000.0,0.0,,190000.0
Maldives,MDV,2010,0.0,0.0,150000.0,40000.0,80000.0,20000.0,590000.0,320000.0,0.0,,150000.0
Maldives,MDV,2011,0.0,0.0,160000.0,40000.0,90000.0,20000.0,610000.0,340000.0,0.0,,180000.0
Maldives,MDV,2012,0.0,0.0,160000.0,30000.0,90000.0,20000.0,730000.0,360000.0,0.0,,380000.0
Maldives,MDV,2013,0.0,0.0,170000.0,60000.0,100000.0,20000.0,690000.0,360000.0,0.0,,470000.0
Maldives,MDV,2014,0.0,0.0,180000.0,70000.0,100000.0,30000.0,770000.0,490000.0,0.0,,780000.0
Maldives,MDV,2015,0.0,0.0,180000.0,50000.0,110000.0,30000.0,710000.0,530000.0,0.0,,250000.0
Maldives,MDV,2016,0.0,0.0,190000.0,50000.0,129999.0,40000.0,840000.0,540000.0,0.0,,220000.0
Maldives,MDV,2017,0.0,0.0,200000.0,50000.0,140000.0,40000.0,870000.0,590000.0,0.0,,230000.0
Maldives,MDV,2018,0.0,0.0,200000.0,50000.0,160000.0,60000.0,1030000.0,640000.0,0.0,,250000.0
Maldives,MDV,2019,0.0,0.0,210000.0,60000.0,180000.0,80000.0,1240000.0,660000.0,0.0,,230000.0
Maldives,MDV,2020,0.0,0.0,220000.0,40000.0,200000.0,60000.0,1000000.0,610000.0,0.0,,200000.0
Maldives,MDV,2021,0.0,0.0,220000.0,60000.0,210000.0,70000.0,1060000.0,840000.0,0.0,,210000.0
Maldives,MDV,2022,0.0,0.0,230000.0,60000.0,220000.0,80000.0,1230000.0,870000.0,0.0,,270000.0
Maldives,MDV,2023,0.0,0.0,230000.0,60000.0,240000.0,90000.0,1350000.0,880000.0,0.0,,320000.0
Mali,MLI,1990,15110000.0,23530000.0,110000.0,0.0,10000.0,0.0,0.0,0.0,0.0,0.0,0.0
Mali,MLI,1991,15040000.0,23530000.0,110000.0,0.0,10000.0,0.0,0.0,0.0,0.0,0.0,0.0
Mali,MLI,1992,15060000.0,23530000.0,150000.0,0.0,10000.0,0.0,0.0,0.0,0.0,0.0,0.0
Mali,MLI,1993,15260000.0,23530000.0,180000.0,0.0,10000.0,0.0,0.0,0.0,0.0,0.0,0.0
Mali,MLI,1994,15500000.0,23530000.0,200000.0,0.0,10000.0,0.0,0.0,0.0,0.0,0.0,0.0
Mali,MLI,1995,15840000.0,23530000.0,210000.0,0.0,10000.0,0.0,0.0,0.0,0.0,0.0,0.0
Mali,MLI,1996,16810000.0,22870000.0,240000.0,0.0,10000.0,0.0,0.0,0.0,0.0,0.0,0.0
Mali,MLI,1997,17020000.0,23390000.0,270000.0,0.0,20000.0,0.0,0.0,0.0,0.0,0.0,0.0
Mali,MLI,1998,17990000.0,26570000.0,300000.0,0.0,0.0,0.0,0.0,0.0,0.0,0.0,0.0
Mali,MLI,1999,19300000.0,26240000.0,330000.0,0.0,0.0,0.0,0.0,0.0,0.0,0.0,0.0
Mali,MLI,2000,19810000.0,23990000.0,360000.0,510000.0,0.0,0.0,780000.0,610000.0,0.0,0.0,80000.0
Mali,MLI,2001,19260000.0,25810000.0,370000.0,500000.0,10000.0,10000.0,920000.0,690000.0,0.0,0.0,70000.0
Mali,MLI,2002,19810000.0,25810000.0,390000.0,530000.0,10000.0,10000.0,910000.0,480000.0,0.0,0.0,70000.0
Mali,MLI,2003,20430000.0,25810000.0,410000.0,510000.0,10000.0,0.0,1020000.0,390000.0,0.0,0.0,60000.0
Mali,MLI,2004,22650000.0,25810000.0,420000.0,540000.0,10000.0,10000.0,910000.0,550000.0,0.0,0.0,50000.0
Mali,MLI,2005,23340000.0,25810000.0,440000.0,590000.0,10000.0,10000.0,1020000.0,590000.0,0.0,0.0,80000.0
Mali,MLI,2006,23320000.0,25810000.0,450000.0,590000.0,20000.0,0.0,1220000.0,640000.0,0.0,0.0,60000.0
Mali,MLI,2007,24160000.0,25810000.0,470000.0,600000.0,20000.0,0.0,1140000.0,900000.0,0.0,0.0,60000.0
Mali,MLI,2008,25490000.0,25810000.0,490000.0,590000.0,30000.0,0.0,1180000.0,900000.0,0.0,0.0,90000.0
Mali,MLI,2009,25250000.0,25810000.0,510000.0,770000.0,30000.0,0.0,1430000.0,1030000.0,0.0,10000.0,100000.0
Mali,MLI,2010,26730000.0,25810000.0,519999.0,800000.0,40000.0,0.0,1620000.0,1210000.0,0.0,0.0,100000.0
Mali,MLI,2011,27250000.0,28770000.0,540000.0,810000.0,40000.0,0.0,1920000.0,1160000.0,0.0,20000.0,100000.0
Mali,MLI,2012,28030000.0,28770000.0,550000.0,820000.0,40000.0,0.0,1950000.0,1120000.0,0.0,10000.0,60000.0
Mali,MLI,2013,28890000.0,28770000.0,570000.0,860000.0,220000.0,0.0,1460000.0,1440000.0,0.0,129999.0,190000.0
Mali,MLI,2014,29600000.0,28770000.0,590000.0,880000.0,300000.0,40000.0,1110000.0,1860000.0,0.0,80000.0,180000.0
Mali,MLI,2015,30640000.0,28770000.0,610000.0,960000.0,290000.0,80000.0,1230000.0,1960000.0,0.0,70000.0,200000.0
Mali,MLI,2016,33860000.0,24520000.0,630000.0,910000.0,310000.0,440000.0,2630000.0,1130000.0,0.0,170000.0,210000.0
Mali,MLI,2017,34330000.0,24520000.0,650000.0,950000.0,320000.0,200000.0,2750000.0,1360000.0,0.0,170000.0,200000.0
Mali,MLI,2018,35330000.0,24520000.0,670000.0,990000.0,450000.0,129999.0,2760000.0,1580000.0,0.0,170000.0,220000.0
Mali,MLI,2019,36890000.0,24520000.0,690000.0,1010000.0,460000.0,210000.0,3460000.0,2250000.0,0.0,200000.0,200000.0
Mali,MLI,2020,38330000.0,24520000.0,710000.0,1050000.0,660000.0,210000.0,4070000.0,2350000.0,0.0,230000.0,150000.0
Mali,MLI,2021,38980000.0,22670000.0,740000.0,1150000.0,740000.0,220000.0,4780000.0,2290000.0,0.0,250000.0,170000.0
Mali,MLI,2022,39860000.0,22670000.0,760000.0,1150000.0,780000.0,250000.0,4010000.0,3420000.0,0.0,230000.0,190000.0
Mali,MLI,2023,41370000.0,22670000.0,790000.0,1170000.0,790000.0,259999.0,4190000.0,3690000.0,0.0,240000.0,220000.0
Malta,MLT,1990,129999.0,0.0,70000.0,90000.0,0.0,0.0,460000.0,1770000.0,0.0,0.0,310000.0
Malta,MLT,1991,129999.0,0.0,80000.0,100000.0,0.0,0.0,519999.0,1610000.0,0.0,0.0,370000.0
Malta,MLT,1992,140000.0,0.0,90000.0,100000.0,0.0,0.0,540000.0,1540000.0,0.0,0.0,400000.0
Malta,MLT,1993,140000.0,0.0,100000.0,100000.0,0.0,0.0,610000.0,2110000.0,0.0,0.0,340000.0
Malta,MLT,1994,140000.0,0.0,100000.0,100000.0,0.0,0.0,610000.0,1810000.0,0.0,0.0,340000.0
Malta,MLT,1995,129999.0,0.0,110000.0,110000.0,0.0,0.0,710000.0,1580000.0,0.0,0.0,360000.0
Malta,MLT,1996,129999.0,0.0,120000.0,110000.0,0.0,0.0,560000.0,1630000.0,0.0,40000.0,270000.0
Malta,MLT,1997,129999.0,0.0,120000.0,100000.0,0.0,0.0,760000.0,1600000.0,0.0,30000.0,630000.0
Malta,MLT,1998,120000.0,0.0,129999.0,60000.0,0.0,10000.0,670000.0,1620000.0,0.0,30000.0,320000.0
Malta,MLT,1999,129999.0,0.0,140000.0,80000.0,0.0,10000.0,610000.0,1690000.0,0.0,30000.0,320000.0
Malta,MLT,2000,120000.0,0.0,150000.0,80000.0,10000.0,0.0,470000.0,1590000.0,0.0,10000.0,2490000.0
Malta,MLT,2001,120000.0,0.0,160000.0,80000.0,10000.0,0.0,440000.0,1980000.0,0.0,10000.0,2610000.0
Malta,MLT,2002,120000.0,0.0,170000.0,90000.0,20000.0,0.0,290000.0,1940000.0,0.0,10000.0,2660000.0
Malta,MLT,2003,120000.0,0.0,180000.0,100000.0,20000.0,0.0,370000.0,2140000.0,0.0,10000.0,3190000.0
Malta,MLT,2004,120000.0,0.0,180000.0,100000.0,20000.0,0.0,460000.0,2050000.0,0.0,10000.0,3460000.0
Malta,MLT,2005,120000.0,0.0,190000.0,100000.0,40000.0,30000.0,510000.0,1980000.0,0.0,30000.0,2400000.0
Malta,MLT,2006,120000.0,0.0,200000.0,90000.0,80000.0,30000.0,530000.0,2000000.0,0.0,20000.0,2710000.0
Malta,MLT,2007,120000.0,0.0,210000.0,100000.0,90000.0,40000.0,550000.0,2030000.0,0.0,20000.0,3010000.0
Malta,MLT,2008,120000.0,0.0,120000.0,100000.0,110000.0,40000.0,600000.0,1990000.0,0.0,20000.0,3240000.0
Malta,MLT,2009,110000.0,0.0,129999.0,90000.0,129999.0,20000.0,530000.0,1870000.0,0.0,20000.0,3930000.0
Malta,MLT,2010,100000.0,0.0,120000.0,110000.0,140000.0,30000.0,580000.0,1860000.0,0.0,20000.0,5010000.0
Malta,MLT,2011,90000.0,0.0,120000.0,80000.0,160000.0,20000.0,570000.0,1910000.0,0.0,20000.0,4650000.0
Malta,MLT,2012,90000.0,0.0,120000.0,110000.0,190000.0,30000.0,560000.0,2020000.0,0.0,20000.0,4150000.0
Malta,MLT,2013,90000.0,0.0,120000.0,120000.0,200000.0,50000.0,560000.0,1640000.0,0.0,10000.0,4139999.0
Malta,MLT,2014,90000.0,0.0,129999.0,129999.0,210000.0,60000.0,560000.0,1600000.0,0.0,10000.0,4280000.0
Malta,MLT,2015,90000.0,0.0,150000.0,150000.0,220000.0,60000.0,600000.0,850000.0,0.0,10000.0,5340000.0
Malta,MLT,2016,90000.0,0.0,160000.0,140000.0,240000.0,60000.0,600000.0,560000.0,0.0,10000.0,6070000.0
Malta,MLT,2017,80000.0,0.0,160000.0,129999.0,250000.0,50000.0,620000.0,710000.0,70000.0,20000.0,7360000.0
Malta,MLT,2018,80000.0,0.0,160000.0,100000.0,230000.0,50000.0,680000.0,700000.0,90000.0,40000.0,7640000.0
Malta,MLT,2019,80000.0,0.0,180000.0,100000.0,220000.0,60000.0,720000.0,750000.0,100000.0,50000.0,7840000.0
Malta,MLT,2020,80000.0,0.0,190000.0,90000.0,230000.0,80000.0,600000.0,820000.0,110000.0,40000.0,7270000.0
Malta,MLT,2021,80000.0,0.0,200000.0,90000.0,240000.0,90000.0,640000.0,780000.0,129999.0,40000.0,6520000.0
Malta,MLT,2022,70000.0,0.0,210000.0,100000.0,250000.0,90000.0,750000.0,810000.0,100000.0,60000.0,7270000.0
Malta,MLT,2023,80000.0,0.0,220000.0,90000.0,250000.0,60000.0,790000.0,810000.0,110000.0,50000.0,7750000.0
Marshall Islands,MHL,1991,0.0,0.0,,,,,,,,,
Marshall Islands,MHL,1992,0.0,0.0,,0.0,0.0,,30000.0,50000.0,,,10000.0
Marshall Islands,MHL,1993,0.0,0.0,,0.0,0.0,,30000.0,50000.0,,,10000.0
Marshall Islands,MHL,1994,0.0,0.0,,0.0,0.0,,30000.0,50000.0,,,10000.0
Marshall Islands,MHL,1995,0.0,0.0,,0.0,0.0,,30000.0,60000.0,,,10000.0
Marshall Islands,MHL,1996,0.0,0.0,,0.0,0.0,,40000.0,60000.0,,,10000.0
Marshall Islands,MHL,1997,0.0,0.0,,0.0,0.0,,40000.0,60000.0,,,10000.0
Marshall Islands,MHL,1998,0.0,0.0,,0.0,0.0,,40000.0,60000.0,,,10000.0
Marshall Islands,MHL,1999,0.0,0.0,,0.0,0.0,,40000.0,60000.0,,,10000.0
Marshall Islands,MHL,2000,0.0,0.0,,0.0,0.0,,40000.0,70000.0,,,10000.0
Marshall Islands,MHL,2001,0.0,0.0,,0.0,0.0,,40000.0,70000.0,,,10000.0
Marshall Islands,MHL,2002,0.0,0.0,,0.0,0.0,,40000.0,70000.0,,,10000.0
Marshall Islands,MHL,2003,0.0,0.0,,0.0,0.0,,40000.0,70000.0,,,10000.0
Marshall Islands,MHL,2004,0.0,0.0,,0.0,0.0,,40000.0,70000.0,,,10000.0
Marshall Islands,MHL,2005,0.0,0.0,,0.0,0.0,,40000.0,70000.0,,,10000.0
Marshall Islands,MHL,2006,0.0,0.0,,0.0,0.0,,50000.0,70000.0,,,10000.0
Marshall Islands,MHL,2007,0.0,0.0,,0.0,0.0,,70000.0,70000.0,,,10000.0
Marshall Islands,MHL,2008,0.0,0.0,,0.0,0.0,,70000.0,60000.0,,,10000.0
Marshall Islands,MHL,2009,0.0,0.0,,0.0,0.0,,70000.0,60000.0,,,10000.0
Marshall Islands,MHL,2010,0.0,0.0,,0.0,0.0,,80000.0,60000.0,,,10000.0
Marshall Islands,MHL,2011,0.0,0.0,,0.0,0.0,,90000.0,50000.0,,,10000.0
Marshall Islands,MHL,2012,0.0,0.0,,0.0,0.0,,90000.0,50000.0,,,10000.0
Marshall Islands,MHL,2013,0.0,0.0,,0.0,0.0,,80000.0,60000.0,,,10000.0
Marshall Islands,MHL,2014,0.0,0.0,,0.0,0.0,,90000.0,60000.0,,,10000.0
Marshall Islands,MHL,2015,0.0,0.0,,0.0,0.0,,90000.0,60000.0,,,10000.0
Marshall Islands,MHL,2016,0.0,-20000.0,,0.0,0.0,,90000.0,60000.0,,,10000.0
Marshall Islands,MHL,2017,0.0,-20000.0,,0.0,0.0,,90000.0,60000.0,,,10000.0
Marshall Islands,MHL,2018,0.0,-20000.0,,0.0,0.0,,90000.0,60000.0,,,10000.0
Marshall Islands,MHL,2019,0.0,-20000.0,,0.0,0.0,,90000.0,60000.0,,,10000.0
Marshall Islands,MHL,2020,0.0,-20000.0,,0.0,0.0,,90000.0,60000.0,,,10000.0
Marshall Islands,MHL,2021,0.0,0.0,,0.0,0.0,,90000.0,60000.0,,,10000.0
Marshall Islands,MHL,2022,0.0,0.0,,0.0,0.0,,90000.0,60000.0,,,10000.0
Marshall Islands,MHL,2023,0.0,0.0,,0.0,0.0,,90000.0,60000.0,,,10000.0
Mauritania,MRT,1990,5760000.0,-330000.0,110000.0,100000.0,0.0,0.0,250000.0,340000.0,0.0,330000.0,60000.0
Mauritania,MRT,1991,5960000.0,-330000.0,110000.0,100000.0,0.0,0.0,259999.0,350000.0,0.0,350000.0,70000.0
Mauritania,MRT,1992,5770000.0,-330000.0,180000.0,100000.0,0.0,0.0,280000.0,350000.0,0.0,360000.0,70000.0
Mauritania,MRT,1993,5940000.0,-330000.0,230000.0,100000.0,0.0,0.0,280000.0,370000.0,0.0,370000.0,70000.0
Mauritania,MRT,1994,5790000.0,-330000.0,270000.0,110000.0,0.0,0.0,300000.0,360000.0,0.0,380000.0,70000.0
Mauritania,MRT,1995,5810000.0,-330000.0,300000.0,110000.0,0.0,0.0,320000.0,390000.0,0.0,420000.0,70000.0
Mauritania,MRT,1996,6350000.0,-330000.0,259999.0,110000.0,0.0,0.0,380000.0,420000.0,0.0,400000.0,70000.0
Mauritania,MRT,1997,6700000.0,-330000.0,210000.0,120000.0,0.0,0.0,400000.0,410000.0,0.0,380000.0,80000.0
Mauritania,MRT,1998,7100000.0,-330000.0,170000.0,120000.0,0.0,0.0,450000.0,430000.0,0.0,320000.0,80000.0
Mauritania,MRT,1999,7620000.0,-330000.0,129999.0,120000.0,10000.0,0.0,519999.0,450000.0,0.0,290000.0,80000.0
Mauritania,MRT,2000,8069999.0,-330000.0,90000.0,129999.0,10000.0,0.0,540000.0,430000.0,0.0,259999.0,70000.0
Mauritania,MRT,2001,8149999.0,-390000.0,90000.0,120000.0,10000.0,0.0,600000.0,490000.0,100000.0,280000.0,60000.0
Mauritania,MRT,2002,8140000.0,-390000.0,100000.0,140000.0,10000.0,0.0,690000.0,540000.0,120000.0,270000.0,60000.0
Mauritania,MRT,2003,8279999.0,-390000.0,100000.0,150000.0,10000.0,0.0,740000.0,430000.0,129999.0,259999.0,70000.0
Mauritania,MRT,2004,8180000.0,-390000.0,100000.0,160000.0,10000.0,0.0,800000.0,480000.0,0.0,290000.0,80000.0
Mauritania,MRT,2005,8290000.0,-390000.0,100000.0,160000.0,10000.0,0.0,800000.0,380000.0,0.0,250000.0,80000.0
Mauritania,MRT,2006,8580000.0,-390000.0,100000.0,170000.0,10000.0,0.0,790000.0,500000.0,280000.0,230000.0,60000.0
Mauritania,MRT,2007,8480000.0,-390000.0,110000.0,170000.0,20000.0,0.0,1000000.0,560000.0,200000.0,240000.0,50000.0
Mauritania,MRT,2008,7710000.0,-390000.0,110000.0,180000.0,20000.0,140000.0,860000.0,620000.0,129999.0,150000.0,50000.0
Mauritania,MRT,2009,8229999.0,-390000.0,120000.0,200000.0,20000.0,160000.0,1110000.0,750000.0,120000.0,190000.0,70000.0
Mauritania,MRT,2010,8670000.0,-390000.0,120000.0,220000.0,20000.0,150000.0,1100000.0,830000.0,90000.0,170000.0,60000.0
Mauritania,MRT,2011,8700000.0,-180000.0,120000.0,230000.0,20000.0,170000.0,1080000.0,840000.0,120000.0,180000.0,50000.0
Mauritania,MRT,2012,8970000.0,-180000.0,129999.0,240000.0,30000.0,170000.0,1230000.0,920000.0,140000.0,190000.0,70000.0
Mauritania,MRT,2013,9190000.0,-180000.0,129999.0,250000.0,30000.0,140000.0,1180000.0,860000.0,140000.0,170000.0,60000.0
Mauritania,MRT,2014,9410000.0,-180000.0,140000.0,259999.0,30000.0,230000.0,1280000.0,1000000.0,100000.0,190000.0,70000.0
Mauritania,MRT,2015,9670000.0,-180000.0,140000.0,270000.0,30000.0,200000.0,1390000.0,1530000.0,110000.0,200000.0,60000.0
Mauritania,MRT,2016,9640000.0,-320000.0,150000.0,290000.0,30000.0,220000.0,1480000.0,1090000.0,120000.0,200000.0,60000.0
Mauritania,MRT,2017,9680000.0,-320000.0,150000.0,290000.0,40000.0,240000.0,1370000.0,1400000.0,100000.0,240000.0,60000.0
Mauritania,MRT,2018,9750000.0,-320000.0,160000.0,290000.0,40000.0,240000.0,1560000.0,1460000.0,0.0,170000.0,70000.0
Mauritania,MRT,2019,9950000.0,-320000.0,160000.0,280000.0,40000.0,270000.0,1660000.0,1590000.0,0.0,180000.0,60000.0
Mauritania,MRT,2020,10160000.0,-320000.0,160000.0,280000.0,50000.0,280000.0,1710000.0,1800000.0,0.0,190000.0,40000.0
Mauritania,MRT,2021,10410000.0,-330000.0,170000.0,290000.0,50000.0,320000.0,1950000.0,1670000.0,0.0,200000.0,50000.0
Mauritania,MRT,2022,10340000.0,-330000.0,170000.0,290000.0,60000.0,340000.0,2010000.0,1700000.0,0.0,210000.0,60000.0
Mauritania,MRT,2023,10540000.0,-330000.0,180000.0,330000.0,60000.0,290000.0,2069999.0,1820000.0,0.0,200000.0,60000.0
Mauritius,MUS,1990,160000.0,-20000.0,880000.0,150000.0,30000.0,180000.0,450000.0,440000.0,0.0,0.0,410000.0
Mauritius,MUS,1991,150000.0,-20000.0,890000.0,150000.0,30000.0,210000.0,460000.0,490000.0,0.0,0.0,420000.0
Mauritius,MUS,1992,150000.0,-20000.0,920000.0,140000.0,30000.0,210000.0,510000.0,500000.0,0.0,0.0,470000.0
Mauritius,MUS,1993,150000.0,-20000.0,950000.0,150000.0,30000.0,280000.0,550000.0,530000.0,0.0,0.0,480000.0
Mauritius,MUS,1994,160000.0,-20000.0,980000.0,140000.0,30000.0,250000.0,560000.0,600000.0,0.0,0.0,510000.0
Mauritius,MUS,1995,160000.0,-20000.0,1010000.0,140000.0,30000.0,259999.0,550000.0,640000.0,0.0,0.0,490000.0
Mauritius,MUS,1996,170000.0,-20000.0,1120000.0,140000.0,40000.0,259999.0,550000.0,700000.0,0.0,0.0,530000.0
Mauritius,MUS,1997,160000.0,-20000.0,1230000.0,150000.0,40000.0,259999.0,530000.0,710000.0,0.0,0.0,550000.0
Mauritius,MUS,1998,160000.0,-20000.0,1340000.0,150000.0,40000.0,290000.0,540000.0,840000.0,0.0,0.0,790000.0
Mauritius,MUS,1999,170000.0,-20000.0,1440000.0,160000.0,40000.0,330000.0,720000.0,1030000.0,0.0,10000.0,1100000.0
Mauritius,MUS,2000,170000.0,-20000.0,1550000.0,160000.0,40000.0,370000.0,770000.0,1160000.0,0.0,10000.0,1320000.0
Mauritius,MUS,2001,129999.0,90000.0,1700000.0,160000.0,60000.0,400000.0,770000.0,1270000.0,0.0,10000.0,1280000.0
Mauritius,MUS,2002,140000.0,90000.0,1620000.0,160000.0,70000.0,390000.0,800000.0,1290000.0,0.0,10000.0,1170000.0
Mauritius,MUS,2003,140000.0,90000.0,1670000.0,170000.0,80000.0,390000.0,830000.0,1390000.0,0.0,10000.0,1100000.0
Mauritius,MUS,2004,129999.0,90000.0,1680000.0,180000.0,100000.0,370000.0,850000.0,1400000.0,0.0,10000.0,1180000.0
Mauritius,MUS,2005,129999.0,90000.0,1670000.0,190000.0,110000.0,350000.0,880000.0,1580000.0,0.0,10000.0,1350000.0
Mauritius,MUS,2006,120000.0,90000.0,2010000.0,180000.0,129999.0,410000.0,890000.0,1860000.0,0.0,10000.0,1310000.0
Mauritius,MUS,2007,129999.0,90000.0,2020000.0,170000.0,140000.0,410000.0,850000.0,2000000.0,0.0,10000.0,1420000.0
Mauritius,MUS,2008,120000.0,90000.0,2020000.0,170000.0,170000.0,440000.0,860000.0,2030000.0,0.0,10000.0,1490000.0
Mauritius,MUS,2009,120000.0,90000.0,2020000.0,170000.0,190000.0,370000.0,890000.0,2030000.0,0.0,10000.0,1360000.0
Mauritius,MUS,2010,120000.0,90000.0,2030000.0,180000.0,200000.0,360000.0,940000.0,2220000.0,0.0,10000.0,1490000.0
Mauritius,MUS,2011,129999.0,0.0,2030000.0,180000.0,210000.0,340000.0,950000.0,2200000.0,0.0,10000.0,1680000.0
Mauritius,MUS,2012,150000.0,0.0,2030000.0,180000.0,210000.0,340000.0,980000.0,2270000.0,0.0,10000.0,1550000.0
Mauritius,MUS,2013,129999.0,0.0,2040000.0,180000.0,210000.0,320000.0,1000000.0,2350000.0,0.0,10000.0,1600000.0
Mauritius,MUS,2014,150000.0,0.0,2060000.0,190000.0,210000.0,330000.0,1020000.0,2440000.0,0.0,10000.0,1690000.0
Mauritius,MUS,2015,129999.0,0.0,2089999.0,200000.0,220000.0,340000.0,1060000.0,2400000.0,0.0,10000.0,1730000.0
Mauritius,MUS,2016,140000.0,0.0,2110000.0,200000.0,250000.0,330000.0,1120000.0,2420000.0,0.0,10000.0,1970000.0
Mauritius,MUS,2017,129999.0,0.0,2140000.0,200000.0,280000.0,330000.0,1140000.0,2540000.0,0.0,10000.0,2430000.0
Mauritius,MUS,2018,129999.0,0.0,2160000.0,200000.0,310000.0,330000.0,1160000.0,2480000.0,0.0,10000.0,2800000.0
Mauritius,MUS,2019,129999.0,0.0,2180000.0,220000.0,340000.0,330000.0,1230000.0,2430000.0,0.0,10000.0,2990000.0
Mauritius,MUS,2020,120000.0,0.0,2200000.0,200000.0,370000.0,320000.0,1039999.0,2200000.0,0.0,10000.0,2360000.0
Mauritius,MUS,2021,120000.0,0.0,2220000.0,220000.0,390000.0,310000.0,1060000.0,2410000.0,0.0,10000.0,2140000.0
Mauritius,MUS,2022,120000.0,0.0,2230000.0,230000.0,410000.0,330000.0,1180000.0,2320000.0,0.0,10000.0,2240000.0
Mauritius,MUS,2023,120000.0,0.0,2250000.0,240000.0,430000.0,350000.0,1260000.0,2520000.0,0.0,10000.0,2260000.0
Mexico,MEX,1990,91710000.0,24290000.0,8700000.0,23470000.0,13420000.0,53550000.0,88270000.0,94360000.0,41600000.0,5160000.0,3030000.0
Mexico,MEX,1991,90030000.0,24290000.0,9440000.0,24490000.0,13810000.0,52270000.0,94410000.0,106750000.0,43280000.0,5340000.0,3150000.0
Mexico,MEX,1992,89220000.0,24290000.0,10170000.0,26450000.0,14020000.0,51950000.0,94990000.0,107720000.0,43030000.0,5390000.0,3470000.0
Mexico,MEX,1993,90810000.0,24290000.0,16730000.0,26930000.0,14990000.0,50240000.0,97290000.0,114340000.0,44730000.0,5420000.0,4400000.0
Mexico,MEX,1994,90640000.0,24290000.0,17400000.0,28180000.0,16240000.0,51110000.0,103380000.0,130630008.0,45750000.0,5110000.0,6550000.0
Mexico,MEX,1995,88940000.0,24290000.0,18090000.0,28180000.0,13940000.0,49530000.0,94930000.0,122080000.0,46890000.0,5260000.0,6570000.0
Mexico,MEX,1996,87650000.0,23660000.0,18700000.0,27950000.0,16890000.0,55100000.0,97310000.0,127480000.0,51220000.0,5680000.0,6440000.0
Mexico,MEX,1997,88300000.0,23910000.0,18640000.0,27580000.0,17580000.0,55200000.0,101570000.0,141660000.0,55790000.0,6060000.0,6750000.0
Mexico,MEX,1998,90170000.0,32790000.0,18590000.0,28650000.0,17870000.0,56610000.0,104550000.0,158980000.0,55850000.0,6040000.0,7800000.0
Mexico,MEX,1999,87950000.0,27600000.0,19510000.0,26360000.0,18980000.0,52070000.0,107540000.0,152920000.0,53510000.0,6660000.0,8440000.0
Mexico,MEX,2000,88850000.0,27620000.0,20650000.0,28970000.0,19000000.0,53130000.0,112220000.0,168590000.0,54370000.0,6640000.0,8520000.0
Mexico,MEX,2001,89260000.0,-63000000.0,21300000.0,28330000.0,19630000.0,48080000.0,114560000.0,172760000.0,54180000.0,6570000.0,8340000.0
Mexico,MEX,2002,89390000.0,-62030000.0,22190000.0,28520000.0,22210000.0,51660000.0,116400000.0,174840000.0,53960000.0,6330000.0,7220000.0
Mexico,MEX,2003,90160000.0,-59670000.0,22970000.0,27390000.0,23950000.0,52610000.0,123250000.0,186530000.0,58360000.0,6750000.0,7370000.0
Mexico,MEX,2004,88470000.0,-63120000.0,24030000.0,27940000.0,26930000.0,56530000.0,130050000.0,184810000.0,58360000.0,7080000.0,7440000.0
Mexico,MEX,2005,90240000.0,-61150000.0,25520000.0,27000000.0,30320000.0,58980000.0,137780000.0,191790000.0,58520000.0,7480000.0,7630000.0
Mexico,MEX,2006,89490000.0,-61750000.0,28090000.0,27440000.0,34280000.0,66470000.0,145330000.0,190780000.0,59320000.0,7880000.0,7920000.0
Mexico,MEX,2007,90830000.0,-62360000.0,29770000.0,26750000.0,37690000.0,62390000.0,153740000.0,193940000.0,59020000.0,8180000.0,8370000.0
Mexico,MEX,2008,90580000.0,-61890000.0,31520000.0,26720000.0,39010000.0,64629996.0,159710000.0,186590000.0,59630000.0,8480000.0,8630000.0
Mexico,MEX,2009,92040000.0,-61920000.0,32680000.0,25670000.0,39510000.0,52310000.0,155510000.0,193810000.0,55250000.0,8670000.0,6990000.0
Mexico,MEX,2010,92820000.0,-62850000.0,34240000.0,26270000.0,40270000.0,62420000.0,158520000.0,195570000.0,54660000.0,8630000.0,7180000.0
Mexico,MEX,2011,95960000.0,-17000000.0,36280000.0,25930000.0,41500000.0,68220000.0,159660000.0,204770000.0,53200000.0,8910000.0,7540000.0
Mexico,MEX,2012,93170000.0,-18530000.0,36390000.0,26210000.0,41620000.0,61730000.0,160730000.0,212520000.0,59960000.0,9470000.0,7830000.0
Mexico,MEX,2013,95070000.0,-16880000.0,28980000.0,25240000.0,41170000.0,66040000.0,159010000.0,201760000.0,59530000.0,8980000.0,7680000.0
Mexico,MEX,2014,95510000.0,-19430000.0,39040000.0,25420000.0,43210000.0,59260000.0,159780000.0,192240000.0,60190000.0,8980000.0,8160000.0
Mexico,MEX,2015,95130000.0,-18440000.0,49100000.0,25090000.0,43380000.0,66269996.0,159250000.0,193810000.0,55660000.0,9700000.0,8690000.0
Mexico,MEX,2016,98400000.0,15870000.0,50430000.0,24280000.0,46330000.0,62140000.0,165250000.0,196930000.0,52840000.0,9840000.0,9170000.0
Mexico,MEX,2017,99710000.0,16629999.0,51730000.0,24020000.0,49090000.0,68660000.0,160840000.0,194880000.0,44590000.0,10020000.0,9420000.0
Mexico,MEX,2018,99870000.0,15440000.0,52970000.0,23380000.0,51720000.0,50990000.0,157060000.0,197380000.0,44200000.0,10360000.0,9390000.0
Mexico,MEX,2019,100820000.0,17230000.0,54150000.0,22640000.0,54210000.0,56140000.0,159920000.0,195960000.0,46960000.0,9570000.0,9800000.0
Mexico,MEX,2020,102430000.0,16820000.0,55270000.0,26560000.0,56630000.0,51060000.0,122370000.0,179470000.0,48230000.0,6010000.0,3410000.0
Mexico,MEX,2021,102540000.0,16010000.0,56170000.0,26700000.0,58110000.0,43180000.0,123900000.0,193510000.0,50760000.0,5920000.0,6030000.0
Mexico,MEX,2022,101420000.0,15810000.0,57110000.0,25740000.0,58610000.0,45260000.0,158300000.0,188390000.0,47870000.0,9510000.0,8860000.0
Mexico,MEX,2023,104280000.0,16320000.0,59850000.0,24190000.0,59880000.0,44500000.0,155610000.0,209000000.0,47890000.0,9480000.0,9080000.0
Micronesia (country),FSM,1990,,,10000.0,,0.0,,,,0.0,,
Micronesia (country),FSM,1991,50000.0,-10000.0,10000.0,,0.0,,,,0.0,,
Micronesia (country),FSM,1992,50000.0,-10000.0,10000.0,,0.0,,80000.0,50000.0,0.0,0.0,0.0
Micronesia (country),FSM,1993,50000.0,-10000.0,10000.0,,0.0,,90000.0,60000.0,0.0,0.0,0.0
Micronesia (country),FSM,1994,50000.0,-10000.0,20000.0,,0.0,,90000.0,60000.0,0.0,10000.0,0.0
Micronesia (country),FSM,1995,50000.0,-10000.0,20000.0,,0.0,,110000.0,70000.0,0.0,10000.0,0.0
Micronesia (country),FSM,1996,50000.0,-10000.0,20000.0,,0.0,,120000.0,70000.0,0.0,10000.0,0.0
Micronesia (country),FSM,1997,50000.0,-10000.0,10000.0,,0.0,,120000.0,70000.0,0.0,10000.0,0.0
Micronesia (country),FSM,1998,50000.0,-10000.0,10000.0,,0.0,,120000.0,80000.0,0.0,10000.0,10000.0
Micronesia (country),FSM,1999,50000.0,-10000.0,10000.0,,0.0,,120000.0,60000.0,0.0,10000.0,10000.0
Micronesia (country),FSM,2000,50000.0,-10000.0,10000.0,,0.0,,110000.0,60000.0,0.0,10000.0,10000.0
Micronesia (country),FSM,2001,50000.0,-10000.0,10000.0,,0.0,,100000.0,60000.0,0.0,10000.0,10000.0
Micronesia (country),FSM,2002,50000.0,-10000.0,10000.0,,0.0,,80000.0,60000.0,0.0,10000.0,0.0
Micronesia (country),FSM,2003,50000.0,-10000.0,10000.0,,0.0,,90000.0,70000.0,0.0,20000.0,10000.0
Micronesia (country),FSM,2004,50000.0,-10000.0,10000.0,,0.0,,70000.0,60000.0,0.0,20000.0,10000.0
Micronesia (country),FSM,2005,50000.0,-10000.0,10000.0,,0.0,,50000.0,60000.0,0.0,20000.0,10000.0
Micronesia (country),FSM,2006,50000.0,-10000.0,10000.0,,0.0,,60000.0,50000.0,0.0,10000.0,10000.0
Micronesia (country),FSM,2007,60000.0,-10000.0,10000.0,,0.0,,80000.0,50000.0,0.0,10000.0,10000.0
Micronesia (country),FSM,2008,60000.0,-10000.0,10000.0,,0.0,,60000.0,50000.0,0.0,10000.0,10000.0
Micronesia (country),FSM,2009,60000.0,-10000.0,10000.0,,0.0,,100000.0,50000.0,0.0,0.0,20000.0
Micronesia (country),FSM,2010,60000.0,-10000.0,10000.0,,0.0,,50000.0,50000.0,0.0,0.0,20000.0
Micronesia (country),FSM,2011,60000.0,-10000.0,10000.0,,0.0,,70000.0,50000.0,0.0,0.0,20000.0
Micronesia (country),FSM,2012,60000.0,-10000.0,10000.0,,0.0,,80000.0,50000.0,0.0,0.0,20000.0
Micronesia (country),FSM,2013,60000.0,-10000.0,10000.0,,0.0,,80000.0,50000.0,0.0,0.0,20000.0
Micronesia (country),FSM,2014,60000.0,-10000.0,10000.0,,0.0,,80000.0,60000.0,0.0,0.0,30000.0
Micronesia (country),FSM,2015,70000.0,-10000.0,10000.0,,0.0,,80000.0,60000.0,0.0,0.0,30000.0
Micronesia (country),FSM,2016,70000.0,-10000.0,10000.0,,0.0,,80000.0,60000.0,0.0,0.0,30000.0
Micronesia (country),FSM,2017,70000.0,-10000.0,10000.0,,0.0,,80000.0,60000.0,0.0,0.0,30000.0
Micronesia (country),FSM,2018,70000.0,-10000.0,10000.0,,0.0,,80000.0,60000.0,0.0,0.0,30000.0
Micronesia (country),FSM,2019,70000.0,-10000.0,10000.0,,10000.0,,90000.0,60000.0,0.0,0.0,30000.0
Micronesia (country),FSM,2020,70000.0,-10000.0,10000.0,,10000.0,,80000.0,60000.0,0.0,0.0,30000.0
Micronesia (country),FSM,2021,70000.0,-10000.0,10000.0,,10000.0,,80000.0,60000.0,0.0,0.0,30000.0
Micronesia (country),FSM,2022,70000.0,-10000.0,10000.0,,10000.0,,80000.0,60000.0,0.0,0.0,30000.0
Micronesia (country),FSM,2023,70000.0,-10000.0,10000.0,,10000.0,,80000.0,60000.0,0.0,0.0,30000.0
Moldova,MDA,1990,4690000.0,-220000.0,2440000.0,900000.0,129999.0,2060000.0,2500000.0,13670000.0,910000.0,11640000.0,220000.0
Moldova,MDA,1991,4540000.0,-220000.0,2590000.0,930000.0,120000.0,2170000.0,2340000.0,12680000.0,850000.0,6660000.0,230000.0
Moldova,MDA,1992,3770000.0,-220000.0,2710000.0,1890000.0,590000.0,1200000.0,2290000.0,13130000.0,770000.0,1550000.0,100000.0
Moldova,MDA,1993,3370000.0,-220000.0,2660000.0,2530000.0,510000.0,1250000.0,1480000.0,10500000.0,690000.0,1370000.0,70000.0
Moldova,MDA,1994,3700000.0,-220000.0,2570000.0,2310000.0,420000.0,1000000.0,1350000.0,8069999.0,670000.0,1190000.0,30000.0
Moldova,MDA,1995,3620000.0,-220000.0,2500000.0,2380000.0,330000.0,990000.0,1340000.0,6200000.0,740000.0,1090000.0,30000.0
Moldova,MDA,1996,3480000.0,-220000.0,2390000.0,1490000.0,270000.0,700000.0,1430000.0,5990000.0,810000.0,700000.0,60000.0
Moldova,MDA,1997,2850000.0,-220000.0,2290000.0,1460000.0,350000.0,730000.0,1410000.0,5150000.0,660000.0,640000.0,70000.0
Moldova,MDA,1998,2430000.0,-220000.0,2190000.0,1290000.0,300000.0,610000.0,1110000.0,4960000.0,620000.0,530000.0,50000.0
Moldova,MDA,1999,2290000.0,-220000.0,2040000.0,1260000.0,300000.0,460000.0,740000.0,4370000.0,620000.0,360000.0,40000.0
Moldova,MDA,2000,2140000.0,-230000.0,1920000.0,1030000.0,259999.0,500000.0,730000.0,4070000.0,670000.0,259999.0,60000.0
Moldova,MDA,2001,2150000.0,-910000.0,1820000.0,1060000.0,280000.0,500000.0,730000.0,4330000.0,670000.0,270000.0,50000.0
Moldova,MDA,2002,2160000.0,-920000.0,1730000.0,1160000.0,340000.0,519999.0,990000.0,4020000.0,720000.0,330000.0,60000.0
Moldova,MDA,2003,2150000.0,-920000.0,1680000.0,1360000.0,380000.0,560000.0,1160000.0,4200000.0,760000.0,300000.0,40000.0
Moldova,MDA,2004,2079999.0,-930000.0,1670000.0,1650000.0,440000.0,650000.0,1290000.0,3700000.0,820000.0,270000.0,30000.0
Moldova,MDA,2005,1940000.0,-930000.0,1690000.0,1670000.0,530000.0,1010000.0,1220000.0,3790000.0,880000.0,220000.0,40000.0
Moldova,MDA,2006,1860000.0,-930000.0,1710000.0,1600000.0,640000.0,740000.0,1230000.0,3810000.0,770000.0,220000.0,40000.0
Moldova,MDA,2007,1830000.0,-930000.0,1780000.0,1390000.0,890000.0,860000.0,1350000.0,3710000.0,810000.0,210000.0,40000.0
Moldova,MDA,2008,1610000.0,-930000.0,1900000.0,1130000.0,990000.0,700000.0,1640000.0,3740000.0,810000.0,250000.0,50000.0
Moldova,MDA,2009,1490000.0,-930000.0,1980000.0,1230000.0,550000.0,590000.0,1550000.0,3800000.0,670000.0,220000.0,60000.0
Moldova,MDA,2010,1570000.0,-930000.0,2050000.0,1530000.0,570000.0,960000.0,1780000.0,3730000.0,650000.0,220000.0,60000.0
Moldova,MDA,2011,1630000.0,-380000.0,2040000.0,1500000.0,650000.0,1039999.0,1900000.0,3530000.0,740000.0,220000.0,60000.0
Moldova,MDA,2012,1510000.0,-380000.0,2030000.0,1500000.0,660000.0,1070000.0,1670000.0,3570000.0,730000.0,170000.0,70000.0
Moldova,MDA,2013,1590000.0,-380000.0,2050000.0,1450000.0,700000.0,800000.0,1760000.0,2810000.0,690000.0,180000.0,70000.0
Moldova,MDA,2014,1640000.0,-370000.0,2020000.0,1360000.0,690000.0,900000.0,1820000.0,3280000.0,670000.0,180000.0,80000.0
Moldova,MDA,2015,1540000.0,-380000.0,2010000.0,1330000.0,670000.0,770000.0,1990000.0,3630000.0,580000.0,180000.0,70000.0
Moldova,MDA,2016,1620000.0,180000.0,1990000.0,1360000.0,680000.0,780000.0,2089999.0,3580000.0,580000.0,230000.0,100000.0
Moldova,MDA,2017,1660000.0,180000.0,1970000.0,1500000.0,800000.0,960000.0,2100000.0,3010000.0,530000.0,320000.0,150000.0
Moldova,MDA,2018,1710000.0,180000.0,1950000.0,1510000.0,880000.0,1080000.0,2140000.0,3260000.0,580000.0,330000.0,180000.0
Moldova,MDA,2019,1540000.0,200000.0,1940000.0,1560000.0,950000.0,1130000.0,2210000.0,3350000.0,590000.0,360000.0,160000.0
Moldova,MDA,2020,1290000.0,200000.0,1920000.0,1480000.0,920000.0,810000.0,2060000.0,3600000.0,590000.0,370000.0,60000.0
Moldova,MDA,2021,1430000.0,200000.0,1910000.0,1670000.0,930000.0,850000.0,2280000.0,3880000.0,650000.0,470000.0,129999.0
Moldova,MDA,2022,1250000.0,200000.0,1910000.0,1310000.0,920000.0,680000.0,2290000.0,3120000.0,500000.0,400000.0,150000.0
Moldova,MDA,2023,1450000.0,190000.0,1950000.0,1140000.0,920000.0,250000.0,2240000.0,3660000.0,510000.0,430000.0,150000.0
Mongolia,MNG,1990,17090000.0,23510000.0,140000.0,950000.0,170000.0,2830000.0,1610000.0,6620000.0,259999.0,1090000.0,10000.0
Mongolia,MNG,1991,17600000.0,23510000.0,150000.0,1750000.0,120000.0,3450000.0,1030000.0,8240000.0,240000.0,420000.0,0.0
Mongolia,MNG,1992,17360000.0,23510000.0,150000.0,550000.0,90000.0,2670000.0,920000.0,8010000.0,180000.0,800000.0,0.0
Mongolia,MNG,1993,17190000.0,23510000.0,150000.0,880000.0,60000.0,2420000.0,1030000.0,7220000.0,150000.0,420000.0,0.0
Mongolia,MNG,1994,16960000.0,23510000.0,150000.0,870000.0,60000.0,1840000.0,700000.0,6640000.0,129999.0,360000.0,0.0
Mongolia,MNG,1995,17980000.0,23520000.0,150000.0,350000.0,70000.0,1970000.0,860000.0,6590000.0,129999.0,570000.0,60000.0
Mongolia,MNG,1996,18890000.0,23700000.0,150000.0,270000.0,70000.0,1100000.0,900000.0,5860000.0,129999.0,610000.0,90000.0
Mongolia,MNG,1997,19880000.0,25120000.0,150000.0,460000.0,70000.0,1550000.0,840000.0,5500000.0,129999.0,230000.0,80000.0
Mongolia,MNG,1998,20270000.0,24350000.0,150000.0,320000.0,70000.0,980000.0,820000.0,6250000.0,129999.0,230000.0,70000.0
Mongolia,MNG,1999,20900000.0,23770000.0,160000.0,330000.0,70000.0,870000.0,850000.0,6130000.0,140000.0,470000.0,50000.0
Mongolia,MNG,2000,21240000.0,24190000.0,170000.0,680000.0,70000.0,630000.0,1010000.0,6580000.0,150000.0,220000.0,60000.0
Mongolia,MNG,2001,18610000.0,23390000.0,170000.0,590000.0,60000.0,610000.0,970000.0,6410000.0,160000.0,550000.0,70000.0
Mongolia,MNG,2002,15940000.0,23470000.0,180000.0,770000.0,90000.0,650000.0,1080000.0,6970000.0,170000.0,280000.0,70000.0
Mongolia,MNG,2003,16020000.0,23410000.0,190000.0,820000.0,100000.0,690000.0,1039999.0,6490000.0,180000.0,430000.0,80000.0
Mongolia,MNG,2004,15510000.0,23460000.0,200000.0,800000.0,90000.0,700000.0,1210000.0,6640000.0,190000.0,380000.0,70000.0
Mongolia,MNG,2005,16740000.0,23470000.0,210000.0,1280000.0,110000.0,750000.0,1080000.0,7660000.0,200000.0,490000.0,60000.0
Mongolia,MNG,2006,18270000.0,23500000.0,210000.0,820000.0,129999.0,2200000.0,1330000.0,7560000.0,220000.0,690000.0,129999.0
Mongolia,MNG,2007,20290000.0,23560000.0,230000.0,990000.0,150000.0,1600000.0,1600000.0,8029999.0,270000.0,980000.0,129999.0
Mongolia,MNG,2008,20460000.0,23520000.0,240000.0,860000.0,170000.0,1630000.0,1690000.0,7940000.0,300000.0,1010000.0,100000.0
Mongolia,MNG,2009,20660000.0,23640000.0,250000.0,1750000.0,140000.0,1420000.0,1540000.0,8310000.0,450000.0,870000.0,50000.0
Mongolia,MNG,2010,17060000.0,23540000.0,259999.0,1770000.0,220000.0,1630000.0,1520000.0,8910000.0,740000.0,670000.0,50000.0
Mongolia,MNG,2011,19140000.0,22730000.0,270000.0,1690000.0,210000.0,2000000.0,1800000.0,9320000.0,990000.0,1120000.0,80000.0
Mongolia,MNG,2012,21000000.0,22710000.0,290000.0,1570000.0,210000.0,2430000.0,2069999.0,10090000.0,960000.0,1180000.0,90000.0
Mongolia,MNG,2013,22130000.0,22720000.0,300000.0,1920000.0,160000.0,2220000.0,2010000.0,11140000.0,1010000.0,1380000.0,110000.0
Mongolia,MNG,2014,24910000.0,22730000.0,310000.0,1420000.0,250000.0,1900000.0,2079999.0,11670000.0,960000.0,1200000.0,70000.0
Mongolia,MNG,2015,26990000.0,22760000.0,320000.0,1290000.0,250000.0,1490000.0,2100000.0,11710000.0,970000.0,830000.0,70000.0
Mongolia,MNG,2016,28590000.0,22390000.0,340000.0,1850000.0,259999.0,1440000.0,1830000.0,11730000.0,1330000.0,1480000.0,70000.0
Mongolia,MNG,2017,30090000.0,22350000.0,350000.0,1700000.0,370000.0,1780000.0,2200000.0,12770000.0,1660000.0,1170000.0,90000.0
Mongolia,MNG,2018,29990000.0,22320000.0,360000.0,1910000.0,490000.0,1960000.0,2220000.0,13570000.0,1740000.0,1810000.0,120000.0
Mongolia,MNG,2019,31740000.0,22260000.0,380000.0,1360000.0,560000.0,2500000.0,2850000.0,13640000.0,1850000.0,2700000.0,150000.0
Mongolia,MNG,2020,30910000.0,22270000.0,370000.0,1510000.0,600000.0,2210000.0,2920000.0,12990000.0,1480000.0,1450000.0,60000.0
Mongolia,MNG,2021,31470000.0,22210000.0,370000.0,1600000.0,650000.0,2230000.0,2850000.0,14550000.0,1160000.0,1800000.0,80000.0
Mongolia,MNG,2022,33790000.0,22190000.0,380000.0,1490000.0,690000.0,2220000.0,3220000.0,15410000.0,1020000.0,1740000.0,210000.0
Mongolia,MNG,2023,32710000.0,22190000.0,390000.0,1560000.0,690000.0,2880000.0,3750000.0,16469999.0,1000000.0,1830000.0,310000.0
Montenegro,MNE,1990,860000.0,-2550000.0,70000.0,0.0,60000.0,0.0,0.0,0.0,0.0,0.0,0.0
Montenegro,MNE,1991,820000.0,-2550000.0,70000.0,0.0,50000.0,0.0,0.0,0.0,0.0,0.0,0.0
Montenegro,MNE,1992,670000.0,-2550000.0,70000.0,0.0,50000.0,0.0,0.0,0.0,0.0,0.0,0.0
Montenegro,MNE,1993,660000.0,-2550000.0,80000.0,0.0,50000.0,0.0,0.0,0.0,0.0,0.0,0.0
Montenegro,MNE,1994,650000.0,-2550000.0,80000.0,0.0,50000.0,0.0,0.0,0.0,0.0,0.0,0.0
Montenegro,MNE,1995,700000.0,-2550000.0,90000.0,0.0,50000.0,0.0,0.0,0.0,0.0,0.0,0.0
Montenegro,MNE,1996,710000.0,-2550000.0,90000.0,0.0,50000.0,0.0,0.0,0.0,0.0,0.0,0.0
Montenegro,MNE,1997,720000.0,-2550000.0,90000.0,0.0,50000.0,0.0,0.0,0.0,0.0,0.0,0.0
Montenegro,MNE,1998,690000.0,-2540000.0,100000.0,0.0,50000.0,0.0,0.0,0.0,0.0,0.0,0.0
Montenegro,MNE,1999,640000.0,-2540000.0,100000.0,0.0,50000.0,0.0,0.0,0.0,0.0,0.0,0.0
Montenegro,MNE,2000,560000.0,-2540000.0,100000.0,0.0,50000.0,0.0,0.0,0.0,0.0,0.0,0.0
Montenegro,MNE,2001,570000.0,-6810000.0,110000.0,0.0,50000.0,0.0,0.0,0.0,0.0,0.0,0.0
Montenegro,MNE,2002,550000.0,-6810000.0,110000.0,0.0,60000.0,0.0,0.0,0.0,0.0,0.0,0.0
Montenegro,MNE,2003,530000.0,-6810000.0,110000.0,0.0,400000.0,0.0,0.0,0.0,0.0,0.0,0.0
Montenegro,MNE,2004,590000.0,-6810000.0,120000.0,0.0,480000.0,0.0,0.0,0.0,0.0,0.0,0.0
Montenegro,MNE,2005,530000.0,-6810000.0,120000.0,90000.0,410000.0,370000.0,480000.0,1130000.0,40000.0,10000.0,40000.0
Montenegro,MNE,2006,570000.0,-6810000.0,120000.0,120000.0,410000.0,340000.0,470000.0,1280000.0,40000.0,40000.0,50000.0
Montenegro,MNE,2007,550000.0,-6810000.0,120000.0,80000.0,480000.0,450000.0,620000.0,1000000.0,30000.0,10000.0,30000.0
Montenegro,MNE,2008,519999.0,-6810000.0,129999.0,90000.0,330000.0,519999.0,620000.0,1540000.0,40000.0,0.0,40000.0
Montenegro,MNE,2009,500000.0,-6810000.0,129999.0,100000.0,210000.0,259999.0,640000.0,820000.0,20000.0,0.0,10000.0
Montenegro,MNE,2010,480000.0,-6810000.0,120000.0,100000.0,230000.0,120000.0,710000.0,1740000.0,50000.0,0.0,10000.0
Montenegro,MNE,2011,430000.0,40000.0,120000.0,80000.0,150000.0,100000.0,660000.0,1770000.0,50000.0,0.0,30000.0
Montenegro,MNE,2012,460000.0,40000.0,129999.0,80000.0,140000.0,120000.0,630000.0,1580000.0,40000.0,10000.0,40000.0
Montenegro,MNE,2013,440000.0,30000.0,129999.0,80000.0,129999.0,200000.0,510000.0,1530000.0,40000.0,30000.0,40000.0
Montenegro,MNE,2014,450000.0,40000.0,129999.0,110000.0,120000.0,180000.0,500000.0,1490000.0,40000.0,20000.0,50000.0
Montenegro,MNE,2015,470000.0,40000.0,129999.0,110000.0,120000.0,180000.0,570000.0,1550000.0,40000.0,20000.0,60000.0
Montenegro,MNE,2016,450000.0,30000.0,129999.0,120000.0,120000.0,170000.0,670000.0,1250000.0,30000.0,10000.0,60000.0
Montenegro,MNE,2017,450000.0,50000.0,129999.0,110000.0,140000.0,210000.0,720000.0,1290000.0,30000.0,10000.0,60000.0
Montenegro,MNE,2018,430000.0,30000.0,140000.0,110000.0,150000.0,200000.0,780000.0,1480000.0,40000.0,10000.0,70000.0
Montenegro,MNE,2019,420000.0,20000.0,140000.0,110000.0,160000.0,210000.0,820000.0,1530000.0,40000.0,10000.0,70000.0
Montenegro,MNE,2020,400000.0,20000.0,140000.0,100000.0,170000.0,200000.0,700000.0,1590000.0,40000.0,10000.0,10000.0
Montenegro,MNE,2021,380000.0,20000.0,140000.0,110000.0,180000.0,220000.0,910000.0,1380000.0,40000.0,10000.0,40000.0
Montenegro,MNE,2022,360000.0,20000.0,140000.0,110000.0,180000.0,190000.0,930000.0,1490000.0,40000.0,10000.0,50000.0
Montenegro,MNE,2023,370000.0,20000.0,140000.0,100000.0,180000.0,180000.0,940000.0,1600000.0,40000.0,10000.0,80000.0
Morocco,MAR,1990,12280000.0,-8200000.0,1090000.0,2470000.0,2500000.0,5410000.0,3980000.0,7930000.0,80000.0,710000.0,860000.0
Morocco,MAR,1991,11870000.0,-8200000.0,1100000.0,2780000.0,3170000.0,5660000.0,4410000.0,7850000.0,80000.0,760000.0,630000.0
Morocco,MAR,1992,11160000.0,-8200000.0,1770000.0,2960000.0,3310000.0,5860000.0,4890000.0,8420000.0,90000.0,880000.0,730000.0
Morocco,MAR,1993,10000000.0,-8200000.0,2410000.0,3170000.0,3400000.0,5000000.0,5320000.0,9260000.0,80000.0,990000.0,750000.0
Morocco,MAR,1994,10590000.0,-8200000.0,3020000.0,3310000.0,3240000.0,5580000.0,5750000.0,10220000.0,80000.0,1070000.0,710000.0
Morocco,MAR,1995,10150000.0,-8200000.0,3120000.0,3440000.0,3220000.0,4660000.0,6100000.0,11700000.0,80000.0,1100000.0,780000.0
Morocco,MAR,1996,10970000.0,-8200000.0,3220000.0,3540000.0,3270000.0,5530000.0,6520000.0,9960000.0,70000.0,1110000.0,810000.0
Morocco,MAR,1997,11360000.0,-8200000.0,3320000.0,3740000.0,3540000.0,5390000.0,6960000.0,10640000.0,80000.0,1120000.0,840000.0
Morocco,MAR,1998,11390000.0,-8200000.0,3420000.0,3890000.0,3620000.0,5420000.0,7400000.0,10630000.0,80000.0,1200000.0,950000.0
Morocco,MAR,1999,11860000.0,-8200000.0,3520000.0,4100000.0,3650000.0,5800000.0,7910000.0,11010000.0,90000.0,1280000.0,980000.0
Morocco,MAR,2000,12220000.0,-8200000.0,3620000.0,4179999.0,3920000.0,5560000.0,8319999.0,11240000.0,80000.0,1280000.0,960000.0
Morocco,MAR,2001,12240000.0,-3620000.0,5110000.0,4300000.0,4800000.0,5630000.0,8740000.0,13230000.0,80000.0,1340000.0,950000.0
Morocco,MAR,2002,12420000.0,-3620000.0,6590000.0,4430000.0,4880000.0,5380000.0,9150000.0,14060000.0,80000.0,1370000.0,950000.0
Morocco,MAR,2003,12530000.0,-3620000.0,8080000.0,4490000.0,4950000.0,4170000.0,9540000.0,14520000.0,80000.0,1420000.0,970000.0
Morocco,MAR,2004,12890000.0,-3610000.0,9560000.0,5600000.0,5130000.0,6410000.0,10010000.0,15920000.0,100000.0,1510000.0,1460000.0
Morocco,MAR,2005,13190000.0,-3610000.0,11050000.0,5650000.0,5160000.0,6680000.0,10420000.0,16830000.0,129999.0,1600000.0,1610000.0
Morocco,MAR,2006,13650000.0,-3610000.0,12530000.0,5830000.0,5370000.0,6780000.0,10730000.0,16960000.0,140000.0,1660000.0,1770000.0
Morocco,MAR,2007,13040000.0,-3620000.0,14020000.0,6120000.0,5970000.0,6800000.0,11390000.0,16700001.0,150000.0,1680000.0,1990000.0
Morocco,MAR,2008,13200000.0,-3620000.0,15510000.0,6310000.0,6450000.0,7650000.0,12480000.0,16900000.0,150000.0,1730000.0,1990000.0
Morocco,MAR,2009,13080000.0,-3620000.0,16990000.0,6270000.0,6830000.0,7240000.0,13200000.0,15840000.0,160000.0,2010000.0,2000000.0
Morocco,MAR,2010,13410000.0,-3620000.0,18480000.0,6420000.0,6830000.0,7670000.0,13890000.0,17730000.0,180000.0,2050000.0,2230000.0
Morocco,MAR,2011,14080000.0,-2270000.0,14310000.0,6610000.0,6820000.0,8640000.0,14700000.0,19940000.0,200000.0,2160000.0,2240000.0
Morocco,MAR,2012,13690000.0,-2260000.0,10140000.0,6940000.0,7540000.0,8880000.0,14920000.0,20530000.0,220000.0,2250000.0,2060000.0
Morocco,MAR,2013,14530000.0,-2270000.0,10430000.0,7060000.0,7610000.0,8790000.0,15480000.0,19100000.0,220000.0,2340000.0,2200000.0
Morocco,MAR,2014,14550000.0,-2260000.0,10700000.0,7350000.0,6810000.0,7730000.0,15680000.0,21610000.0,220000.0,2390000.0,2380000.0
Morocco,MAR,2015,14910000.0,-2270000.0,10960000.0,7480000.0,6920000.0,7490000.0,16670000.0,22240000.0,220000.0,2530000.0,2500000.0
Morocco,MAR,2016,13850000.0,-3760000.0,11230000.0,7780000.0,6990000.0,6930000.0,17350000.0,21630000.0,230000.0,2630000.0,2500000.0
Morocco,MAR,2017,15100000.0,-3760000.0,11490000.0,7950000.0,6950000.0,7940000.0,17990000.0,22540000.0,240000.0,2770000.0,2610000.0
Morocco,MAR,2018,15160000.0,-3760000.0,11730000.0,8069999.0,6900000.0,7880000.0,18490000.0,23320000.0,230000.0,2840000.0,2790000.0
Morocco,MAR,2019,14970000.0,-3760000.0,11960000.0,8400000.0,7120000.0,7650000.0,19290000.0,28860000.0,240000.0,2980000.0,2920000.0
Morocco,MAR,2020,15030000.0,-3750000.0,12150000.0,8660000.0,6720000.0,6720000.0,16940000.0,28390000.0,190000.0,2650000.0,1330000.0
Morocco,MAR,2021,15660000.0,5330000.0,12340000.0,8790000.0,7490000.0,7580000.0,18960000.0,30270000.0,210000.0,2950000.0,1640000.0
Morocco,MAR,2022,14860000.0,5370000.0,12520000.0,8970000.0,7040000.0,6650000.0,17870000.0,32000000.0,220000.0,2810000.0,2460000.0
Morocco,MAR,2023,14310000.0,5330000.0,12740000.0,9210000.0,6930000.0,6360000.0,18620000.0,29420000.0,220000.0,2940000.0,2990000.0
Mozambique,MOZ,1990,15200000.0,61340000.0,1340000.0,4080000.0,40000.0,170000.0,620000.0,110000.0,20000.0,150000.0,220000.0
Mozambique,MOZ,1991,15090000.0,61340000.0,1370000.0,4020000.0,40000.0,170000.0,510000.0,129999.0,20000.0,120000.0,140000.0
Mozambique,MOZ,1992,15240000.0,61340000.0,1620000.0,4060000.0,20000.0,180000.0,700000.0,90000.0,20000.0,120000.0,100000.0
Mozambique,MOZ,1993,15400000.0,61340000.0,1870000.0,4110000.0,20000.0,230000.0,860000.0,60000.0,20000.0,129999.0,120000.0
Mozambique,MOZ,1994,15500000.0,61340000.0,2140000.0,4190000.0,30000.0,240000.0,710000.0,30000.0,20000.0,100000.0,140000.0
Mozambique,MOZ,1995,15580000.0,61340000.0,2410000.0,4290000.0,30000.0,240000.0,740000.0,30000.0,10000.0,140000.0,70000.0
Mozambique,MOZ,1996,15430000.0,45910000.0,2650000.0,4530000.0,90000.0,70000.0,830000.0,30000.0,10000.0,20000.0,70000.0
Mozambique,MOZ,1997,13900000.0,44870000.0,2890000.0,4680000.0,110000.0,90000.0,840000.0,30000.0,10000.0,20000.0,90000.0
Mozambique,MOZ,1998,15900000.0,45560000.0,3120000.0,5610000.0,110000.0,170000.0,860000.0,20000.0,10000.0,30000.0,90000.0
Mozambique,MOZ,1999,15000000.0,45140000.0,3340000.0,5720000.0,110000.0,170000.0,860000.0,20000.0,10000.0,40000.0,110000.0
Mozambique,MOZ,2000,13720000.0,43630000.0,3560000.0,6690000.0,430000.0,80000.0,860000.0,50000.0,10000.0,10000.0,140000.0
Mozambique,MOZ,2001,15280000.0,63620000.0,3780000.0,5560000.0,1260000.0,220000.0,860000.0,50000.0,10000.0,20000.0,129999.0
Mozambique,MOZ,2002,17260000.0,57360000.0,3990000.0,6070000.0,1660000.0,240000.0,930000.0,40000.0,20000.0,10000.0,140000.0
Mozambique,MOZ,2003,17610000.0,61940000.0,4200000.0,6730000.0,1540000.0,310000.0,1150000.0,30000.0,20000.0,20000.0,259999.0
Mozambique,MOZ,2004,16790000.0,62520000.0,4420000.0,6940000.0,2320000.0,310000.0,1160000.0,40000.0,160000.0,20000.0,259999.0
Mozambique,MOZ,2005,18090000.0,64850000.0,4630000.0,7090000.0,1960000.0,270000.0,1060000.0,20000.0,259999.0,10000.0,150000.0
Mozambique,MOZ,2006,16750000.0,64960000.0,4840000.0,6860000.0,1980000.0,300000.0,1150000.0,20000.0,320000.0,20000.0,180000.0
Mozambique,MOZ,2007,17960000.0,64699996.0,5050000.0,3910000.0,2260000.0,370000.0,1430000.0,10000.0,320000.0,20000.0,200000.0
Mozambique,MOZ,2008,19190000.0,66610000.0,5260000.0,4120000.0,1690000.0,400000.0,1400000.0,20000.0,370000.0,20000.0,190000.0
Mozambique,MOZ,2009,17070000.0,63690000.0,5470000.0,3860000.0,1510000.0,470000.0,1570000.0,20000.0,360000.0,20000.0,220000.0
Mozambique,MOZ,2010,18550000.0,71480000.0,5690000.0,3590000.0,1470000.0,470000.0,1740000.0,20000.0,400000.0,20000.0,210000.0
Mozambique,MOZ,2011,16940000.0,65930000.0,5910000.0,3790000.0,910000.0,610000.0,2100000.0,180000.0,930000.0,20000.0,120000.0
Mozambique,MOZ,2012,17710000.0,69670000.0,6130000.0,3890000.0,1000000.0,550000.0,2430000.0,190000.0,1880000.0,20000.0,120000.0
Mozambique,MOZ,2013,18400000.0,69740000.0,6350000.0,4000000.0,1039999.0,710000.0,2630000.0,259999.0,2330000.0,30000.0,140000.0
Mozambique,MOZ,2014,18480000.0,68720000.0,6580000.0,4100000.0,1100000.0,770000.0,3080000.0,290000.0,2630000.0,60000.0,140000.0
Mozambique,MOZ,2015,17260000.0,66890000.0,6820000.0,4210000.0,1130000.0,650000.0,3200000.0,790000.0,2590000.0,190000.0,120000.0
Mozambique,MOZ,2016,16250000.0,69680000.0,7070000.0,4310000.0,1500000.0,760000.0,3540000.0,1800000.0,2480000.0,170000.0,129999.0
Mozambique,MOZ,2017,15720000.0,67840000.0,7330000.0,4390000.0,1480000.0,830000.0,3340000.0,1940000.0,4050000.0,110000.0,90000.0
Mozambique,MOZ,2018,18140000.0,68400000.0,7590000.0,4460000.0,1510000.0,880000.0,3320000.0,1740000.0,5260000.0,0.0,110000.0
Mozambique,MOZ,2019,17630000.0,63720000.0,7850000.0,4550000.0,1640000.0,940000.0,3670000.0,1860000.0,3770000.0,40000.0,110000.0
Mozambique,MOZ,2020,17000000.0,62270000.0,8120000.0,4650000.0,1670000.0,720000.0,3340000.0,1760000.0,2780000.0,30000.0,60000.0
Mozambique,MOZ,2021,17190000.0,63030000.0,8390000.0,4780000.0,1690000.0,790000.0,4250000.0,1890000.0,3810000.0,60000.0,70000.0
Mozambique,MOZ,2022,20040000.0,61910000.0,8660000.0,4900000.0,1750000.0,1050000.0,4430000.0,2150000.0,4940000.0,129999.0,70000.0
Mozambique,MOZ,2023,18180000.0,57270000.0,8940000.0,5050000.0,1780000.0,1160000.0,4260000.0,2220000.0,4620000.0,150000.0,170000.0
Myanmar,MMR,1990,47130000.0,108710000.0,1460000.0,8970000.0,300000.0,980000.0,1370000.0,1590000.0,60000.0,0.0,20000.0
Myanmar,MMR,1991,46520000.0,108710000.0,1470000.0,8840000.0,310000.0,970000.0,1280000.0,1610000.0,60000.0,0.0,20000.0
Myanmar,MMR,1992,49090000.0,108710000.0,2240000.0,9050000.0,280000.0,1140000.0,1060000.0,1710000.0,60000.0,180000.0,110000.0
Myanmar,MMR,1993,51380000.0,108710000.0,2780000.0,9000000.0,259999.0,770000.0,1620000.0,1900000.0,60000.0,370000.0,30000.0
Myanmar,MMR,1994,53100000.0,108710000.0,3160000.0,9270000.0,320000.0,940000.0,1860000.0,2200000.0,70000.0,490000.0,50000.0
Myanmar,MMR,1995,54990000.0,108720000.0,3440000.0,9300000.0,330000.0,990000.0,2770000.0,2490000.0,80000.0,530000.0,30000.0
Myanmar,MMR,1996,54570000.0,104920000.0,3650000.0,9160000.0,330000.0,1020000.0,2980000.0,2690000.0,80000.0,470000.0,50000.0
Myanmar,MMR,1997,53180000.0,103720000.0,3810000.0,9310000.0,320000.0,1260000.0,2450000.0,2860000.0,70000.0,560000.0,70000.0
Myanmar,MMR,1998,54060000.0,108640000.0,3940000.0,9470000.0,259999.0,1170000.0,3010000.0,2910000.0,80000.0,790000.0,50000.0
Myanmar,MMR,1999,58240000.0,109080000.0,4040000.0,9430000.0,270000.0,1470000.0,3070000.0,3170000.0,80000.0,1030000.0,50000.0
Myanmar,MMR,2000,59470000.0,103670000.0,4130000.0,9530000.0,310000.0,2450000.0,3580000.0,2780000.0,140000.0,630000.0,60000.0
Myanmar,MMR,2001,60240000.0,83840000.0,4230000.0,9730000.0,240000.0,2430000.0,2880000.0,2390000.0,140000.0,650000.0,60000.0
Myanmar,MMR,2002,60560000.0,83080000.0,4310000.0,9950000.0,259999.0,1500000.0,3550000.0,2730000.0,160000.0,490000.0,50000.0
Myanmar,MMR,2003,62360000.0,92990000.0,4430000.0,10180000.0,350000.0,2550000.0,3960000.0,3180000.0,170000.0,690000.0,60000.0
Myanmar,MMR,2004,65030000.0,104830000.0,4540000.0,10530000.0,290000.0,1940000.0,4400000.0,3100000.0,210000.0,740000.0,60000.0
Myanmar,MMR,2005,67760000.0,91420000.0,4650000.0,10720000.0,310000.0,2110000.0,4850000.0,3120000.0,210000.0,740000.0,40000.0
Myanmar,MMR,2006,71930000.0,92210000.0,4730000.0,10830000.0,320000.0,2040000.0,4070000.0,3120000.0,220000.0,770000.0,50000.0
Myanmar,MMR,2007,73960000.0,100940000.0,4800000.0,10870000.0,340000.0,1990000.0,4580000.0,3120000.0,220000.0,760000.0,60000.0
Myanmar,MMR,2008,74880000.0,87550000.0,4890000.0,10910000.0,370000.0,2060000.0,2170000.0,2880000.0,200000.0,740000.0,60000.0
Myanmar,MMR,2009,76250000.0,97660000.0,4980000.0,10950000.0,370000.0,2110000.0,2280000.0,2170000.0,190000.0,740000.0,60000.0
Myanmar,MMR,2010,77650000.0,101060000.0,5050000.0,10760000.0,270000.0,2410000.0,2390000.0,2750000.0,220000.0,550000.0,70000.0
Myanmar,MMR,2011,76050000.0,78070000.0,5100000.0,10810000.0,350000.0,2510000.0,2450000.0,2970000.0,220000.0,750000.0,70000.0
Myanmar,MMR,2012,76260000.0,83440000.0,5170000.0,10870000.0,560000.0,3740000.0,3160000.0,3200000.0,220000.0,1760000.0,120000.0
Myanmar,MMR,2013,77680000.0,82690000.0,5240000.0,10930000.0,630000.0,4070000.0,3670000.0,3330000.0,220000.0,2370000.0,129999.0
Myanmar,MMR,2014,79610000.0,84850000.0,5310000.0,10990000.0,730000.0,5010000.0,4139999.0,4760000.0,250000.0,2920000.0,140000.0
Myanmar,MMR,2015,81100000.0,87640000.0,5370000.0,11050000.0,610000.0,5480000.0,4520000.0,5690000.0,270000.0,3280000.0,140000.0
Myanmar,MMR,2016,82690000.0,80050000.0,5420000.0,12080000.0,1190000.0,4450000.0,4630000.0,7750000.0,280000.0,4250000.0,290000.0
Myanmar,MMR,2017,86920000.0,78690000.0,5460000.0,12640000.0,2320000.0,8980000.0,6190000.0,8610000.0,290000.0,5540000.0,230000.0
Myanmar,MMR,2018,62090000.0,80620000.0,5450000.0,12610000.0,1950000.0,9770000.0,6330000.0,6510000.0,290000.0,5620000.0,230000.0
Myanmar,MMR,2019,62050000.0,79750000.0,5450000.0,12660000.0,2180000.0,9650000.0,6630000.0,8319999.0,340000.0,5810000.0,240000.0
Myanmar,MMR,2020,63170000.0,88090000.0,5450000.0,12590000.0,2530000.0,9120000.0,6030000.0,9640000.0,330000.0,5380000.0,80000.0
Myanmar,MMR,2021,64199996.0,82660000.0,5490000.0,12480000.0,2800000.0,8220000.0,5280000.0,9080000.0,310000.0,4830000.0,30000.0
Myanmar,MMR,2022,63460000.0,76610000.0,5530000.0,11610000.0,3340000.0,3860000.0,12910000.0,8279999.0,280000.0,1460000.0,70000.0
Myanmar,MMR,2023,61040000.0,80750000.0,5580000.0,11640000.0,3350000.0,5150000.0,14480000.0,7670000.0,290000.0,1580000.0,110000.0
Namibia,NAM,1990,7600000.0,10570000.0,150000.0,0.0,10000.0,0.0,0.0,0.0,0.0,0.0,0.0
Namibia,NAM,1991,7800000.0,10570000.0,150000.0,140000.0,10000.0,0.0,500000.0,70000.0,0.0,570000.0,80000.0
Namibia,NAM,1992,7640000.0,10570000.0,160000.0,140000.0,10000.0,0.0,540000.0,30000.0,0.0,670000.0,80000.0
Namibia,NAM,1993,7390000.0,10570000.0,160000.0,150000.0,20000.0,0.0,550000.0,210000.0,0.0,670000.0,100000.0
Namibia,NAM,1994,7350000.0,10570000.0,259999.0,160000.0,20000.0,0.0,600000.0,230000.0,0.0,810000.0,129999.0
Namibia,NAM,1995,7300000.0,10570000.0,280000.0,180000.0,20000.0,0.0,650000.0,40000.0,0.0,1070000.0,100000.0
Namibia,NAM,1996,7160000.0,10560000.0,290000.0,200000.0,20000.0,180000.0,1080000.0,40000.0,0.0,600000.0,120000.0
Namibia,NAM,1997,6940000.0,10560000.0,310000.0,210000.0,20000.0,180000.0,1100000.0,40000.0,0.0,610000.0,110000.0
Namibia,NAM,1998,7540000.0,10610000.0,320000.0,210000.0,20000.0,180000.0,1140000.0,50000.0,0.0,620000.0,100000.0
Namibia,NAM,1999,7560000.0,10650000.0,340000.0,180000.0,30000.0,160000.0,1180000.0,40000.0,0.0,600000.0,110000.0
Namibia,NAM,2000,8370000.0,10680000.0,350000.0,170000.0,30000.0,160000.0,1160000.0,10000.0,0.0,580000.0,120000.0
Namibia,NAM,2001,7680000.0,90000.0,200000.0,170000.0,50000.0,230000.0,1410000.0,10000.0,0.0,810000.0,60000.0
Namibia,NAM,2002,6830000.0,90000.0,200000.0,160000.0,70000.0,200000.0,1240000.0,0.0,0.0,700000.0,50000.0
Namibia,NAM,2003,7290000.0,90000.0,210000.0,160000.0,100000.0,210000.0,1300000.0,20000.0,0.0,740000.0,80000.0
Namibia,NAM,2004,7680000.0,90000.0,210000.0,150000.0,120000.0,220000.0,1360000.0,10000.0,0.0,770000.0,40000.0
Namibia,NAM,2005,8350000.0,90000.0,210000.0,140000.0,140000.0,200000.0,1600000.0,40000.0,0.0,690000.0,30000.0
Namibia,NAM,2006,9680000.0,90000.0,220000.0,140000.0,170000.0,210000.0,1420000.0,150000.0,0.0,720000.0,40000.0
Namibia,NAM,2007,8850000.0,90000.0,220000.0,129999.0,200000.0,220000.0,1420000.0,170000.0,0.0,730000.0,40000.0
Namibia,NAM,2008,6950000.0,90000.0,220000.0,120000.0,230000.0,220000.0,1560000.0,220000.0,0.0,910000.0,40000.0
Namibia,NAM,2009,9910000.0,90000.0,220000.0,120000.0,259999.0,220000.0,1730000.0,129999.0,0.0,950000.0,40000.0
Namibia,NAM,2010,9130000.0,90000.0,230000.0,600000.0,290000.0,140000.0,1810000.0,30000.0,0.0,110000.0,50000.0
Namibia,NAM,2011,14140000.0,100000.0,240000.0,610000.0,450000.0,150000.0,1840000.0,20000.0,0.0,100000.0,50000.0
Namibia,NAM,2012,15530000.0,100000.0,240000.0,640000.0,530000.0,150000.0,1810000.0,90000.0,0.0,110000.0,50000.0
Namibia,NAM,2013,7980000.0,100000.0,250000.0,660000.0,590000.0,160000.0,1870000.0,80000.0,0.0,110000.0,60000.0
Namibia,NAM,2014,7020000.0,100000.0,250000.0,710000.0,640000.0,170000.0,1940000.0,10000.0,0.0,140000.0,60000.0
Namibia,NAM,2015,6880000.0,100000.0,259999.0,770000.0,670000.0,210000.0,2100000.0,40000.0,0.0,190000.0,220000.0
Namibia,NAM,2016,7430000.0,110000.0,259999.0,850000.0,650000.0,230000.0,2180000.0,90000.0,0.0,259999.0,190000.0
Namibia,NAM,2017,7460000.0,110000.0,270000.0,800000.0,840000.0,210000.0,2180000.0,100000.0,0.0,180000.0,80000.0
Namibia,NAM,2018,6520000.0,110000.0,270000.0,820000.0,970000.0,220000.0,2160000.0,30000.0,0.0,200000.0,240000.0
Namibia,NAM,2019,5390000.0,110000.0,280000.0,840000.0,1050000.0,220000.0,2160000.0,80000.0,0.0,200000.0,240000.0
Namibia,NAM,2020,8310000.0,110000.0,280000.0,770000.0,1039999.0,210000.0,1980000.0,110000.0,0.0,190000.0,250000.0
Namibia,NAM,2021,8720000.0,100000.0,290000.0,850000.0,1110000.0,230000.0,2060000.0,70000.0,0.0,200000.0,280000.0
Namibia,NAM,2022,7450000.0,100000.0,290000.0,870000.0,1110000.0,230000.0,1990000.0,30000.0,0.0,180000.0,290000.0
Namibia,NAM,2023,8140000.0,100000.0,300000.0,910000.0,1140000.0,250000.0,2079999.0,60000.0,0.0,190000.0,300000.0
Nauru,NRU,1990,0.0,0.0,,,0.0,60000.0,30000.0,30000.0,0.0,10000.0,40000.0
Nauru,NRU,1991,0.0,0.0,,,0.0,60000.0,30000.0,30000.0,0.0,10000.0,40000.0
Nauru,NRU,1992,0.0,0.0,,,0.0,50000.0,30000.0,30000.0,0.0,10000.0,40000.0
Nauru,NRU,1993,0.0,0.0,,,0.0,50000.0,30000.0,30000.0,0.0,10000.0,40000.0
Nauru,NRU,1994,0.0,0.0,0.0,,0.0,40000.0,30000.0,30000.0,0.0,10000.0,30000.0
Nauru,NRU,1995,0.0,0.0,0.0,,0.0,40000.0,30000.0,30000.0,0.0,10000.0,30000.0
Nauru,NRU,1996,0.0,0.0,0.0,,0.0,40000.0,30000.0,30000.0,0.0,10000.0,30000.0
Nauru,NRU,1997,0.0,0.0,0.0,,0.0,40000.0,30000.0,30000.0,0.0,10000.0,30000.0
Nauru,NRU,1998,0.0,0.0,0.0,,0.0,40000.0,30000.0,30000.0,0.0,10000.0,30000.0
Nauru,NRU,1999,0.0,0.0,10000.0,,0.0,40000.0,20000.0,30000.0,0.0,0.0,30000.0
Nauru,NRU,2000,0.0,0.0,10000.0,,0.0,30000.0,20000.0,30000.0,0.0,0.0,20000.0
Nauru,NRU,2001,0.0,0.0,10000.0,,0.0,30000.0,20000.0,30000.0,0.0,0.0,20000.0
Nauru,NRU,2002,0.0,0.0,10000.0,,0.0,,20000.0,30000.0,0.0,30000.0,20000.0
Nauru,NRU,2003,0.0,0.0,10000.0,,0.0,,10000.0,30000.0,0.0,30000.0,20000.0
Nauru,NRU,2004,0.0,0.0,10000.0,,0.0,,10000.0,30000.0,0.0,30000.0,20000.0
Nauru,NRU,2005,0.0,0.0,10000.0,,0.0,,10000.0,30000.0,0.0,30000.0,20000.0
Nauru,NRU,2006,0.0,0.0,10000.0,,0.0,,10000.0,20000.0,0.0,20000.0,10000.0
Nauru,NRU,2007,0.0,0.0,10000.0,0.0,0.0,,10000.0,20000.0,0.0,20000.0,10000.0
Nauru,NRU,2008,0.0,0.0,10000.0,0.0,0.0,,10000.0,20000.0,0.0,20000.0,10000.0
Nauru,NRU,2009,0.0,0.0,10000.0,0.0,0.0,,10000.0,20000.0,0.0,10000.0,10000.0
Nauru,NRU,2010,0.0,0.0,0.0,0.0,0.0,,10000.0,20000.0,0.0,10000.0,20000.0
Nauru,NRU,2011,0.0,0.0,,0.0,0.0,,10000.0,20000.0,0.0,10000.0,20000.0
Nauru,NRU,2012,0.0,0.0,,0.0,0.0,,10000.0,20000.0,0.0,10000.0,20000.0
Nauru,NRU,2013,0.0,0.0,,0.0,0.0,,10000.0,20000.0,0.0,10000.0,20000.0
Nauru,NRU,2014,0.0,0.0,,0.0,0.0,,10000.0,20000.0,0.0,20000.0,20000.0
Nauru,NRU,2015,0.0,0.0,,0.0,0.0,,10000.0,20000.0,0.0,20000.0,20000.0
Nauru,NRU,2016,0.0,0.0,,0.0,0.0,,20000.0,20000.0,0.0,10000.0,30000.0
Nauru,NRU,2017,0.0,0.0,,0.0,0.0,,20000.0,30000.0,0.0,10000.0,20000.0
Nauru,NRU,2018,0.0,0.0,,0.0,0.0,,20000.0,20000.0,0.0,10000.0,20000.0
Nauru,NRU,2019,0.0,0.0,,0.0,0.0,,20000.0,20000.0,0.0,10000.0,20000.0
Nauru,NRU,2020,0.0,0.0,,0.0,0.0,,20000.0,20000.0,0.0,10000.0,20000.0
Nauru,NRU,2021,0.0,0.0,,0.0,0.0,,20000.0,30000.0,0.0,10000.0,20000.0
Nauru,NRU,2022,0.0,0.0,,0.0,0.0,,20000.0,30000.0,0.0,10000.0,20000.0
Nauru,NRU,2023,0.0,0.0,,0.0,0.0,,20000.0,30000.0,0.0,10000.0,20000.0
Nepal,NPL,1990,19100000.0,-1100000.0,360000.0,6160000.0,50000.0,210000.0,340000.0,0.0,0.0,100000.0,50000.0
Nepal,NPL,1991,18550000.0,-1100000.0,370000.0,6360000.0,70000.0,259999.0,410000.0,30000.0,0.0,120000.0,60000.0
Nepal,NPL,1992,19210000.0,-1100000.0,440000.0,6550000.0,110000.0,150000.0,440000.0,40000.0,0.0,129999.0,80000.0
Nepal,NPL,1993,18950000.0,-1100000.0,519999.0,6730000.0,120000.0,190000.0,490000.0,60000.0,0.0,140000.0,80000.0
Nepal,NPL,1994,19980000.0,-1100000.0,580000.0,6930000.0,140000.0,330000.0,570000.0,70000.0,0.0,160000.0,100000.0
Nepal,NPL,1995,20580000.0,-1120000.0,620000.0,7150000.0,150000.0,360000.0,630000.0,30000.0,0.0,180000.0,110000.0
Nepal,NPL,1996,20820000.0,-1600000.0,650000.0,7390000.0,140000.0,310000.0,650000.0,30000.0,0.0,190000.0,129999.0
Nepal,NPL,1997,21080000.0,-1710000.0,680000.0,7630000.0,110000.0,300000.0,750000.0,90000.0,0.0,210000.0,129999.0
Nepal,NPL,1998,21440000.0,-1520000.0,720000.0,7810000.0,129999.0,310000.0,790000.0,90000.0,0.0,220000.0,150000.0
Nepal,NPL,1999,21500000.0,-1170000.0,750000.0,8080000.0,140000.0,1050000.0,790000.0,50000.0,10000.0,220000.0,150000.0
Nepal,NPL,2000,21460000.0,-1270000.0,780000.0,8480000.0,140000.0,1130000.0,840000.0,20000.0,10000.0,230000.0,170000.0
Nepal,NPL,2001,21740000.0,-1190000.0,820000.0,8880000.0,150000.0,1280000.0,760000.0,10000.0,0.0,200000.0,120000.0
Nepal,NPL,2002,21770000.0,-1570000.0,860000.0,9060000.0,160000.0,650000.0,810000.0,0.0,0.0,210000.0,140000.0
Nepal,NPL,2003,22070000.0,-760000.0,900000.0,9350000.0,170000.0,780000.0,800000.0,0.0,0.0,200000.0,129999.0
Nepal,NPL,2004,22320000.0,-950000.0,930000.0,9340000.0,170000.0,670000.0,850000.0,10000.0,0.0,220000.0,170000.0
Nepal,NPL,2005,22650000.0,-970000.0,960000.0,9540000.0,180000.0,1039999.0,850000.0,10000.0,0.0,210000.0,190000.0
Nepal,NPL,2006,22610000.0,-1250000.0,990000.0,9490000.0,200000.0,630000.0,900000.0,10000.0,0.0,210000.0,170000.0
Nepal,NPL,2007,23400000.0,-1400000.0,1020000.0,9570000.0,210000.0,820000.0,930000.0,10000.0,10000.0,170000.0,180000.0
Nepal,NPL,2008,23830000.0,-1090000.0,1050000.0,9610000.0,220000.0,760000.0,1360000.0,10000.0,10000.0,259999.0,180000.0
Nepal,NPL,2009,24240000.0,-800000.0,1080000.0,9750000.0,580000.0,770000.0,1790000.0,10000.0,10000.0,340000.0,210000.0
Nepal,NPL,2010,24830000.0,-600000.0,1110000.0,9870000.0,660000.0,1240000.0,1980000.0,0.0,0.0,350000.0,270000.0
Nepal,NPL,2011,25510000.0,2240000.0,1140000.0,10150000.0,960000.0,1460000.0,2000000.0,0.0,10000.0,340000.0,290000.0
Nepal,NPL,2012,25530000.0,2710000.0,1160000.0,8650000.0,1210000.0,2280000.0,1700000.0,10000.0,10000.0,270000.0,300000.0
Nepal,NPL,2013,26250000.0,2780000.0,1180000.0,9620000.0,1350000.0,1990000.0,1910000.0,10000.0,10000.0,300000.0,320000.0
Nepal,NPL,2014,26140000.0,2750000.0,1210000.0,9860000.0,1410000.0,2640000.0,2180000.0,0.0,10000.0,350000.0,360000.0
Nepal,NPL,2015,25950000.0,1740000.0,1230000.0,9860000.0,1740000.0,2790000.0,1850000.0,0.0,10000.0,290000.0,210000.0
Nepal,NPL,2016,26970000.0,1150000.0,1260000.0,10310000.0,2490000.0,3740000.0,3110000.0,0.0,10000.0,490000.0,430000.0
Nepal,NPL,2017,26670000.0,-1050000.0,1280000.0,10670000.0,3340000.0,4350000.0,3820000.0,0.0,10000.0,590000.0,430000.0
Nepal,NPL,2018,27350000.0,-1250000.0,1320000.0,10930000.0,3710000.0,5220000.0,4110000.0,0.0,10000.0,640000.0,370000.0
Nepal,NPL,2019,27510000.0,-230000.0,1350000.0,11060000.0,4050000.0,5010000.0,2550000.0,0.0,10000.0,660000.0,270000.0
Nepal,NPL,2020,27830000.0,-1540000.0,1370000.0,11400000.0,3440000.0,7080000.0,4050000.0,0.0,10000.0,680000.0,129999.0
Nepal,NPL,2021,27880000.0,-240000.0,1400000.0,10510000.0,3750000.0,7560000.0,4640000.0,0.0,10000.0,380000.0,310000.0
Nepal,NPL,2022,27490000.0,-1260000.0,1420000.0,8880000.0,2630000.0,4840000.0,3730000.0,0.0,10000.0,290000.0,360000.0
Nepal,NPL,2023,20900000.0,-440000.0,1440000.0,9000000.0,2650000.0,5380000.0,3800000.0,0.0,10000.0,290000.0,380000.0
Netherlands,NLD,1990,24270000.0,6130000.0,16469999.0,28890000.0,19470000.0,28600000.0,27690000.0,57710000.0,3110000.0,10080000.0,39870000.0
Netherlands,NLD,1991,24450000.0,6130000.0,16600000.0,33180000.0,17470000.0,27100000.0,28180000.0,59220000.0,3440000.0,10990000.0,41400000.0
Netherlands,NLD,1992,24200000.0,6130000.0,16280001.0,30520000.0,19360000.0,26600000.0,29700000.0,60030000.0,3440000.0,10670000.0,42230000.0
Netherlands,NLD,1993,23730000.0,6120000.0,15850000.0,32240002.0,20960000.0,26130000.0,30580000.0,61530000.0,3430000.0,11030000.0,41050000.0
Netherlands,NLD,1994,23500000.0,6110000.0,15230000.0,30100000.0,23640000.0,25710000.0,30010000.0,64949996.0,3290000.0,10430000.0,41650000.0
Netherlands,NLD,1995,23420000.0,6110000.0,14430000.0,32110000.0,22160000.0,24490000.0,30280000.0,68220000.0,3280000.0,10640000.0,42620000.0
Netherlands,NLD,1996,23030000.0,6100000.0,13960000.0,37440000.0,25220000.0,25680000.0,31560000.0,69320000.0,3620000.0,11370000.0,44560000.0
Netherlands,NLD,1997,22340000.0,6090000.0,13540000.0,31870000.0,25770000.0,24190000.0,31550000.0,70440000.0,3220000.0,9920000.0,47050000.0
Netherlands,NLD,1998,21680000.0,6090000.0,13020000.0,30440000.0,27600000.0,23020000.0,32279998.0,72790000.0,3060000.0,9800000.0,47550000.0
Netherlands,NLD,1999,21720000.0,6080000.0,11980000.0,28780000.0,17770000.0,24400000.0,32840000.0,67430000.0,2890000.0,9710000.0,49470000.0
Netherlands,NLD,2000,20890000.0,6070000.0,11300000.0,28750000.0,15850000.0,23310000.0,32840000.0,69120000.0,2810000.0,9810000.0,51670000.0
Netherlands,NLD,2001,20750000.0,5230000.0,10690000.0,30640000.0,10990000.0,23120000.0,33119998.0,72370000.0,2980000.0,9580000.0,55330000.0
Netherlands,NLD,2002,19870000.0,5140000.0,10150000.0,29410000.0,11090000.0,23620000.0,33890000.0,73320000.0,2940000.0,8840000.0,55370000.0
Netherlands,NLD,2003,19420000.0,5070000.0,9510000.0,30460000.0,9360000.0,23770000.0,34420000.0,74690000.0,2830000.0,8750000.0,52420000.0
Netherlands,NLD,2004,19440000.0,5040000.0,9140000.0,30400000.0,9550000.0,23330000.0,34960000.0,76390000.0,3220000.0,8740000.0,56950000.0
Netherlands,NLD,2005,19480000.0,5040000.0,7440000.0,28820000.0,9200000.0,23060000.0,35200000.0,73840000.0,2960000.0,8860000.0,60560000.0
Netherlands,NLD,2006,19300000.0,5030000.0,6940000.0,29050000.0,9360000.0,23850000.0,36100000.0,68760000.0,2930000.0,7760000.0,64019996.0
Netherlands,NLD,2007,19320000.0,5030000.0,6510000.0,26030000.0,8319999.0,24010000.0,35430000.0,73210000.0,2840000.0,7650000.0,65410004.0
Netherlands,NLD,2008,19910000.0,5040000.0,6130000.0,29060000.0,5010000.0,22060000.0,35780000.0,72440000.0,3070000.0,7690000.0,63410000.0
Netherlands,NLD,2009,20040000.0,5040000.0,5880000.0,29180000.0,5100000.0,21000000.0,34270000.0,70320000.0,2860000.0,7570000.0,56980000.0
Netherlands,NLD,2010,20100000.0,5040000.0,5510000.0,33660000.0,5330000.0,22200000.0,34860000.0,73440000.0,3210000.0,8860000.0,54230000.0
Netherlands,NLD,2011,19830000.0,5880000.0,5220000.0,26530000.0,4850000.0,21340000.0,34970000.0,70120000.0,3000000.0,7740000.0,58040000.0
Netherlands,NLD,2012,19820000.0,5880000.0,4940000.0,28760000.0,4640000.0,22190000.0,33470002.0,67230000.0,2950000.0,7650000.0,53770000.0
Netherlands,NLD,2013,20080000.0,5880000.0,4710000.0,29950000.0,4820000.0,21410000.0,31890000.0,67130000.0,3120000.0,7670000.0,52170000.0
Netherlands,NLD,2014,20650000.0,5870000.0,4450000.0,22880000.0,4310000.0,21160000.0,29140000.0,70300000.0,2660000.0,6980000.0,51930000.0
Netherlands,NLD,2015,21450000.0,5870000.0,4230000.0,24590000.0,4510000.0,21520000.0,29390000.0,75880000.0,1850000.0,7270000.0,49250000.0
Netherlands,NLD,2016,21410000.0,1410000.0,4050000.0,25280000.0,4210000.0,23470000.0,29530000.0,74110000.0,1790000.0,7240000.0,49300000.0
Netherlands,NLD,2017,20430000.0,1410000.0,3810000.0,24720000.0,4290000.0,24040000.0,30380000.0,70750000.0,1630000.0,7000000.0,48930000.0
Netherlands,NLD,2018,19150000.0,1410000.0,3720000.0,24400000.0,3870000.0,23300000.0,30450000.0,67019996.0,1240000.0,7330000.0,47600000.0
Netherlands,NLD,2019,19310000.0,1380000.0,3600000.0,23320000.0,3760000.0,22660000.0,30050000.0,64220000.0,750000.0,7100000.0,47900000.0
Netherlands,NLD,2020,19130000.0,1390000.0,3410000.0,21950000.0,3230000.0,22640000.0,25530000.0,54320000.0,660000.0,7010000.0,43490000.0
Netherlands,NLD,2021,18840000.0,6730000.0,3290000.0,24500000.0,3400000.0,22500000.0,25650000.0,55820000.0,640000.0,6870000.0,42900000.0
Netherlands,NLD,2022,18730000.0,6720000.0,3200000.0,19870000.0,3460000.0,20940000.0,25490000.0,51200000.0,519999.0,5390000.0,44720000.0
Netherlands,NLD,2023,18620000.0,6720000.0,3150000.0,17440000.0,3510000.0,20140000.0,26570000.0,43440000.0,430000.0,5640000.0,42750000.0
New Zealand,NZL,1990,44210000.0,-17410000.0,4100000.0,1540000.0,1640000.0,5950000.0,8900000.0,4540000.0,1030000.0,1220000.0,2410000.0
New Zealand,NZL,1991,43300000.0,-17410000.0,4230000.0,1430000.0,1660000.0,6090000.0,8900000.0,4950000.0,1120000.0,1100000.0,2240000.0
New Zealand,NZL,1992,42700000.0,-17410000.0,4350000.0,1510000.0,1210000.0,6080000.0,9300000.0,6120000.0,1140000.0,1210000.0,2160000.0
New Zealand,NZL,1993,42500000.0,-17410000.0,4470000.0,1220000.0,980000.0,6330000.0,9700000.0,5360000.0,1130000.0,1220000.0,2240000.0
New Zealand,NZL,1994,43900000.0,-17410000.0,4390000.0,1500000.0,1050000.0,6310000.0,10370000.0,4670000.0,990000.0,1290000.0,2680000.0
New Zealand,NZL,1995,45000000.0,-17370000.0,4500000.0,1410000.0,1100000.0,6030000.0,11060000.0,4360000.0,1000000.0,1370000.0,2780000.0
New Zealand,NZL,1996,43900000.0,-17380000.0,4610000.0,1320000.0,1250000.0,6110000.0,11190000.0,5290000.0,1150000.0,1410000.0,2760000.0
New Zealand,NZL,1997,44000000.0,-17380000.0,4660000.0,1330000.0,1310000.0,5880000.0,11430000.0,7440000.0,1220000.0,1500000.0,2780000.0
New Zealand,NZL,1998,43000000.0,-17380000.0,4630000.0,1360000.0,1190000.0,5640000.0,11600000.0,6980000.0,1050000.0,1550000.0,2900000.0
New Zealand,NZL,1999,43600000.0,-17380000.0,4640000.0,1370000.0,1300000.0,5550000.0,11890000.0,8130000.0,1130000.0,1590000.0,2810000.0
New Zealand,NZL,2000,42800000.0,-17380000.0,4690000.0,1480000.0,1400000.0,6060000.0,12410000.0,7920000.0,1150000.0,1530000.0,2590000.0
New Zealand,NZL,2001,43180000.0,-19230000.0,4730000.0,1460000.0,1460000.0,6480000.0,12460000.0,9600000.0,1250000.0,1540000.0,2810000.0
New Zealand,NZL,2002,44260000.0,-19240000.0,4760000.0,1400000.0,1530000.0,6760000.0,12950000.0,8670000.0,1270000.0,1680000.0,2880000.0
New Zealand,NZL,2003,44970000.0,-19240000.0,4670000.0,1580000.0,1480000.0,6320000.0,13490000.0,10190000.0,1110000.0,1790000.0,2910000.0
New Zealand,NZL,2004,44950000.0,-19240000.0,4680000.0,1700000.0,1510000.0,5900000.0,13810000.0,9850000.0,1070000.0,1600000.0,3010000.0
New Zealand,NZL,2005,44980000.0,-19240000.0,4670000.0,1640000.0,1580000.0,5080000.0,13870000.0,11790000.0,1020000.0,1780000.0,3260000.0
New Zealand,NZL,2006,45070000.0,-19240000.0,4450000.0,1520000.0,1630000.0,5140000.0,14020000.0,11750000.0,1070000.0,1810000.0,3200000.0
New Zealand,NZL,2007,44680000.0,-19240000.0,4410000.0,1450000.0,1840000.0,5530000.0,14160000.0,10190000.0,1200000.0,1740000.0,3330000.0
New Zealand,NZL,2008,43650000.0,-19240000.0,4320000.0,1370000.0,1900000.0,5580000.0,14240000.0,11090000.0,1350000.0,1660000.0,3470000.0
New Zealand,NZL,2009,43850000.0,-19240000.0,4170000.0,1410000.0,1980000.0,5220000.0,13960000.0,8970000.0,1320000.0,1440000.0,3330000.0
New Zealand,NZL,2010,44050000.0,-19240000.0,4100000.0,1470000.0,2000000.0,5470000.0,13950000.0,8550000.0,1370000.0,1460000.0,3440000.0
New Zealand,NZL,2011,44250000.0,-18800000.0,3930000.0,1450000.0,1980000.0,5150000.0,13980000.0,8000000.0,1290000.0,1580000.0,3480000.0
New Zealand,NZL,2012,44950000.0,-18800000.0,3810000.0,1520000.0,2150000.0,5350000.0,13880000.0,9390000.0,1410000.0,1780000.0,3470000.0
New Zealand,NZL,2013,44810000.0,-18800000.0,3750000.0,1470000.0,2180000.0,6190000.0,14030000.0,8270000.0,1310000.0,1710000.0,3600000.0
New Zealand,NZL,2014,45350000.0,-18800000.0,3690000.0,1560000.0,2420000.0,6780000.0,14160000.0,7430000.0,1310000.0,1760000.0,3470000.0
New Zealand,NZL,2015,44260000.0,-18800000.0,3640000.0,1610000.0,2370000.0,6700000.0,14750000.0,7310000.0,1340000.0,1660000.0,3630000.0
New Zealand,NZL,2016,44260000.0,-13080000.0,3600000.0,1600000.0,2290000.0,6540000.0,15050000.0,6140000.0,1220000.0,1510000.0,4340000.0
New Zealand,NZL,2017,44040000.0,-13080000.0,3560000.0,1680000.0,2260000.0,6570000.0,16040001.0,6890000.0,1200000.0,1540000.0,4660000.0
New Zealand,NZL,2018,43910000.0,-13080000.0,3480000.0,1720000.0,2260000.0,6740000.0,16180000.0,6320000.0,1030000.0,1420000.0,4940000.0
New Zealand,NZL,2019,43600000.0,-13080000.0,3430000.0,1940000.0,2330000.0,7050000.0,15710000.0,7060000.0,950000.0,1780000.0,4980000.0
New Zealand,NZL,2020,43190000.0,-13090000.0,3370000.0,1900000.0,2310000.0,6350000.0,14260000.0,6910000.0,860000.0,1740000.0,2160000.0
New Zealand,NZL,2021,43050000.0,-6050000.0,3310000.0,1900000.0,2370000.0,6160000.0,14930000.0,6920000.0,760000.0,1630000.0,1340000.0
New Zealand,NZL,2022,41510000.0,-6050000.0,3400000.0,2000000.0,2480000.0,5960000.0,14970000.0,4780000.0,710000.0,1480000.0,2120000.0
New Zealand,NZL,2023,40450000.0,-6050000.0,3480000.0,1910000.0,2550000.0,5880000.0,15110000.0,4410000.0,710000.0,1510000.0,3510000.0
Nicaragua,NIC,1990,7250000.0,19500000.0,220000.0,1050000.0,110000.0,330000.0,760000.0,570000.0,0.0,80000.0,80000.0
Nicaragua,NIC,1991,5800000.0,19500000.0,220000.0,1039999.0,120000.0,250000.0,830000.0,610000.0,0.0,40000.0,70000.0
Nicaragua,NIC,1992,6410000.0,19500000.0,310000.0,1070000.0,129999.0,259999.0,950000.0,770000.0,0.0,30000.0,50000.0
Nicaragua,NIC,1993,7150000.0,19500000.0,370000.0,1080000.0,120000.0,240000.0,970000.0,740000.0,0.0,30000.0,40000.0
Nicaragua,NIC,1994,7130000.0,19500000.0,420000.0,1140000.0,140000.0,320000.0,1030000.0,840000.0,0.0,50000.0,50000.0
Nicaragua,NIC,1995,6240000.0,19500000.0,490000.0,1110000.0,150000.0,290000.0,1140000.0,950000.0,0.0,20000.0,60000.0
Nicaragua,NIC,1996,5990000.0,19480000.0,560000.0,1140000.0,170000.0,300000.0,1190000.0,1020000.0,0.0,20000.0,70000.0
Nicaragua,NIC,1997,6480000.0,19580000.0,630000.0,1150000.0,170000.0,360000.0,1260000.0,1100000.0,0.0,20000.0,60000.0
Nicaragua,NIC,1998,6300000.0,20150000.0,700000.0,1150000.0,170000.0,350000.0,1370000.0,1490000.0,0.0,30000.0,80000.0
Nicaragua,NIC,1999,7400000.0,19550000.0,770000.0,1200000.0,160000.0,400000.0,1440000.0,1370000.0,0.0,30000.0,80000.0
Nicaragua,NIC,2000,7640000.0,19580000.0,840000.0,1200000.0,240000.0,400000.0,1480000.0,1490000.0,0.0,30000.0,80000.0
Nicaragua,NIC,2001,7660000.0,19370000.0,860000.0,1190000.0,250000.0,430000.0,1500000.0,1620000.0,0.0,20000.0,70000.0
Nicaragua,NIC,2002,7940000.0,19360000.0,880000.0,1200000.0,280000.0,519999.0,1560000.0,1580000.0,0.0,40000.0,70000.0
Nicaragua,NIC,2003,8450000.0,19560000.0,900000.0,1260000.0,420000.0,700000.0,1550000.0,1620000.0,0.0,50000.0,70000.0
Nicaragua,NIC,2004,8060000.0,19370000.0,920000.0,1290000.0,300000.0,780000.0,1490000.0,1690000.0,0.0,50000.0,60000.0
Nicaragua,NIC,2005,8540000.0,19620000.0,940000.0,1290000.0,320000.0,710000.0,1480000.0,1590000.0,0.0,60000.0,50000.0
Nicaragua,NIC,2006,8590000.0,19400000.0,960000.0,1380000.0,340000.0,720000.0,1530000.0,1730000.0,0.0,60000.0,50000.0
Nicaragua,NIC,2007,8580000.0,19370000.0,980000.0,1400000.0,360000.0,720000.0,1580000.0,1820000.0,0.0,60000.0,80000.0
Nicaragua,NIC,2008,8600000.0,19400000.0,1000000.0,1390000.0,380000.0,690000.0,1550000.0,1700000.0,0.0,50000.0,80000.0
Nicaragua,NIC,2009,8740000.0,19380000.0,1010000.0,1400000.0,400000.0,480000.0,1520000.0,1820000.0,0.0,50000.0,60000.0
Nicaragua,NIC,2010,8920000.0,19460000.0,1030000.0,1420000.0,450000.0,519999.0,1580000.0,1810000.0,0.0,60000.0,60000.0
Nicaragua,NIC,2011,9800000.0,4400000.0,1050000.0,1460000.0,490000.0,530000.0,1650000.0,1920000.0,0.0,60000.0,60000.0
Nicaragua,NIC,2012,10210000.0,4360000.0,1070000.0,1490000.0,470000.0,550000.0,1740000.0,1730000.0,0.0,60000.0,60000.0
Nicaragua,NIC,2013,10600000.0,4450000.0,1090000.0,1520000.0,480000.0,519999.0,1750000.0,1500000.0,0.0,60000.0,60000.0
Nicaragua,NIC,2014,11190000.0,4470000.0,1110000.0,1550000.0,510000.0,540000.0,1920000.0,1560000.0,0.0,60000.0,60000.0
Nicaragua,NIC,2015,11610000.0,4400000.0,1130000.0,1610000.0,530000.0,590000.0,2180000.0,1710000.0,0.0,70000.0,70000.0
Nicaragua,NIC,2016,11700000.0,4470000.0,1150000.0,1660000.0,560000.0,620000.0,2240000.0,1680000.0,0.0,80000.0,70000.0
Nicaragua,NIC,2017,11590000.0,4360000.0,1180000.0,1700000.0,570000.0,640000.0,2390000.0,1510000.0,0.0,80000.0,80000.0
Nicaragua,NIC,2018,11750000.0,4440000.0,1200000.0,1680000.0,550000.0,600000.0,2130000.0,1460000.0,0.0,80000.0,60000.0
Nicaragua,NIC,2019,12000000.0,4450000.0,1220000.0,1690000.0,530000.0,600000.0,2200000.0,1520000.0,0.0,80000.0,50000.0
Nicaragua,NIC,2020,12240000.0,4540000.0,1240000.0,1720000.0,519999.0,510000.0,2220000.0,960000.0,0.0,80000.0,20000.0
Nicaragua,NIC,2021,12320000.0,4340000.0,1260000.0,1780000.0,540000.0,540000.0,2480000.0,1080000.0,0.0,90000.0,30000.0
Nicaragua,NIC,2022,12440000.0,4350000.0,1280000.0,1800000.0,570000.0,600000.0,2530000.0,1180000.0,0.0,90000.0,50000.0
Nicaragua,NIC,2023,13010000.0,4720000.0,1340000.0,1970000.0,590000.0,780000.0,2230000.0,1570000.0,0.0,100000.0,70000.0
Niger,NER,1990,10260000.0,5700000.0,30000.0,1350000.0,10000.0,50000.0,220000.0,280000.0,10000.0,10000.0,40000.0
Niger,NER,1991,10650000.0,5700000.0,60000.0,1390000.0,10000.0,40000.0,200000.0,280000.0,0.0,10000.0,40000.0
Niger,NER,1992,11070000.0,5700000.0,90000.0,1440000.0,10000.0,40000.0,200000.0,259999.0,0.0,0.0,30000.0
Niger,NER,1993,11550000.0,5700000.0,120000.0,1490000.0,10000.0,60000.0,210000.0,280000.0,0.0,10000.0,30000.0
Niger,NER,1994,11970000.0,5700000.0,160000.0,1540000.0,10000.0,40000.0,210000.0,270000.0,0.0,20000.0,30000.0
Niger,NER,1995,12470000.0,5700000.0,190000.0,1600000.0,10000.0,30000.0,190000.0,280000.0,0.0,10000.0,20000.0
Niger,NER,1996,13010000.0,5710000.0,220000.0,1670000.0,10000.0,70000.0,200000.0,270000.0,0.0,40000.0,30000.0
Niger,NER,1997,13480000.0,5650000.0,250000.0,2120000.0,20000.0,100000.0,200000.0,290000.0,0.0,10000.0,40000.0
Niger,NER,1998,14080000.0,5790000.0,280000.0,2160000.0,20000.0,100000.0,240000.0,310000.0,0.0,0.0,30000.0
Niger,NER,1999,14670000.0,5660000.0,310000.0,2220000.0,20000.0,100000.0,230000.0,259999.0,10000.0,30000.0,40000.0
Niger,NER,2000,15330000.0,5700000.0,340000.0,1340000.0,10000.0,40000.0,360000.0,230000.0,10000.0,0.0,40000.0
Niger,NER,2001,16040001.0,1120000.0,350000.0,1380000.0,40000.0,50000.0,370000.0,210000.0,10000.0,0.0,30000.0
Niger,NER,2002,16650000.0,1120000.0,360000.0,1430000.0,70000.0,50000.0,370000.0,230000.0,10000.0,0.0,30000.0
Niger,NER,2003,17350000.0,1120000.0,360000.0,1480000.0,100000.0,70000.0,400000.0,240000.0,10000.0,0.0,30000.0
Niger,NER,2004,18050000.0,1120000.0,370000.0,1530000.0,120000.0,70000.0,410000.0,259999.0,10000.0,0.0,30000.0
Niger,NER,2005,18830000.0,1120000.0,380000.0,1560000.0,140000.0,60000.0,410000.0,250000.0,10000.0,0.0,40000.0
Niger,NER,2006,19540000.0,1120000.0,390000.0,1600000.0,180000.0,70000.0,430000.0,220000.0,10000.0,0.0,40000.0
Niger,NER,2007,20460000.0,1120000.0,400000.0,1660000.0,220000.0,90000.0,500000.0,200000.0,10000.0,0.0,40000.0
Niger,NER,2008,21410000.0,1120000.0,410000.0,1710000.0,250000.0,110000.0,510000.0,220000.0,10000.0,0.0,40000.0
Niger,NER,2009,22320000.0,1120000.0,430000.0,1760000.0,280000.0,160000.0,670000.0,240000.0,10000.0,0.0,40000.0
Niger,NER,2010,21850000.0,1120000.0,450000.0,1820000.0,310000.0,210000.0,820000.0,330000.0,10000.0,0.0,40000.0
Niger,NER,2011,22670000.0,1110000.0,470000.0,1490000.0,350000.0,210000.0,790000.0,380000.0,90000.0,0.0,40000.0
Niger,NER,2012,23850000.0,1110000.0,480000.0,1700000.0,360000.0,300000.0,1070000.0,430000.0,190000.0,0.0,40000.0
Niger,NER,2013,25010000.0,1110000.0,500000.0,2200000.0,370000.0,250000.0,1130000.0,380000.0,610000.0,0.0,70000.0
Niger,NER,2014,26270000.0,1110000.0,530000.0,2290000.0,390000.0,280000.0,1200000.0,470000.0,590000.0,0.0,90000.0
Niger,NER,2015,27310000.0,1110000.0,550000.0,2390000.0,400000.0,200000.0,1240000.0,519999.0,410000.0,0.0,129999.0
Niger,NER,2016,28720000.0,1110000.0,570000.0,2480000.0,450000.0,140000.0,1110000.0,700000.0,370000.0,0.0,140000.0
Niger,NER,2017,30040000.0,1110000.0,600000.0,2570000.0,510000.0,170000.0,980000.0,580000.0,350000.0,0.0,129999.0
Niger,NER,2018,31560000.0,1110000.0,620000.0,2700000.0,570000.0,140000.0,1060000.0,570000.0,340000.0,0.0,140000.0
Niger,NER,2019,32970002.0,1110000.0,640000.0,2800000.0,630000.0,180000.0,1200000.0,640000.0,320000.0,0.0,140000.0
Niger,NER,2020,34600000.0,1110000.0,670000.0,3060000.0,680000.0,200000.0,1160000.0,670000.0,330000.0,0.0,90000.0
Niger,NER,2021,36410000.0,440000.0,690000.0,3260000.0,730000.0,280000.0,1290000.0,540000.0,360000.0,0.0,129999.0
Niger,NER,2022,37940000.0,440000.0,720000.0,3310000.0,770000.0,350000.0,1590000.0,770000.0,300000.0,0.0,200000.0
Niger,NER,2023,36450000.0,440000.0,740000.0,3380000.0,810000.0,350000.0,2230000.0,930000.0,300000.0,0.0,90000.0
Nigeria,NGA,1990,39430000.0,38070000.0,50270000.0,16500000.0,1900000.0,3890000.0,12090000.0,8250000.0,120460000.0,10000.0,1560000.0
Nigeria,NGA,1991,41240000.0,38070000.0,51600000.0,16330000.0,1870000.0,3790000.0,15770000.0,9690000.0,127760000.0,10000.0,2260000.0
Nigeria,NGA,1992,41780000.0,38070000.0,54440000.0,17500000.0,1860000.0,4460000.0,19230000.0,11460000.0,135130000.0,20000.0,2220000.0
Nigeria,NGA,1993,42860000.0,38070000.0,56940000.0,16990000.0,1690000.0,4120000.0,16510000.0,11680000.0,132600008.0,20000.0,2330000.0
Nigeria,NGA,1994,44180000.0,38070000.0,59210000.0,16260000.0,1290000.0,3540000.0,13260000.0,10520000.0,129630008.0,20000.0,2290000.0
Nigeria,NGA,1995,45100000.0,38070000.0,51280000.0,16719999.0,1230000.0,3240000.0,15340000.0,10870000.0,139200000.0,20000.0,2720000.0
Nigeria,NGA,1996,47180000.0,48550000.0,43240000.0,17530000.0,1180000.0,3630000.0,17600000.0,11610000.0,163060000.0,20000.0,2970000.0
Nigeria,NGA,1997,49330000.0,46630000.0,35110000.0,18150000.0,1090000.0,3070000.0,22480000.0,12110000.0,154420000.0,20000.0,2200000.0
Nigeria,NGA,1998,52180000.0,48540000.0,26940000.0,16810000.0,1300000.0,3060000.0,18520000.0,11400000.0,140230000.0,2440000.0,2190000.0
Nigeria,NGA,1999,53030000.0,46570000.0,18720000.0,18150000.0,1190000.0,3200000.0,20210000.0,12540000.0,132119992.0,120000.0,3010000.0
Nigeria,NGA,2000,53770000.0,47750000.0,10490000.0,18770000.0,1100000.0,3600000.0,22450000.0,13900000.0,145890000.0,1180000.0,1810000.0
Nigeria,NGA,2001,53100000.0,36440000.0,10870000.0,20360000.0,1170000.0,2980000.0,27330000.0,14260000.0,146190000.0,690000.0,1790000.0
Nigeria,NGA,2002,53740000.0,36120000.0,11260000.0,20400000.0,1200000.0,2750000.0,28320000.0,15180000.0,121150000.0,590000.0,1620000.0
Nigeria,NGA,2003,55460000.0,36390000.0,11670000.0,19390000.0,1230000.0,8170000.0,29890000.0,13370000.0,137100000.0,650000.0,1830000.0
Nigeria,NGA,2004,56530000.0,35990000.0,12080000.0,18230000.0,1440000.0,6680000.0,30510000.0,15680000.0,137880000.0,770000.0,1960000.0
Nigeria,NGA,2005,60080000.0,36320000.0,12500000.0,19930000.0,1710000.0,5910000.0,29540000.0,17120000.0,133979992.0,2290000.0,2020000.0
Nigeria,NGA,2006,60430000.0,36160000.0,12900000.0,19060000.0,1940000.0,5670000.0,24960000.0,17000000.0,124110000.0,3370000.0,1980000.0
Nigeria,NGA,2007,59480000.0,36090000.0,13310000.0,18120000.0,2590000.0,6280000.0,21830000.0,17410000.0,114080000.0,3340000.0,1960000.0
Nigeria,NGA,2008,59700000.0,36070000.0,13710000.0,19580000.0,3370000.0,7500000.0,26160000.0,18020000.0,107900000.0,2740000.0,3790000.0
Nigeria,NGA,2009,57590000.0,35890000.0,14130000.0,19220000.0,4070000.0,4560000.0,24500000.0,16100000.0,105280000.0,1180000.0,3220000.0
Nigeria,NGA,2010,62060000.0,35960000.0,14540000.0,19610000.0,5050000.0,4740000.0,30650000.0,19780000.0,114290000.0,4030000.0,2500000.0
Nigeria,NGA,2011,66300004.0,35950000.0,14960000.0,20520000.0,5850000.0,9910000.0,32740002.0,22920000.0,105380000.0,3310000.0,2500000.0
Nigeria,NGA,2012,69440000.0,35960000.0,15410000.0,20460000.0,7750000.0,9740000.0,36300000.0,24860000.0,96040000.0,4200000.0,2590000.0
Nigeria,NGA,2013,70970000.0,36180000.0,15850000.0,20570000.0,9150000.0,8650000.0,46200000.0,26710000.0,90330000.0,5340000.0,2270000.0
Nigeria,NGA,2014,72360000.0,35990000.0,16320000.0,21090000.0,9060000.0,8900000.0,50660000.0,30780000.0,89690000.0,6540000.0,2170000.0
Nigeria,NGA,2015,74430000.0,35910000.0,16790000.0,21530000.0,9800000.0,9120000.0,46070000.0,31940000.0,86510000.0,5310000.0,2280000.0
Nigeria,NGA,2016,78130000.0,36050000.0,17280000.0,22140000.0,8450000.0,9230000.0,52760000.0,35300000.0,77130000.0,780000.0,2360000.0
Nigeria,NGA,2017,78740000.0,35930000.0,17740000.0,22640000.0,7920000.0,8460000.0,52800000.0,27320000.0,79820000.0,850000.0,2620000.0
Nigeria,NGA,2018,80300000.0,35800000.0,18190000.0,23660000.0,10460000.0,9210000.0,56590000.0,27670000.0,79600000.0,540000.0,3140000.0
Nigeria,NGA,2019,81970000.0,35990000.0,18650000.0,24830000.0,10920000.0,9460000.0,60550000.0,27200000.0,83050000.0,560000.0,3180000.0
Nigeria,NGA,2020,84620000.0,36650000.0,19110000.0,26940000.0,12400000.0,10190000.0,52250000.0,28000000.0,74320000.0,550000.0,1790000.0
Nigeria,NGA,2021,85140000.0,36060000.0,19610000.0,28580000.0,13610000.0,12300000.0,59190000.0,27370000.0,67610000.0,570000.0,2220000.0
Nigeria,NGA,2022,85430000.0,36010000.0,20120000.0,28700000.0,13340000.0,12200000.0,62970000.0,24900000.0,57410000.0,580000.0,2500000.0
Nigeria,NGA,2023,84860000.0,36080000.0,20640000.0,30250000.0,13450000.0,11110000.0,57190000.0,25550000.0,63180000.0,600000.0,2540000.0
Niue,NIU,1990,0.0,0.0,,,0.0,,0.0,0.0,0.0,,0.0
Niue,NIU,1991,0.0,0.0,,,0.0,,0.0,0.0,0.0,,0.0
Niue,NIU,1992,0.0,0.0,,,0.0,,0.0,0.0,0.0,,0.0
Niue,NIU,1993,0.0,0.0,,,0.0,,0.0,0.0,0.0,,0.0
Niue,NIU,1994,0.0,0.0,0.0,,0.0,,0.0,0.0,0.0,,0.0
Niue,NIU,1995,0.0,0.0,0.0,,0.0,,0.0,0.0,0.0,,0.0
Niue,NIU,1996,0.0,0.0,0.0,,0.0,,0.0,0.0,0.0,,0.0
Niue,NIU,1997,0.0,0.0,10000.0,,0.0,,0.0,0.0,0.0,,0.0
Niue,NIU,1998,0.0,0.0,10000.0,,0.0,,0.0,0.0,0.0,,0.0
Niue,NIU,1999,0.0,0.0,10000.0,,0.0,,0.0,0.0,0.0,,0.0
Niue,NIU,2000,0.0,0.0,10000.0,,0.0,,0.0,0.0,0.0,,0.0
Niue,NIU,2001,0.0,0.0,10000.0,,0.0,,0.0,0.0,0.0,,0.0
Niue,NIU,2002,0.0,0.0,10000.0,,0.0,,0.0,0.0,0.0,,0.0
Niue,NIU,2003,0.0,0.0,20000.0,0.0,0.0,,0.0,0.0,0.0,,0.0
Niue,NIU,2004,0.0,0.0,20000.0,0.0,0.0,,0.0,0.0,0.0,,0.0
Niue,NIU,2005,0.0,0.0,20000.0,0.0,0.0,,0.0,0.0,0.0,,0.0
Niue,NIU,2006,0.0,0.0,20000.0,0.0,0.0,,0.0,0.0,0.0,,0.0
Niue,NIU,2007,0.0,0.0,20000.0,0.0,0.0,,0.0,0.0,0.0,,0.0
Niue,NIU,2008,0.0,0.0,30000.0,0.0,0.0,,0.0,0.0,0.0,,0.0
Niue,NIU,2009,0.0,0.0,30000.0,0.0,0.0,0.0,0.0,0.0,0.0,0.0,0.0
Niue,NIU,2010,0.0,0.0,,0.0,0.0,0.0,0.0,0.0,0.0,0.0,0.0
Niue,NIU,2011,0.0,0.0,,0.0,0.0,0.0,0.0,0.0,0.0,0.0,0.0
Niue,NIU,2012,0.0,0.0,,0.0,0.0,0.0,0.0,0.0,0.0,0.0,0.0
Niue,NIU,2013,0.0,0.0,,0.0,0.0,0.0,0.0,0.0,0.0,0.0,0.0
Niue,NIU,2014,0.0,0.0,,0.0,0.0,0.0,0.0,0.0,0.0,0.0,0.0
Niue,NIU,2015,0.0,0.0,,0.0,0.0,0.0,0.0,0.0,0.0,0.0,0.0
Niue,NIU,2016,0.0,0.0,,0.0,0.0,0.0,0.0,0.0,0.0,0.0,0.0
Niue,NIU,2017,0.0,0.0,,0.0,0.0,0.0,0.0,0.0,0.0,0.0,0.0
Niue,NIU,2018,0.0,0.0,,0.0,0.0,0.0,0.0,0.0,0.0,0.0,0.0
Niue,NIU,2019,0.0,0.0,,0.0,0.0,0.0,0.0,0.0,0.0,0.0,0.0
Niue,NIU,2020,0.0,0.0,,0.0,0.0,0.0,0.0,0.0,0.0,0.0,0.0
Niue,NIU,2021,0.0,0.0,,0.0,0.0,0.0,0.0,0.0,0.0,0.0,0.0
Niue,NIU,2022,0.0,0.0,,0.0,0.0,0.0,0.0,0.0,0.0,0.0,0.0
Niue,NIU,2023,0.0,0.0,,0.0,0.0,0.0,0.0,0.0,0.0,0.0,0.0
North America,OWID_NAM,1990,560480000.0,-554659968.0,287110016.0,650120000.0,202470000.0,759690048.0,1702289920.0,2421469952.0,401940000.0,85360000.0,150180000.0
North America,OWID_NAM,1991,555139968.0,-554659968.0,291530016.0,660409984.0,192570000.0,714899968.0,1675619968.0,2454390016.0,405220000.0,82900000.0,156680000.0
North America,OWID_NAM,1992,563990016.0,-554659968.0,294380000.0,674130048.0,192730000.0,662310016.0,1713169920.0,2561900032.0,405689984.0,66560000.0,164750000.0
North America,OWID_NAM,1993,566249984.0,-554810048.0,300940000.0,703769984.0,195810000.0,673520000.0,1741820032.0,2619439872.0,392200000.0,61280000.0,153900000.0
North America,OWID_NAM,1994,576230016.0,-554960000.0,306780000.0,696329984.0,204750000.0,682140032.0,1809450112.0,2668080128.0,395409984.0,61950000.0,154180000.0
North America,OWID_NAM,1995,573809984.0,-554260032.0,299049984.0,700489984.0,223650000.0,633649984.0,1838800000.0,2730499840.0,400480000.0,62680000.0,162830000.0
North America,OWID_NAM,1996,579329984.0,-549979968.0,294089984.0,742540032.0,238260000.0,643200000.0,1885720064.0,2817539840.0,407969984.0,65350000.0,160390000.0
North America,OWID_NAM,1997,578339968.0,-554019968.0,281860000.0,722370048.0,241110000.0,666070016.0,1922089984.0,3084640000.0,416989984.0,66840000.0,153430000.0
North America,OWID_NAM,1998,579720000.0,-532090016.0,270129984.0,664240000.0,249620000.0,672230016.0,1969100032.0,3179959808.0,418120000.0,62140000.0,156470000.0
North America,OWID_NAM,1999,573400000.0,-545889984.0,264000000.0,683790016.0,246540000.0,658499968.0,2024230016.0,3142139904.0,408460000.0,61010000.0,172540000.0
North America,OWID_NAM,2000,567270016.0,-546320000.0,260970000.0,722940032.0,249860000.0,731610048.0,2060499968.0,3203009792.0,413909984.0,64440000.0,180340000.0
North America,OWID_NAM,2001,567009984.0,-598470016.0,256180000.0,700230016.0,236759984.0,694670016.0,2064160000.0,3225509888.0,418770016.0,66190000.0,146950000.0
North America,OWID_NAM,2002,568969984.0,-595819968.0,256800000.0,708320000.0,251180000.0,646280000.0,2102089984.0,3099249920.0,414140000.0,67600000.0,170150000.0
North America,OWID_NAM,2003,576750016.0,-588879936.0,259720000.0,736049984.0,247020000.0,643579968.0,2137379968.0,3151360000.0,419829984.0,63880000.0,152310000.0
North America,OWID_NAM,2004,575840000.0,-596880000.0,258850000.0,719000000.0,260860000.0,677040000.0,2165679872.0,3170830080.0,420950016.0,75100000.0,179250000.0
North America,OWID_NAM,2005,579120000.0,-592980032.0,258280000.0,698299968.0,271060000.0,631980032.0,2198160128.0,3246979840.0,424300000.0,83160000.0,190740016.0
North America,OWID_NAM,2006,581340032.0,-595720000.0,259830000.0,638729984.0,280090016.0,659510016.0,2204749824.0,3179849984.0,435829984.0,88660000.0,198300000.0
North America,OWID_NAM,2007,586710016.0,-595580032.0,259570000.0,674920000.0,297100000.0,648129984.0,2221730048.0,3268349952.0,448120000.0,84980000.0,208580000.0
North America,OWID_NAM,2008,581990016.0,-595660032.0,259660000.0,682010048.0,288450016.0,632630016.0,2126699904.0,3174700032.0,460580000.0,82980000.0,197360000.0
North America,OWID_NAM,2009,583369984.0,-595880000.0,257290000.0,674150016.0,269420000.0,541750016.0,2032130048.0,2940839936.0,452169984.0,77280000.0,180240000.0
North America,OWID_NAM,2010,587620032.0,-597029952.0,259400000.0,665449984.0,285309984.0,616969984.0,2100429952.0,3070670080.0,479300000.0,81440000.0,190440000.0
North America,OWID_NAM,2011,591489984.0,-748400000.0,247430000.0,647110016.0,299349984.0,596979968.0,2055110016.0,2963579904.0,514549984.0,78870000.0,188480000.0
North America,OWID_NAM,2012,586699968.0,-751049984.0,251840000.0,579729984.0,296490016.0,596289984.0,2019539968.0,2843289856.0,538460032.0,77350000.0,163520000.0
North America,OWID_NAM,2013,586889984.0,-748400000.0,241790000.0,651320000.0,297260000.0,596020032.0,2072649984.0,2854640128.0,558689984.0,81280000.0,164050000.0
North America,OWID_NAM,2014,586550016.0,-751889984.0,252210000.0,673050048.0,309500000.0,587560000.0,2066300032.0,2846520064.0,606350016.0,80260000.0,164320000.0
North America,OWID_NAM,2015,585830016.0,-747380032.0,261800000.0,635630016.0,313140000.0,592049984.0,2132060032.0,2706289920.0,613680000.0,81540000.0,172480000.0
North America,OWID_NAM,2016,599659968.0,-366020032.0,259980000.0,616009984.0,317290016.0,595939968.0,2151419904.0,2616000000.0,574179968.0,79470000.0,187850000.0
North America,OWID_NAM,2017,600179968.0,-364010016.0,264280000.0,621240000.0,323389984.0,593900032.0,2164620032.0,2527210240.0,599950016.0,79670000.0,202980000.0
North America,OWID_NAM,2018,609720000.0,-363220000.0,269150016.0,680459968.0,329480000.0,601720000.0,2207259904.0,2563980032.0,674880000.0,81430000.0,195370000.0
North America,OWID_NAM,2019,605700032.0,-364070016.0,272769984.0,679520000.0,335029984.0,592979968.0,2203430144.0,2426969856.0,727640000.0,72620000.0,206410000.0
North America,OWID_NAM,2020,612809984.0,-360230016.0,269840000.0,638480000.0,340929984.0,577070016.0,1872880000.0,2197280000.0,652320000.0,64830000.0,127570000.0
North America,OWID_NAM,2021,608689984.0,-184970000.0,268489984.0,649200000.0,351970016.0,582419968.0,2051010048.0,2321819904.0,629209984.0,66840000.0,151580000.0
North America,OWID_NAM,2022,596889984.0,-189060016.0,269069984.0,680870016.0,353970016.0,597460032.0,2131600000.0,2303800064.0,652499968.0,70460000.0,166010000.0
North America,OWID_NAM,2023,606379968.0,-174790016.0,271780000.0,636969984.0,341700000.0,580369984.0,2107120000.0,2217339904.0,659680000.0,68320000.0,172910000.0
North Korea,PRK,1990,10120000.0,-220000.0,1300000.0,660000.0,3990000.0,78410000.0,5730000.0,16180000.0,22930000.0,16980000.0,0.0
North Korea,PRK,1991,9980000.0,-220000.0,1320000.0,490000.0,3570000.0,75530000.0,4380000.0,14970000.0,21490000.0,16530001.0,0.0
North Korea,PRK,1992,9830000.0,-220000.0,1330000.0,410000.0,3310000.0,64980004.0,3570000.0,13800000.0,20050000.0,16030001.0,0.0
North Korea,PRK,1993,9630000.0,-220000.0,1340000.0,360000.0,2960000.0,59910000.0,3210000.0,11490000.0,18610000.0,15800000.0,0.0
North Korea,PRK,1994,7660000.0,-220000.0,1360000.0,250000.0,2570000.0,53240000.0,2160000.0,12040000.0,17160000.0,15050000.0,0.0
North Korea,PRK,1995,6050000.0,-220000.0,1370000.0,300000.0,2140000.0,48690000.0,2590000.0,11380000.0,15750000.0,14440000.0,0.0
North Korea,PRK,1996,5430000.0,-200000.0,1380000.0,259999.0,1950000.0,41340000.0,2089999.0,11370000.0,14350000.0,12840000.0,0.0
North Korea,PRK,1997,5860000.0,80000.0,1390000.0,160000.0,1760000.0,40360000.0,1150000.0,11020000.0,12940000.0,12730000.0,0.0
North Korea,PRK,1998,5880000.0,-160000.0,1390000.0,150000.0,1650000.0,37430000.0,2170000.0,8690000.0,11530000.0,11910000.0,0.0
North Korea,PRK,1999,6180000.0,-220000.0,1400000.0,110000.0,2060000.0,40870000.0,910000.0,10500000.0,10120000.0,13320000.0,0.0
North Korea,PRK,2000,6120000.0,-220000.0,1410000.0,110000.0,2200000.0,43230000.0,1740000.0,11580000.0,8710000.0,14110000.0,0.0
North Korea,PRK,2001,6540000.0,-3640000.0,1430000.0,150000.0,2400000.0,45180000.0,1610000.0,12040000.0,8860000.0,14150000.0,0.0
North Korea,PRK,2002,6030000.0,-3710000.0,1440000.0,150000.0,2480000.0,43350000.0,1610000.0,11500000.0,9020000.0,13240000.0,0.0
North Korea,PRK,2003,5950000.0,-3700000.0,1460000.0,150000.0,2600000.0,44410000.0,1570000.0,11640000.0,9280000.0,13550000.0,0.0
North Korea,PRK,2004,6210000.0,-3300000.0,1480000.0,150000.0,2760000.0,45430000.0,1580000.0,11890000.0,9740000.0,13860000.0,0.0
North Korea,PRK,2005,6210000.0,-3610000.0,1490000.0,129999.0,2910000.0,47870000.0,1330000.0,12230000.0,10630000.0,14620000.0,0.0
North Korea,PRK,2006,6360000.0,-3680000.0,1510000.0,110000.0,3010000.0,49030000.0,1020000.0,12230000.0,10780000.0,14990000.0,0.0
North Korea,PRK,2007,6120000.0,-3710000.0,1520000.0,120000.0,3020000.0,40090000.0,1220000.0,10320000.0,9320000.0,12260000.0,0.0
North Korea,PRK,2008,6090000.0,-3650000.0,1540000.0,129999.0,3160000.0,44710000.0,1250000.0,11420000.0,9930000.0,13670000.0,0.0
North Korea,PRK,2009,6260000.0,-3450000.0,1550000.0,140000.0,3150000.0,40710000.0,1350000.0,13690000.0,7830000.0,12550000.0,0.0
North Korea,PRK,2010,6420000.0,-3700000.0,1570000.0,150000.0,3210000.0,39420000.0,1360000.0,12830000.0,7830000.0,12120000.0,0.0
North Korea,PRK,2011,6670000.0,-1740000.0,1580000.0,150000.0,3240000.0,27500000.0,1370000.0,9750000.0,7830000.0,8440000.0,0.0
North Korea,PRK,2012,6460000.0,-1840000.0,1600000.0,150000.0,3260000.0,26440000.0,1350000.0,9990000.0,7920000.0,8109999.0,0.0
North Korea,PRK,2013,6340000.0,-1840000.0,1610000.0,160000.0,3390000.0,17540000.0,1480000.0,10230000.0,9340000.0,5460000.0,0.0
North Korea,PRK,2014,6080000.0,-1460000.0,1630000.0,150000.0,3370000.0,20110000.0,1370000.0,10720000.0,9510000.0,6250000.0,0.0
North Korea,PRK,2015,5690000.0,-1770000.0,1640000.0,150000.0,3340000.0,12800000.0,1440000.0,11240000.0,9290000.0,4010000.0,0.0
North Korea,PRK,2016,5920000.0,-1850000.0,1660000.0,150000.0,3480000.0,12950000.0,1480000.0,13850000.0,10150000.0,4110000.0,0.0
North Korea,PRK,2017,5900000.0,-1830000.0,1670000.0,8390000.0,3420000.0,37210000.0,5460000.0,14430000.0,8950000.0,5520000.0,0.0
North Korea,PRK,2018,6170000.0,-1760000.0,1690000.0,7250000.0,3070000.0,32110000.0,4900000.0,15040000.0,7470000.0,4820000.0,0.0
North Korea,PRK,2019,5620000.0,-1760000.0,1700000.0,8260000.0,2960000.0,36460000.0,5430000.0,15920000.0,8350000.0,5450000.0,0.0
North Korea,PRK,2020,5390000.0,-1840000.0,1710000.0,7920000.0,2970000.0,34970000.0,5250000.0,13950000.0,7850000.0,5230000.0,0.0
North Korea,PRK,2021,5570000.0,-1850000.0,1730000.0,6440000.0,3070000.0,28420000.0,4450000.0,11680000.0,6450000.0,4290000.0,0.0
North Korea,PRK,2022,5000000.0,-1850000.0,1740000.0,6740000.0,3300000.0,29580000.0,4610000.0,12180000.0,6650000.0,4480000.0,0.0
North Korea,PRK,2023,4880000.0,-1840000.0,1750000.0,7300000.0,3490000.0,32070000.0,4920000.0,11470000.0,6520000.0,4840000.0,0.0
North Macedonia,MKD,1990,2470000.0,-700000.0,1020000.0,440000.0,1080000.0,1640000.0,790000.0,5620000.0,200000.0,140000.0,20000.0
North Macedonia,MKD,1991,2340000.0,-700000.0,1030000.0,390000.0,1080000.0,1420000.0,790000.0,5670000.0,190000.0,140000.0,20000.0
North Macedonia,MKD,1992,1850000.0,-700000.0,1050000.0,460000.0,1080000.0,1370000.0,790000.0,5670000.0,180000.0,140000.0,20000.0
North Macedonia,MKD,1993,1850000.0,-700000.0,1050000.0,110000.0,1070000.0,1120000.0,1490000.0,5900000.0,190000.0,140000.0,60000.0
North Macedonia,MKD,1994,2050000.0,-700000.0,980000.0,300000.0,1080000.0,900000.0,960000.0,5920000.0,200000.0,380000.0,60000.0
North Macedonia,MKD,1995,1990000.0,-700000.0,1010000.0,180000.0,1080000.0,880000.0,900000.0,6070000.0,200000.0,390000.0,100000.0
North Macedonia,MKD,1996,1990000.0,-700000.0,1020000.0,240000.0,1080000.0,1160000.0,1710000.0,6590000.0,200000.0,290000.0,80000.0
North Macedonia,MKD,1997,1860000.0,-700000.0,1070000.0,210000.0,1080000.0,920000.0,1520000.0,6070000.0,210000.0,200000.0,90000.0
North Macedonia,MKD,1998,1740000.0,-700000.0,1080000.0,360000.0,1080000.0,1250000.0,1039999.0,6960000.0,240000.0,140000.0,50000.0
North Macedonia,MKD,1999,1600000.0,-700000.0,1080000.0,620000.0,1090000.0,890000.0,1100000.0,6260000.0,230000.0,100000.0,110000.0
North Macedonia,MKD,2000,1590000.0,-680000.0,1100000.0,310000.0,1090000.0,1050000.0,1000000.0,6130000.0,240000.0,140000.0,90000.0
North Macedonia,MKD,2001,1490000.0,1470000.0,1090000.0,259999.0,1090000.0,900000.0,970000.0,6520000.0,270000.0,110000.0,70000.0
North Macedonia,MKD,2002,1450000.0,1470000.0,1100000.0,470000.0,1090000.0,860000.0,1010000.0,5810000.0,250000.0,60000.0,70000.0
North Macedonia,MKD,2003,1450000.0,1470000.0,1090000.0,640000.0,1100000.0,1120000.0,1010000.0,6100000.0,310000.0,50000.0,20000.0
North Macedonia,MKD,2004,1520000.0,1470000.0,1100000.0,590000.0,1110000.0,920000.0,1030000.0,5950000.0,259999.0,160000.0,20000.0
North Macedonia,MKD,2005,1460000.0,1470000.0,1100000.0,610000.0,1110000.0,1350000.0,1050000.0,5910000.0,250000.0,80000.0,20000.0
North Macedonia,MKD,2006,1480000.0,1470000.0,1120000.0,560000.0,1120000.0,1420000.0,1050000.0,5880000.0,250000.0,60000.0,10000.0
North Macedonia,MKD,2007,1480000.0,1480000.0,1130000.0,550000.0,1130000.0,1630000.0,1200000.0,6020000.0,250000.0,40000.0,20000.0
North Macedonia,MKD,2008,1440000.0,1470000.0,1140000.0,380000.0,1140000.0,1530000.0,1230000.0,6060000.0,290000.0,50000.0,20000.0
North Macedonia,MKD,2009,1370000.0,1470000.0,1150000.0,500000.0,1140000.0,970000.0,1320000.0,5810000.0,270000.0,30000.0,10000.0
North Macedonia,MKD,2010,1420000.0,1470000.0,1180000.0,480000.0,1150000.0,1250000.0,1380000.0,5300000.0,240000.0,30000.0,20000.0
North Macedonia,MKD,2011,1450000.0,-2480000.0,1210000.0,400000.0,1160000.0,1450000.0,1450000.0,5950000.0,300000.0,30000.0,10000.0
North Macedonia,MKD,2012,1360000.0,-2470000.0,1250000.0,420000.0,1170000.0,1380000.0,1390000.0,5690000.0,259999.0,40000.0,30000.0
North Macedonia,MKD,2013,1360000.0,-2480000.0,1280000.0,320000.0,1170000.0,1270000.0,1580000.0,4780000.0,230000.0,50000.0,30000.0
North Macedonia,MKD,2014,1380000.0,-2480000.0,1310000.0,300000.0,1180000.0,1140000.0,1650000.0,4440000.0,250000.0,50000.0,40000.0
North Macedonia,MKD,2015,1410000.0,-2480000.0,1340000.0,330000.0,1190000.0,1060000.0,1830000.0,4000000.0,230000.0,50000.0,40000.0
North Macedonia,MKD,2016,1450000.0,-1170000.0,1370000.0,330000.0,1190000.0,1039999.0,2089999.0,3580000.0,220000.0,50000.0,50000.0
North Macedonia,MKD,2017,1440000.0,-1170000.0,1400000.0,330000.0,1190000.0,880000.0,2180000.0,4139999.0,240000.0,40000.0,60000.0
North Macedonia,MKD,2018,1400000.0,-1170000.0,1430000.0,300000.0,1190000.0,940000.0,2180000.0,3610000.0,230000.0,40000.0,70000.0
North Macedonia,MKD,2019,1240000.0,-1160000.0,1450000.0,300000.0,1200000.0,1070000.0,2350000.0,4320000.0,259999.0,40000.0,80000.0
North Macedonia,MKD,2020,1260000.0,-1170000.0,1480000.0,259999.0,1200000.0,1070000.0,1990000.0,3540000.0,250000.0,40000.0,50000.0
North Macedonia,MKD,2021,1100000.0,10000.0,1500000.0,250000.0,1200000.0,1140000.0,2280000.0,3260000.0,240000.0,40000.0,50000.0
North Macedonia,MKD,2022,1050000.0,0.0,1520000.0,230000.0,1210000.0,820000.0,2310000.0,4340000.0,240000.0,40000.0,80000.0
North Macedonia,MKD,2023,970000.0,0.0,1560000.0,210000.0,1210000.0,690000.0,2470000.0,4179999.0,240000.0,40000.0,40000.0
Norway,NOR,1990,5570000.0,-11110000.0,2650000.0,2700000.0,8290000.0,6300000.0,10280000.0,7330000.0,1810000.0,1400000.0,2690000.0
Norway,NOR,1991,5640000.0,-11110000.0,2530000.0,2210000.0,7600000.0,5020000.0,10400000.0,6980000.0,1060000.0,1860000.0,2460000.0
Norway,NOR,1992,5660000.0,-11110000.0,2510000.0,2050000.0,5030000.0,4600000.0,10650000.0,10310000.0,1000000.0,1770000.0,2840000.0
Norway,NOR,1993,5610000.0,-11120000.0,2510000.0,2020000.0,5470000.0,4710000.0,11260000.0,11400000.0,1400000.0,1690000.0,2890000.0
Norway,NOR,1994,5660000.0,-11120000.0,2500000.0,2120000.0,5420000.0,5640000.0,11100000.0,12070000.0,1840000.0,1780000.0,3250000.0
Norway,NOR,1995,5720000.0,-11170000.0,2510000.0,2089999.0,5200000.0,5700000.0,11780000.0,10670000.0,2540000.0,1750000.0,3350000.0
Norway,NOR,1996,5790000.0,-11180000.0,2410000.0,2540000.0,4980000.0,6180000.0,12310000.0,9970000.0,1830000.0,1940000.0,3600000.0
Norway,NOR,1997,5780000.0,-11190000.0,2360000.0,2200000.0,4880000.0,5820000.0,12510000.0,12230000.0,1990000.0,1960000.0,4220000.0
Norway,NOR,1998,5750000.0,-11180000.0,2170000.0,2130000.0,4980000.0,6050000.0,12950000.0,13240000.0,1700000.0,2010000.0,3990000.0
Norway,NOR,1999,5700000.0,-11150000.0,2079999.0,2220000.0,5270000.0,6210000.0,13150000.0,14320000.0,2069999.0,1950000.0,4060000.0
Norway,NOR,2000,5580000.0,-11100000.0,2140000.0,1740000.0,5140000.0,6650000.0,12310000.0,9940000.0,2040000.0,1820000.0,3690000.0
Norway,NOR,2001,5540000.0,-18880000.0,2050000.0,2110000.0,5030000.0,6280000.0,12520000.0,10690000.0,1460000.0,1920000.0,3650000.0
Norway,NOR,2002,5500000.0,-18880000.0,1950000.0,2460000.0,4930000.0,5440000.0,12520000.0,10750000.0,1460000.0,1990000.0,3310000.0
Norway,NOR,2003,5540000.0,-18860000.0,1940000.0,2400000.0,4220000.0,6670000.0,12900000.0,11650000.0,1680000.0,2130000.0,2510000.0
Norway,NOR,2004,5510000.0,-18840000.0,1920000.0,1980000.0,4200000.0,6930000.0,13280000.0,11800000.0,1530000.0,2260000.0,2470000.0
Norway,NOR,2005,5470000.0,-18820000.0,1820000.0,1710000.0,4330000.0,6190000.0,13340000.0,11760000.0,1530000.0,2180000.0,3270000.0
Norway,NOR,2006,5410000.0,-18810000.0,1840000.0,1790000.0,3960000.0,6150000.0,13960000.0,12160000.0,1370000.0,2079999.0,2820000.0
Norway,NOR,2007,5360000.0,-18790000.0,1810000.0,1630000.0,3980000.0,6050000.0,14560000.0,12500000.0,1270000.0,1960000.0,3230000.0
Norway,NOR,2008,5330000.0,-18790000.0,1730000.0,1510000.0,3570000.0,6170000.0,14210000.0,14070000.0,1160000.0,1840000.0,2670000.0
Norway,NOR,2009,5200000.0,-18780000.0,1750000.0,1610000.0,2800000.0,5160000.0,13910000.0,14840000.0,1320000.0,2140000.0,2640000.0
Norway,NOR,2010,5160000.0,-18740000.0,1730000.0,2050000.0,2590000.0,6520000.0,15310000.0,15150000.0,1100000.0,1270000.0,2670000.0
Norway,NOR,2011,5190000.0,-14690000.0,1760000.0,1670000.0,2640000.0,6610000.0,15270000.0,14420000.0,1080000.0,1220000.0,2710000.0
Norway,NOR,2012,5170000.0,-14680000.0,1650000.0,1620000.0,2620000.0,6570000.0,15400000.0,14100000.0,1080000.0,1230000.0,2850000.0
Norway,NOR,2013,5150000.0,-14680000.0,1610000.0,1580000.0,2660000.0,6690000.0,15260000.0,14690000.0,1320000.0,1200000.0,2880000.0
Norway,NOR,2014,5160000.0,-14650000.0,1570000.0,1420000.0,2610000.0,6420000.0,15570000.0,14940000.0,1140000.0,1160000.0,2620000.0
Norway,NOR,2015,5240000.0,-14650000.0,1510000.0,1380000.0,2430000.0,6300000.0,15520000.0,16000000.0,1150000.0,1180000.0,2550000.0
Norway,NOR,2016,5300000.0,-3630000.0,1450000.0,1600000.0,2440000.0,6230000.0,15070000.0,15500000.0,1060000.0,1270000.0,2410000.0
Norway,NOR,2017,5300000.0,-3620000.0,1370000.0,1500000.0,2440000.0,6420000.0,14300000.0,15910000.0,910000.0,1420000.0,2580000.0
Norway,NOR,2018,5270000.0,-3570000.0,1330000.0,1490000.0,2360000.0,6520000.0,14260000.0,15440000.0,860000.0,1410000.0,2790000.0
Norway,NOR,2019,5240000.0,-3600000.0,1270000.0,1350000.0,2310000.0,6400000.0,13920000.0,15070000.0,700000.0,1330000.0,2650000.0
Norway,NOR,2020,5250000.0,-3580000.0,1220000.0,1200000.0,2120000.0,6560000.0,13120000.0,14320000.0,720000.0,1410000.0,1440000.0
Norway,NOR,2021,5290000.0,5420000.0,1190000.0,1180000.0,2120000.0,6740000.0,13640000.0,13780000.0,790000.0,1470000.0,1450000.0
Norway,NOR,2022,5290000.0,5420000.0,1150000.0,1190000.0,2200000.0,6430000.0,14030000.0,13180000.0,750000.0,1390000.0,2320000.0
Norway,NOR,2023,5150000.0,5420000.0,1110000.0,1200000.0,2170000.0,6040000.0,13090000.0,12830000.0,730000.0,1720000.0,2330000.0
Oceania,OWID_OCE,1990,226980000.0,60110000.0,23710000.0,11070000.0,13310000.0,49500000.0,74100000.0,148230000.0,28120000.0,,9480000.0
Oceania,OWID_OCE,1991,224760000.0,60030000.0,23860000.0,11020000.0,13070000.0,49900000.0,72620000.0,151260000.0,28810000.0,,9210000.0
Oceania,OWID_OCE,1992,219930000.0,60030000.0,23840000.0,11460000.0,12170000.0,49580000.0,74770000.0,155050000.0,30500000.0,,9640000.0
Oceania,OWID_OCE,1993,217450000.0,60030000.0,23940000.0,11660000.0,11750000.0,50760000.0,76380000.0,155740000.0,33170000.0,,10330000.0
Oceania,OWID_OCE,1994,221580000.0,60020000.0,23470000.0,11620000.0,9570000.0,52740000.0,78760000.0,157330000.0,33570000.0,,11260000.0
Oceania,OWID_OCE,1995,218330000.0,61959996.0,23690000.0,12070000.0,8800000.0,53300000.0,82250008.0,163480000.0,34880000.0,,12210000.0
Oceania,OWID_OCE,1996,207920000.0,64150000.0,22260000.0,12330000.0,8050000.0,53240000.0,84970000.0,171790000.0,35880000.0,,12720000.0
Oceania,OWID_OCE,1997,207720000.0,82550000.0,22200000.0,12440000.0,7900000.0,54510000.0,86620000.0,178810000.0,37480000.0,,12770000.0
Oceania,OWID_OCE,1998,212880000.0,65980000.0,21410000.0,12690000.0,8730000.0,54390000.0,86810000.0,197800000.0,39290000.0,,13310000.0
Oceania,OWID_OCE,1999,245030000.0,69610000.0,21610000.0,12620000.0,8680000.0,54220000.0,88490000.0,203720000.0,39990000.0,,13600000.0
Oceania,OWID_OCE,2000,261620000.0,63960000.0,21950000.0,12990000.0,9390000.0,55550000.0,91460000.0,206410000.0,42390000.0,5850000.0,13970000.0
Oceania,OWID_OCE,2001,280310016.0,74950000.0,21610000.0,13270000.0,10270000.0,55340000.0,91020000.0,215900000.0,45330000.0,5929999.0,14440000.0
Oceania,OWID_OCE,2002,267350000.0,76960000.0,21880000.0,13570000.0,10590000.0,46220000.0,93190000.0,229500000.0,45560000.0,6880000.0,12530000.0
Oceania,OWID_OCE,2003,189910000.0,79230000.0,20790000.0,13850000.0,11170000.0,52190000.0,94180000.0,223100000.0,45590000.0,8130000.0,12680000.0
Oceania,OWID_OCE,2004,233020000.0,73430000.0,20360000.0,13810000.0,11820000.0,53110000.0,97530000.0,232670000.0,46290000.0,8020000.0,14280000.0
Oceania,OWID_OCE,2005,190870000.0,72630000.0,20090000.0,13770000.0,12650000.0,50630000.0,97720000.0,237850000.0,49170000.0,,15380000.0
Oceania,OWID_OCE,2006,227470000.0,77600000.0,19600000.0,13850000.0,12230000.0,49610000.0,99870000.0,242560000.0,49800000.0,,15940000.0
Oceania,OWID_OCE,2007,217990000.0,73650000.0,19780000.0,14130000.0,13120000.0,50780000.0,102310000.0,248080000.0,52820000.0,,16400000.0
Oceania,OWID_OCE,2008,183710000.0,71420000.0,20230000.0,14060000.0,13590000.0,52280000.0,104020000.0,248870000.0,53220000.0,,16660000.0
Oceania,OWID_OCE,2009,191550000.0,74250000.0,20070000.0,14760000.0,14440000.0,48300000.0,103420000.0,256810000.0,53830000.0,7820000.0,15400000.0
Oceania,OWID_OCE,2010,167150000.0,71360000.0,20340000.0,14960000.0,14720000.0,44500000.0,106330000.0,259890000.0,60030000.0,8020000.0,16900000.0
Oceania,OWID_OCE,2011,269529984.0,-16779998.0,19740000.0,15380000.0,15500000.0,46720000.0,108660000.0,252370000.0,57370000.0,8080000.0,16090000.0
Oceania,OWID_OCE,2012,270650016.0,-16110000.0,18290000.0,15710000.0,16010000.0,48140000.0,109440000.0,251700000.0,60130000.0,8340000.0,17020000.0
Oceania,OWID_OCE,2013,190750000.0,-15100000.0,17420000.0,15960000.0,16010000.0,49070000.0,111240000.0,242090000.0,64840000.0,8370000.0,17250000.0
Oceania,OWID_OCE,2014,212770000.0,-15959999.0,17400000.0,16540000.0,16880000.0,49690000.0,111750000.0,231640000.0,73420000.0,8380000.0,18340000.0
Oceania,OWID_OCE,2015,203009984.0,-15650000.0,16930000.0,16860000.0,17470000.0,46420000.0,112530000.0,239140000.0,79070000.0,8660000.0,18130000.0
Oceania,OWID_OCE,2016,170520000.0,-100000.0,17220000.0,15780000.0,17720000.0,46810000.0,114190000.0,244320000.0,78100000.0,8960000.0,19820000.0
Oceania,OWID_OCE,2017,213520000.0,-770001.0,17530000.0,16100000.0,18010000.0,46680000.0,116860000.0,244420000.0,75990000.0,9520000.0,21010000.0
Oceania,OWID_OCE,2018,211300000.0,270000.0,17310000.0,16030000.0,17980000.0,48860000.0,119370000.0,238410000.0,74130000.0,9470000.0,22110000.0
Oceania,OWID_OCE,2019,178140000.0,18260000.0,17100000.0,16080000.0,19100000.0,49140000.0,118670000.0,238130000.0,75680000.0,8500000.0,23710000.0
Oceania,OWID_OCE,2020,155710000.0,9630000.0,16710000.0,16360000.0,19090000.0,47970000.0,110350000.0,231730000.0,71830000.0,7750000.0,16770000.0
Oceania,OWID_OCE,2021,174850000.0,5420000.0,16750000.0,16410000.0,19910000.0,48900000.0,107850000.0,223260000.0,64600000.0,9750000.0,7070000.0
Oceania,OWID_OCE,2022,177500000.0,5669999.0,16960000.0,16340000.0,20620000.0,48660000.0,109680000.0,214300000.0,62670000.0,9110000.0,10380000.0
Oceania,OWID_OCE,2023,258980000.0,6219999.0,17200000.0,15740000.0,21360000.0,48270000.0,117930000.0,208350000.0,64140000.0,8740000.0,16410000.0
Oman,OMN,1990,620000.0,0.0,350000.0,100000.0,530000.0,2170000.0,1740000.0,5750000.0,9380000.0,480000.0,1010000.0
Oman,OMN,1991,660000.0,0.0,360000.0,129999.0,530000.0,5790000.0,1860000.0,5880000.0,9510000.0,519999.0,890000.0
Oman,OMN,1992,710000.0,0.0,420000.0,110000.0,519999.0,4670000.0,2010000.0,6050000.0,10060000.0,590000.0,590000.0
Oman,OMN,1993,750000.0,0.0,470000.0,90000.0,530000.0,3240000.0,2140000.0,6500000.0,12510000.0,690000.0,1390000.0
Oman,OMN,1994,800000.0,0.0,519999.0,120000.0,630000.0,2430000.0,2180000.0,7110000.0,14700000.0,750000.0,610000.0
Oman,OMN,1995,830000.0,0.0,570000.0,100000.0,620000.0,3180000.0,2260000.0,8480000.0,16059999.0,760000.0,560000.0
Oman,OMN,1996,850000.0,0.0,610000.0,100000.0,670000.0,2780000.0,2340000.0,8860000.0,16820000.0,950000.0,570000.0
Oman,OMN,1997,880000.0,0.0,650000.0,80000.0,670000.0,1580000.0,2490000.0,9430000.0,18100000.0,1500000.0,650000.0
Oman,OMN,1998,930000.0,0.0,690000.0,100000.0,710000.0,1160000.0,2570000.0,9930000.0,16520000.0,1630000.0,700000.0
Oman,OMN,1999,980000.0,0.0,730000.0,100000.0,660000.0,2890000.0,2620000.0,10780000.0,17220000.0,1200000.0,760000.0
Oman,OMN,2000,980000.0,0.0,770000.0,60000.0,680000.0,3310000.0,2710000.0,13300000.0,18490000.0,1160000.0,860000.0
Oman,OMN,2001,1020000.0,0.0,810000.0,100000.0,780000.0,3940000.0,2970000.0,14440000.0,19410000.0,1690000.0,970000.0
Oman,OMN,2002,1020000.0,0.0,840000.0,140000.0,970000.0,5070000.0,2900000.0,15010000.0,19180000.0,1690000.0,1260000.0
Oman,OMN,2003,1050000.0,0.0,880000.0,140000.0,1370000.0,5050000.0,3130000.0,15420000.0,20220000.0,1670000.0,1270000.0
Oman,OMN,2004,1090000.0,0.0,910000.0,120000.0,1460000.0,4550000.0,3310000.0,16480000.0,19430000.0,780000.0,740000.0
Oman,OMN,2005,1170000.0,0.0,950000.0,150000.0,1530000.0,4690000.0,3780000.0,15290000.0,19100000.0,1440000.0,820000.0
Oman,OMN,2006,1190000.0,0.0,990000.0,160000.0,1990000.0,10850000.0,4220000.0,16410000.0,17870000.0,2190000.0,1070000.0
Oman,OMN,2007,1210000.0,0.0,1030000.0,240000.0,2150000.0,12270000.0,6340000.0,16650000.0,16800000.0,1810000.0,1000000.0
Oman,OMN,2008,1250000.0,0.0,1060000.0,730000.0,2360000.0,8880000.0,7520000.0,17270000.0,17220000.0,1970000.0,5040000.0
Oman,OMN,2009,1260000.0,0.0,1100000.0,2020000.0,2960000.0,8310000.0,7650000.0,18730000.0,17510000.0,2130000.0,3880000.0
Oman,OMN,2010,1310000.0,0.0,1160000.0,4720000.0,3190000.0,8149999.0,8480000.0,19230000.0,17340000.0,2150000.0,4870000.0
Oman,OMN,2011,1340000.0,0.0,1250000.0,7180000.0,3040000.0,9550000.0,9830000.0,20390000.0,17860000.0,2230000.0,3150000.0
Oman,OMN,2012,1360000.0,0.0,1340000.0,9510000.0,3530000.0,10310000.0,11140000.0,21410000.0,19970000.0,2420000.0,3940000.0
Oman,OMN,2013,1660000.0,0.0,1430000.0,9820000.0,3400000.0,10570000.0,12270000.0,21790000.0,21550000.0,2520000.0,4190000.0
Oman,OMN,2014,1660000.0,0.0,1510000.0,9820000.0,3170000.0,12040000.0,12880000.0,22860000.0,22020000.0,2550000.0,5250000.0
Oman,OMN,2015,1700000.0,0.0,1590000.0,11310000.0,3290000.0,12670000.0,13580000.0,23950000.0,21370000.0,2650000.0,5600000.0
Oman,OMN,2016,1730000.0,0.0,1680000.0,11690000.0,3590000.0,13190000.0,12760000.0,23840000.0,21940000.0,2760000.0,6940000.0
Oman,OMN,2017,1760000.0,0.0,1760000.0,10810000.0,3310000.0,13120000.0,12650000.0,25120000.0,22170000.0,2770000.0,5000000.0
Oman,OMN,2018,1800000.0,0.0,1820000.0,15260000.0,3680000.0,12590000.0,12480000.0,25330000.0,22390000.0,2510000.0,9150000.0
Oman,OMN,2019,1830000.0,0.0,1870000.0,16570000.0,3870000.0,12570000.0,12430000.0,24310000.0,23360000.0,2480000.0,6280000.0
Oman,OMN,2020,1880000.0,0.0,1910000.0,15630000.0,4300000.0,11460000.0,10330000.0,24720000.0,22510000.0,2430000.0,5490000.0
Oman,OMN,2021,1920000.0,0.0,1950000.0,17280000.0,4460000.0,12350000.0,10700000.0,26890000.0,23010000.0,2500000.0,6920000.0
Oman,OMN,2022,1970000.0,0.0,2000000.0,18430000.0,4750000.0,13220000.0,13630000.0,27330000.0,22930000.0,2750000.0,8720000.0
Oman,OMN,2023,2000000.0,0.0,2050000.0,18650000.0,4840000.0,13310000.0,13920000.0,29580000.0,22370000.0,2790000.0,8450000.0
Pakistan,PAK,1990,90240000.0,2370000.0,15010000.0,26610000.0,5240000.0,16890000.0,14120000.0,16030001.0,7270000.0,940000.0,1530000.0
Pakistan,PAK,1991,91890000.0,2370000.0,15390000.0,26810000.0,5270000.0,16270000.0,14640000.0,17700000.0,8100000.0,870000.0,1630000.0
Pakistan,PAK,1992,93990000.0,2370000.0,19220000.0,26640000.0,5430000.0,19040000.0,16480000.0,20370000.0,8660000.0,930000.0,1730000.0
Pakistan,PAK,1993,96770000.0,2370000.0,22880000.0,27590000.0,6120000.0,20780000.0,18820000.0,22510000.0,8279999.0,940000.0,1820000.0
Pakistan,PAK,1994,98750000.0,2370000.0,26440000.0,28600000.0,6080000.0,20710000.0,19900000.0,23460000.0,8319999.0,1010000.0,1780000.0
Pakistan,PAK,1995,102390000.0,2370000.0,29900000.0,30000000.0,6240000.0,22280000.0,20680000.0,26660000.0,8870000.0,880000.0,1780000.0
Pakistan,PAK,1996,106050000.0,2370000.0,33270000.0,30630000.0,6310000.0,21730000.0,23280000.0,27420000.0,9300000.0,880000.0,1620000.0
Pakistan,PAK,1997,108920000.0,2370000.0,36540000.0,32040000.0,6410000.0,21570000.0,23840000.0,29630000.0,9240000.0,810000.0,1650000.0
Pakistan,PAK,1998,111150000.0,2370000.0,39740000.0,32550000.0,6570000.0,22340000.0,25080000.0,28460000.0,9540000.0,820000.0,2079999.0
Pakistan,PAK,1999,114550000.0,2370000.0,42870000.0,34830000.0,7150000.0,22890000.0,26430000.0,33029998.0,10380000.0,960000.0,2150000.0
Pakistan,PAK,2000,116370000.0,2370000.0,45970000.0,34430000.0,7400000.0,22430000.0,26140000.0,34480000.0,10980000.0,840000.0,2069999.0
Pakistan,PAK,2001,117560000.0,2500000.0,49030000.0,35170000.0,8220000.0,22650000.0,26080000.0,35450000.0,11580000.0,750000.0,2079999.0
Pakistan,PAK,2002,121010000.0,2500000.0,51980000.0,35750000.0,8430000.0,25070000.0,26430000.0,35310000.0,11830000.0,670000.0,2400000.0
Pakistan,PAK,2003,125060000.0,2500000.0,54840000.0,36420000.0,9500000.0,29960000.0,27730000.0,31660000.0,14050000.0,640000.0,2130000.0
Pakistan,PAK,2004,128450000.0,2500000.0,57640000.0,38090000.0,10120000.0,34940000.0,29920000.0,35860000.0,15330000.0,460000.0,2560000.0
Pakistan,PAK,2005,133090000.0,2510000.0,60400000.0,39060000.0,11510000.0,37330000.0,27850000.0,37450000.0,16250000.0,400000.0,2740000.0
Pakistan,PAK,2006,141680000.0,2500000.0,63100000.0,40390000.0,12970000.0,40600000.0,28280000.0,42550000.0,16490000.0,350000.0,2710000.0
Pakistan,PAK,2007,144280000.0,2510000.0,65760004.0,42080000.0,14830000.0,44930000.0,34050000.0,43420000.0,17400000.0,380000.0,2410000.0
Pakistan,PAK,2008,150960000.0,2500000.0,68400000.0,43190000.0,16320000.0,39730000.0,33040000.0,43270000.0,16870000.0,280000.0,2630000.0
Pakistan,PAK,2009,157530000.0,2510000.0,71020000.0,44000000.0,17870000.0,40200000.0,33600000.0,45460000.0,17300000.0,259999.0,2970000.0
Pakistan,PAK,2010,155630000.0,2500000.0,73610000.0,45200000.0,17820000.0,38540000.0,34330000.0,41390000.0,17200000.0,210000.0,2870000.0
Pakistan,PAK,2011,162960000.0,4230000.0,76160000.0,47280000.0,17670000.0,38190000.0,35990000.0,40220000.0,17270000.0,180000.0,2550000.0
Pakistan,PAK,2012,164140000.0,4240000.0,78640000.0,49600000.0,17910000.0,35780000.0,36790000.0,41510000.0,17120000.0,320000.0,2450000.0
Pakistan,PAK,2013,172410000.0,4230000.0,81050000.0,48990000.0,19080000.0,33700000.0,37640000.0,44590000.0,19110000.0,370000.0,2580000.0
Pakistan,PAK,2014,176930000.0,4230000.0,83390000.0,50070000.0,19650000.0,38340000.0,40140000.0,45000000.0,18630000.0,470000.0,2270000.0
Pakistan,PAK,2015,181060000.0,4230000.0,85660000.0,50520000.0,20630000.0,41840000.0,45290000.0,45180000.0,17950000.0,840000.0,2370000.0
Pakistan,PAK,2016,186320000.0,-4100000.0,87840000.0,50820000.0,22670000.0,46960000.0,50500000.0,49420000.0,17230000.0,980000.0,2540000.0
Pakistan,PAK,2017,193340000.0,-4100000.0,89990000.0,50060000.0,23900000.0,53140000.0,55340000.0,55950000.0,15730000.0,820000.0,2630000.0
Pakistan,PAK,2018,198170000.0,-4100000.0,92140000.0,50460000.0,25340000.0,53640000.0,50740000.0,46660000.0,18330000.0,630000.0,2450000.0
Pakistan,PAK,2019,204810000.0,-4100000.0,94300000.0,50290000.0,25810000.0,45900000.0,47200000.0,54450000.0,16930000.0,560000.0,1900000.0
Pakistan,PAK,2020,211980000.0,-4110000.0,96460000.0,49090000.0,28620000.0,60780000.0,54160000.0,54820000.0,17740000.0,960000.0,1300000.0
Pakistan,PAK,2021,219910000.0,-3500000.0,98650000.0,48770000.0,30080000.0,49840000.0,57610000.0,67110000.0,16209999.0,840000.0,1430000.0
Pakistan,PAK,2022,223300000.0,-3470000.0,100870000.0,48980000.0,28860000.0,36770000.0,44900000.0,52740000.0,15940000.0,1440000.0,2330000.0
Pakistan,PAK,2023,233250000.0,-3500000.0,103160000.0,49380000.0,29350000.0,36510000.0,44810000.0,53200000.0,15400000.0,1230000.0,2390000.0
Palau,PLW,1990,,,0.0,,0.0,,,,0.0,,
Palau,PLW,1991,0.0,-70000.0,0.0,,0.0,,,,0.0,,
Palau,PLW,1992,0.0,-70000.0,0.0,10000.0,0.0,,100000.0,90000.0,0.0,,50000.0
Palau,PLW,1993,0.0,-70000.0,0.0,10000.0,0.0,,100000.0,90000.0,0.0,,50000.0
Palau,PLW,1994,0.0,-70000.0,20000.0,10000.0,0.0,,100000.0,90000.0,0.0,,50000.0
Palau,PLW,1995,0.0,-70000.0,10000.0,10000.0,0.0,,100000.0,90000.0,0.0,,50000.0
Palau,PLW,1996,0.0,-70000.0,10000.0,10000.0,0.0,,100000.0,90000.0,0.0,,50000.0
Palau,PLW,1997,0.0,-70000.0,10000.0,10000.0,0.0,,110000.0,90000.0,0.0,,50000.0
Palau,PLW,1998,0.0,-70000.0,10000.0,10000.0,0.0,,110000.0,90000.0,0.0,,50000.0
Palau,PLW,1999,0.0,-70000.0,10000.0,10000.0,0.0,,110000.0,90000.0,0.0,,50000.0
Palau,PLW,2000,0.0,-70000.0,10000.0,10000.0,0.0,,110000.0,100000.0,0.0,,50000.0
Palau,PLW,2001,0.0,-40000.0,10000.0,10000.0,0.0,,110000.0,100000.0,0.0,,50000.0
Palau,PLW,2002,0.0,-40000.0,10000.0,10000.0,0.0,,110000.0,100000.0,0.0,,50000.0
Palau,PLW,2003,0.0,-40000.0,10000.0,10000.0,0.0,,110000.0,90000.0,0.0,,50000.0
Palau,PLW,2004,0.0,-40000.0,10000.0,10000.0,0.0,,110000.0,100000.0,0.0,,50000.0
Palau,PLW,2005,0.0,-40000.0,10000.0,10000.0,0.0,,120000.0,100000.0,0.0,,50000.0
Palau,PLW,2006,0.0,-40000.0,0.0,10000.0,0.0,,129999.0,90000.0,0.0,,50000.0
Palau,PLW,2007,0.0,-40000.0,0.0,10000.0,0.0,,129999.0,90000.0,0.0,,50000.0
Palau,PLW,2008,0.0,-40000.0,0.0,10000.0,0.0,,129999.0,80000.0,0.0,,50000.0
Palau,PLW,2009,0.0,-40000.0,0.0,10000.0,0.0,,129999.0,70000.0,0.0,,30000.0
Palau,PLW,2010,0.0,-40000.0,0.0,10000.0,0.0,,129999.0,70000.0,0.0,,30000.0
Palau,PLW,2011,0.0,-40000.0,0.0,10000.0,0.0,,140000.0,70000.0,0.0,,30000.0
Palau,PLW,2012,0.0,-40000.0,0.0,10000.0,0.0,,150000.0,70000.0,0.0,,30000.0
Palau,PLW,2013,0.0,-40000.0,0.0,10000.0,0.0,,150000.0,70000.0,0.0,,30000.0
Palau,PLW,2014,0.0,-40000.0,0.0,10000.0,0.0,,150000.0,60000.0,0.0,,30000.0
Palau,PLW,2015,0.0,-40000.0,0.0,10000.0,0.0,,140000.0,70000.0,0.0,,20000.0
Palau,PLW,2016,0.0,-40000.0,0.0,10000.0,0.0,,129999.0,70000.0,0.0,,20000.0
Palau,PLW,2017,0.0,-40000.0,0.0,10000.0,0.0,,140000.0,70000.0,0.0,,20000.0
Palau,PLW,2018,0.0,-40000.0,0.0,10000.0,0.0,,140000.0,70000.0,0.0,,20000.0
Palau,PLW,2019,0.0,-40000.0,0.0,10000.0,0.0,,140000.0,70000.0,0.0,,20000.0
Palau,PLW,2020,0.0,-40000.0,0.0,10000.0,10000.0,,129999.0,70000.0,0.0,,20000.0
Palau,PLW,2021,0.0,-40000.0,0.0,10000.0,10000.0,,129999.0,70000.0,0.0,,20000.0
Palau,PLW,2022,0.0,-40000.0,0.0,10000.0,10000.0,,140000.0,70000.0,0.0,,20000.0
Palau,PLW,2023,0.0,-40000.0,0.0,10000.0,10000.0,,140000.0,70000.0,0.0,,20000.0
Panama,PAN,1990,3280000.0,5840000.0,1620000.0,570000.0,140000.0,519999.0,1310000.0,550000.0,0.0,0.0,5050000.0
Panama,PAN,1991,3290000.0,5840000.0,1650000.0,570000.0,140000.0,630000.0,1360000.0,810000.0,0.0,0.0,5510000.0
Panama,PAN,1992,3390000.0,5840000.0,1870000.0,610000.0,129999.0,660000.0,1470000.0,1200000.0,0.0,0.0,5950000.0
Panama,PAN,1993,3430000.0,5840000.0,2040000.0,620000.0,240000.0,700000.0,1580000.0,1060000.0,0.0,0.0,6250000.0
Panama,PAN,1994,3430000.0,5840000.0,2180000.0,650000.0,259999.0,760000.0,1690000.0,1100000.0,0.0,0.0,6520000.0
Panama,PAN,1995,3430000.0,5840000.0,2050000.0,640000.0,259999.0,830000.0,1780000.0,1250000.0,0.0,0.0,6610000.0
Panama,PAN,1996,3440000.0,5840000.0,1930000.0,690000.0,270000.0,940000.0,1860000.0,1070000.0,0.0,0.0,7110000.0
Panama,PAN,1997,3220000.0,5840000.0,1800000.0,700000.0,290000.0,810000.0,1990000.0,1290000.0,0.0,0.0,7750000.0
Panama,PAN,1998,3290000.0,5850000.0,1680000.0,740000.0,300000.0,870000.0,2220000.0,2030000.0,0.0,0.0,8290000.0
Panama,PAN,1999,3230000.0,5840000.0,1550000.0,760000.0,310000.0,840000.0,2370000.0,1180000.0,0.0,0.0,8490000.0
Panama,PAN,2000,3200000.0,5850000.0,1420000.0,540000.0,370000.0,920000.0,2380000.0,1290000.0,0.0,0.0,8780000.0
Panama,PAN,2001,3600000.0,4250000.0,1490000.0,530000.0,420000.0,1100000.0,2280000.0,2210000.0,0.0,0.0,9040000.0
Panama,PAN,2002,3610000.0,4240000.0,1550000.0,610000.0,380000.0,680000.0,2420000.0,1580000.0,0.0,60000.0,9080000.0
Panama,PAN,2003,3620000.0,4360000.0,1620000.0,600000.0,430000.0,220000.0,2540000.0,1960000.0,0.0,100000.0,9070000.0
Panama,PAN,2004,3550000.0,4260000.0,1680000.0,510000.0,500000.0,790000.0,2620000.0,1440000.0,0.0,90000.0,9030000.0
Panama,PAN,2005,3640000.0,4240000.0,1740000.0,540000.0,540000.0,1870000.0,2960000.0,1500000.0,0.0,90000.0,8020000.0
Panama,PAN,2006,3670000.0,4240000.0,1810000.0,670000.0,590000.0,1660000.0,3100000.0,1800000.0,0.0,110000.0,9060000.0
Panama,PAN,2007,3580000.0,4240000.0,1890000.0,690000.0,680000.0,1630000.0,2900000.0,2079999.0,0.0,40000.0,7990000.0
Panama,PAN,2008,3750000.0,4250000.0,1970000.0,570000.0,750000.0,1220000.0,3220000.0,1780000.0,0.0,50000.0,11280000.0
Panama,PAN,2009,3810000.0,4260000.0,2060000.0,660000.0,870000.0,1690000.0,3500000.0,2430000.0,0.0,40000.0,9500000.0
Panama,PAN,2010,3850000.0,4230000.0,2150000.0,700000.0,1270000.0,1780000.0,3640000.0,2730000.0,0.0,40000.0,10700000.0
Panama,PAN,2011,3980000.0,2660000.0,2230000.0,640000.0,1420000.0,2030000.0,3760000.0,3120000.0,0.0,40000.0,11860000.0
Panama,PAN,2012,4040000.0,2660000.0,2330000.0,640000.0,1510000.0,2530000.0,3800000.0,2840000.0,0.0,50000.0,12080000.0
Panama,PAN,2013,4060000.0,2660000.0,2440000.0,690000.0,1550000.0,2510000.0,3790000.0,2590000.0,0.0,50000.0,12070000.0
Panama,PAN,2014,3810000.0,2660000.0,2550000.0,810000.0,1570000.0,2510000.0,4050000.0,2790000.0,0.0,60000.0,11920000.0
Panama,PAN,2015,3660000.0,2670000.0,2650000.0,690000.0,1540000.0,2280000.0,4460000.0,2660000.0,0.0,70000.0,13740000.0
Panama,PAN,2016,3650000.0,1640000.0,2770000.0,720000.0,1580000.0,1980000.0,4820000.0,2660000.0,0.0,50000.0,14760000.0
Panama,PAN,2017,3580000.0,1620000.0,2890000.0,750000.0,1660000.0,1870000.0,4980000.0,2069999.0,0.0,40000.0,16770000.0
Panama,PAN,2018,3690000.0,1620000.0,3000000.0,810000.0,1590000.0,1870000.0,4940000.0,1950000.0,1080000.0,40000.0,16639999.0
Panama,PAN,2019,3600000.0,1640000.0,3120000.0,900000.0,1550000.0,1880000.0,5300000.0,4830000.0,2260000.0,50000.0,19090000.0
Panama,PAN,2020,3660000.0,1620000.0,3230000.0,890000.0,1310000.0,1290000.0,3890000.0,3610000.0,1460000.0,30000.0,10720000.0
Panama,PAN,2021,3710000.0,1620000.0,3280000.0,910000.0,1600000.0,1400000.0,4900000.0,3510000.0,1140000.0,40000.0,11330000.0
Panama,PAN,2022,3640000.0,1620000.0,3370000.0,920000.0,1710000.0,1720000.0,5690000.0,3340000.0,1520000.0,50000.0,13040000.0
Panama,PAN,2023,3750000.0,1620000.0,3820000.0,960000.0,1770000.0,1680000.0,5730000.0,4139999.0,1520000.0,50000.0,12930000.0
Papua New Guinea,PNG,1990,1760000.0,27260000.0,40000.0,70000.0,20000.0,270000.0,650000.0,780000.0,1310000.0,400000.0,100000.0
Papua New Guinea,PNG,1991,1760000.0,27260000.0,40000.0,80000.0,20000.0,270000.0,650000.0,780000.0,0.0,390000.0,90000.0
Papua New Guinea,PNG,1992,1810000.0,27260000.0,40000.0,80000.0,20000.0,270000.0,650000.0,780000.0,870000.0,390000.0,90000.0
Papua New Guinea,PNG,1993,1860000.0,27260000.0,40000.0,80000.0,20000.0,259999.0,700000.0,790000.0,2040000.0,390000.0,90000.0
Papua New Guinea,PNG,1994,1900000.0,27260000.0,40000.0,80000.0,20000.0,560000.0,710000.0,320000.0,2130000.0,380000.0,170000.0
Papua New Guinea,PNG,1995,2030000.0,29110000.0,40000.0,60000.0,20000.0,600000.0,710000.0,519999.0,1700000.0,250000.0,170000.0
Papua New Guinea,PNG,1996,1950000.0,28840000.0,50000.0,60000.0,20000.0,620000.0,740000.0,570000.0,1770000.0,240000.0,180000.0
Papua New Guinea,PNG,1997,2150000.0,44020000.0,50000.0,70000.0,20000.0,610000.0,740000.0,670000.0,1340000.0,320000.0,180000.0
Papua New Guinea,PNG,1998,1990000.0,29570000.0,50000.0,60000.0,20000.0,630000.0,750000.0,900000.0,1320000.0,300000.0,180000.0
Papua New Guinea,PNG,1999,2060000.0,30570000.0,50000.0,70000.0,30000.0,680000.0,710000.0,830000.0,1470000.0,310000.0,170000.0
Papua New Guinea,PNG,2000,2100000.0,31510000.0,320000.0,80000.0,30000.0,980000.0,830000.0,900000.0,1090000.0,50000.0,190000.0
Papua New Guinea,PNG,2001,2200000.0,31540000.0,60000.0,90000.0,30000.0,1060000.0,890000.0,1300000.0,1020000.0,50000.0,190000.0
Papua New Guinea,PNG,2002,2390000.0,32060002.0,60000.0,110000.0,30000.0,1060000.0,940000.0,1450000.0,840000.0,50000.0,190000.0
Papua New Guinea,PNG,2003,2440000.0,31700000.0,60000.0,110000.0,40000.0,1150000.0,1020000.0,1750000.0,870000.0,50000.0,210000.0
Papua New Guinea,PNG,2004,2670000.0,32259998.0,60000.0,100000.0,40000.0,1290000.0,1150000.0,2010000.0,770000.0,60000.0,220000.0
Papua New Guinea,PNG,2005,2380000.0,31550000.0,60000.0,100000.0,40000.0,1220000.0,1160000.0,1760000.0,920000.0,80000.0,220000.0
Papua New Guinea,PNG,2006,2500000.0,31430000.0,70000.0,70000.0,40000.0,1270000.0,1130000.0,1790000.0,860000.0,80000.0,220000.0
Papua New Guinea,PNG,2007,2340000.0,31110000.0,70000.0,150000.0,40000.0,1370000.0,1000000.0,1880000.0,700000.0,340000.0,230000.0
Papua New Guinea,PNG,2008,2350000.0,30640000.0,70000.0,70000.0,50000.0,1410000.0,1060000.0,1890000.0,750000.0,340000.0,240000.0
Papua New Guinea,PNG,2009,2420000.0,30470000.0,70000.0,129999.0,50000.0,1440000.0,1080000.0,2060000.0,690000.0,340000.0,230000.0
Papua New Guinea,PNG,2010,2430000.0,30460000.0,70000.0,129999.0,50000.0,1470000.0,1130000.0,1970000.0,560000.0,350000.0,240000.0
Papua New Guinea,PNG,2011,2380000.0,23350000.0,80000.0,129999.0,60000.0,1470000.0,1170000.0,2050000.0,530000.0,360000.0,250000.0
Papua New Guinea,PNG,2012,2440000.0,23330000.0,80000.0,129999.0,60000.0,1210000.0,1360000.0,1890000.0,500000.0,310000.0,190000.0
Papua New Guinea,PNG,2013,2430000.0,23300000.0,80000.0,150000.0,70000.0,1280000.0,1440000.0,2050000.0,560000.0,310000.0,200000.0
Papua New Guinea,PNG,2014,2550000.0,23220000.0,80000.0,150000.0,70000.0,1330000.0,1580000.0,2540000.0,3070000.0,310000.0,200000.0
Papua New Guinea,PNG,2015,2700000.0,24340000.0,90000.0,150000.0,80000.0,1410000.0,1700000.0,2900000.0,5600000.0,310000.0,230000.0
Papua New Guinea,PNG,2016,2410000.0,29740000.0,90000.0,150000.0,80000.0,1460000.0,1720000.0,3040000.0,6150000.0,310000.0,230000.0
Papua New Guinea,PNG,2017,2480000.0,29710000.0,90000.0,150000.0,80000.0,1480000.0,1750000.0,2920000.0,6160000.0,310000.0,210000.0
Papua New Guinea,PNG,2018,2680000.0,29930000.0,90000.0,170000.0,80000.0,1730000.0,1650000.0,3340000.0,5420000.0,310000.0,210000.0
Papua New Guinea,PNG,2019,2530000.0,30020000.0,90000.0,180000.0,80000.0,1800000.0,1660000.0,3250000.0,6120000.0,310000.0,200000.0
Papua New Guinea,PNG,2020,2490000.0,30340000.0,90000.0,180000.0,90000.0,1770000.0,1580000.0,3780000.0,6330000.0,310000.0,210000.0
Papua New Guinea,PNG,2021,2510000.0,23500000.0,90000.0,190000.0,90000.0,1770000.0,1560000.0,3850000.0,6020000.0,310000.0,210000.0
Papua New Guinea,PNG,2022,2570000.0,23740000.0,90000.0,190000.0,100000.0,1830000.0,1620000.0,3880000.0,6440000.0,310000.0,220000.0
Papua New Guinea,PNG,2023,2670000.0,23720000.0,100000.0,200000.0,100000.0,1860000.0,1690000.0,3920000.0,6510000.0,310000.0,220000.0
Paraguay,PRY,1990,19450000.0,65650000.0,10890000.0,1410000.0,170000.0,220000.0,1660000.0,30000.0,0.0,0.0,30000.0
Paraguay,PRY,1991,18030000.0,65650000.0,9560000.0,1450000.0,160000.0,270000.0,1560000.0,40000.0,0.0,0.0,30000.0
Paraguay,PRY,1992,18560000.0,65650000.0,8220000.0,1280000.0,250000.0,340000.0,1870000.0,40000.0,0.0,0.0,30000.0
Paraguay,PRY,1993,20100000.0,65650000.0,6890000.0,1320000.0,240000.0,230000.0,2330000.0,30000.0,0.0,0.0,30000.0
Paraguay,PRY,1994,21140000.0,65650000.0,5560000.0,1270000.0,290000.0,430000.0,2620000.0,10000.0,0.0,0.0,30000.0
Paraguay,PRY,1995,22580000.0,65650000.0,5330000.0,1320000.0,320000.0,380000.0,2990000.0,110000.0,0.0,0.0,30000.0
Paraguay,PRY,1996,21700000.0,66269996.0,5100000.0,1360000.0,310000.0,400000.0,3020000.0,20000.0,0.0,0.0,100000.0
Paraguay,PRY,1997,21810000.0,66780000.0,4860000.0,1430000.0,290000.0,410000.0,3390000.0,20000.0,0.0,0.0,100000.0
Paraguay,PRY,1998,21990000.0,66430000.0,4630000.0,1290000.0,290000.0,420000.0,3550000.0,20000.0,0.0,0.0,100000.0
Paraguay,PRY,1999,22320000.0,69210000.0,4400000.0,1320000.0,290000.0,380000.0,3550000.0,20000.0,10000.0,0.0,50000.0
Paraguay,PRY,2000,21300000.0,65540000.0,4170000.0,1300000.0,300000.0,360000.0,2860000.0,0.0,0.0,0.0,40000.0
Paraguay,PRY,2001,23220000.0,65519996.0,4220000.0,1350000.0,310000.0,340000.0,3050000.0,0.0,0.0,0.0,20000.0
Paraguay,PRY,2002,22250000.0,66890000.0,4260000.0,1280000.0,350000.0,330000.0,3220000.0,0.0,0.0,0.0,60000.0
Paraguay,PRY,2003,24370000.0,65830000.0,4310000.0,1310000.0,450000.0,250000.0,3430000.0,0.0,0.0,0.0,70000.0
Paraguay,PRY,2004,22340000.0,65239996.0,4350000.0,1290000.0,490000.0,290000.0,3430000.0,0.0,0.0,0.0,50000.0
Paraguay,PRY,2005,23500000.0,65730004.0,4400000.0,1240000.0,560000.0,330000.0,3120000.0,0.0,0.0,0.0,40000.0
Paraguay,PRY,2006,23620000.0,65260004.0,4290000.0,1090000.0,630000.0,270000.0,3420000.0,0.0,0.0,0.0,60000.0
Paraguay,PRY,2007,25690000.0,67220000.0,4170000.0,1110000.0,690000.0,200000.0,3270000.0,0.0,0.0,0.0,60000.0
Paraguay,PRY,2008,24490000.0,65120004.0,4060000.0,1130000.0,780000.0,200000.0,3880000.0,0.0,10000.0,0.0,70000.0
Paraguay,PRY,2009,26310000.0,65070000.0,3950000.0,1180000.0,900000.0,240000.0,4040000.0,0.0,10000.0,0.0,60000.0
Paraguay,PRY,2010,28070000.0,65120004.0,3840000.0,1180000.0,950000.0,250000.0,4550000.0,0.0,10000.0,0.0,80000.0
Paraguay,PRY,2011,28880000.0,61260000.0,3720000.0,1160000.0,930000.0,230000.0,4780000.0,0.0,10000.0,0.0,70000.0
Paraguay,PRY,2012,30180000.0,61170000.0,3550000.0,1140000.0,1050000.0,350000.0,4520000.0,0.0,10000.0,0.0,80000.0
Paraguay,PRY,2013,31270000.0,61280000.0,2870000.0,990000.0,1000000.0,210000.0,4860000.0,0.0,10000.0,0.0,100000.0
Paraguay,PRY,2014,32950000.0,60910000.0,2190000.0,1020000.0,1070000.0,270000.0,5100000.0,0.0,10000.0,0.0,110000.0
Paraguay,PRY,2015,32400002.0,60810000.0,1510000.0,1010000.0,1190000.0,420000.0,5610000.0,0.0,10000.0,0.0,100000.0
Paraguay,PRY,2016,32110000.0,50950000.0,1510000.0,1420000.0,1270000.0,310000.0,6550000.0,0.0,10000.0,0.0,129999.0
Paraguay,PRY,2017,33349998.0,51490000.0,1500000.0,1440000.0,1210000.0,290000.0,7430000.0,0.0,10000.0,0.0,170000.0
Paraguay,PRY,2018,31410000.0,50990000.0,1770000.0,1390000.0,1390000.0,330000.0,7810000.0,0.0,10000.0,0.0,210000.0
Paraguay,PRY,2019,32480000.0,52290000.0,2030000.0,1370000.0,1470000.0,300000.0,7570000.0,0.0,10000.0,0.0,210000.0
Paraguay,PRY,2020,34270000.0,51330000.0,2069999.0,1290000.0,1410000.0,270000.0,6970000.0,0.0,10000.0,0.0,180000.0
Paraguay,PRY,2021,33169998.0,28500000.0,2100000.0,1220000.0,1490000.0,360000.0,6990000.0,0.0,10000.0,840000.0,280000.0
Paraguay,PRY,2022,31520000.0,27900000.0,2130000.0,1180000.0,1560000.0,380000.0,6290000.0,0.0,10000.0,780000.0,300000.0
Paraguay,PRY,2023,31850000.0,27800000.0,2220000.0,1090000.0,1620000.0,540000.0,6150000.0,0.0,10000.0,490000.0,410000.0
Peru,PER,1990,18730000.0,128130008.0,2120000.0,5880000.0,1230000.0,4100000.0,7310000.0,3990000.0,2460000.0,810000.0,740000.0
Peru,PER,1991,18280000.0,128130008.0,2140000.0,5660000.0,1210000.0,4610000.0,6540000.0,3540000.0,2360000.0,1010000.0,760000.0
Peru,PER,1992,18120000.0,128130008.0,2900000.0,5620000.0,1150000.0,4179999.0,7060000.0,4040000.0,2420000.0,1210000.0,770000.0
Peru,PER,1993,18330000.0,128140000.0,3450000.0,5160000.0,1340000.0,4620000.0,7220000.0,4110000.0,2330000.0,1580000.0,850000.0
Peru,PER,1994,19230000.0,128140000.0,3870000.0,4970000.0,1660000.0,4290000.0,8180000.0,3820000.0,2140000.0,1920000.0,1020000.0
Peru,PER,1995,20180000.0,128140000.0,4820000.0,5330000.0,1940000.0,5370000.0,8890000.0,4490000.0,2260000.0,1850000.0,1240000.0
Peru,PER,1996,20570000.0,128080000.0,5770000.0,5630000.0,1980000.0,5940000.0,9290000.0,5450000.0,2340000.0,1970000.0,1310000.0
Peru,PER,1997,20790000.0,128090000.0,6710000.0,5370000.0,2200000.0,5840000.0,9610000.0,5460000.0,2220000.0,1730000.0,1320000.0
Peru,PER,1998,21430000.0,128170000.0,7660000.0,6060000.0,2210000.0,6180000.0,9550000.0,4840000.0,2210000.0,1010000.0,1330000.0
Peru,PER,1999,22800000.0,128160000.0,8610000.0,6090000.0,1970000.0,7350000.0,10090000.0,4940000.0,2060000.0,1540000.0,1400000.0
Peru,PER,2000,23120000.0,127990000.0,9550000.0,6070000.0,2030000.0,7570000.0,9920000.0,4790000.0,1950000.0,1310000.0,1260000.0
Peru,PER,2001,23230000.0,127990000.0,9590000.0,6130000.0,2150000.0,6820000.0,9250000.0,4330000.0,1860000.0,1070000.0,1310000.0
Peru,PER,2002,23890000.0,128080000.0,9630000.0,6330000.0,2250000.0,7310000.0,9110000.0,4890000.0,1820000.0,1100000.0,830000.0
Peru,PER,2003,24170000.0,128210008.0,9680000.0,5700000.0,2350000.0,6940000.0,9570000.0,4880000.0,1960000.0,1000000.0,650000.0
Peru,PER,2004,24020000.0,128149992.0,9740000.0,5030000.0,2720000.0,7970000.0,10820000.0,6890000.0,1850000.0,1260000.0,1630000.0
Peru,PER,2005,25090000.0,128630008.0,9790000.0,4830000.0,3050000.0,8140000.0,10280000.0,7420000.0,1970000.0,1070000.0,1260000.0
Peru,PER,2006,25120000.0,128190000.0,9840000.0,4530000.0,3400000.0,7590000.0,11050000.0,6960000.0,1910000.0,1010000.0,1740000.0
Peru,PER,2007,25770000.0,128380008.0,9890000.0,4530000.0,3630000.0,9140000.0,11510000.0,7880000.0,1920000.0,960000.0,840000.0
Peru,PER,2008,26000000.0,128149992.0,9950000.0,4810000.0,3960000.0,8770000.0,14080000.0,9970000.0,2130000.0,890000.0,2150000.0
Peru,PER,2009,26820000.0,128100008.0,10000000.0,4990000.0,4460000.0,8630000.0,15410000.0,11170000.0,2280000.0,940000.0,2100000.0
Peru,PER,2010,26760000.0,128360000.0,10060000.0,5010000.0,4590000.0,7630000.0,17270000.0,14400000.0,3010000.0,590000.0,1870000.0
Peru,PER,2011,26870000.0,128090000.0,10140000.0,5280000.0,4600000.0,8180000.0,18110000.0,15980000.0,3830000.0,640000.0,2270000.0
Peru,PER,2012,26560000.0,128210008.0,10230000.0,5210000.0,5080000.0,7720000.0,18470000.0,15220000.0,4010000.0,750000.0,2150000.0
Peru,PER,2013,26630000.0,128160000.0,10520000.0,5630000.0,5670000.0,8750000.0,20060000.0,13210000.0,4210000.0,710000.0,1930000.0
Peru,PER,2014,26710000.0,128130008.0,10830000.0,5790000.0,6050000.0,8670000.0,19850000.0,16480000.0,4680000.0,560000.0,2420000.0
Peru,PER,2015,26910000.0,128149992.0,11090000.0,5610000.0,5990000.0,8970000.0,21700000.0,15690000.0,4500000.0,700000.0,2250000.0
Peru,PER,2016,26850000.0,76990000.0,11350000.0,5630000.0,5920000.0,7840000.0,23750000.0,17650000.0,4170000.0,550000.0,2510000.0
Peru,PER,2017,27120000.0,76910000.0,11680000.0,5570000.0,5940000.0,7810000.0,24100000.0,14810000.0,3710000.0,390000.0,3680000.0
Peru,PER,2018,26890000.0,76990000.0,11980000.0,6250000.0,6040000.0,8189999.0,24810000.0,13460000.0,3730000.0,259999.0,3740000.0
Peru,PER,2019,27360000.0,77020000.0,12270000.0,6080000.0,6340000.0,8319999.0,26240000.0,14110000.0,3810000.0,290000.0,3620000.0
Peru,PER,2020,27340000.0,77010000.0,12560000.0,6370000.0,5790000.0,6580000.0,20440000.0,11950000.0,3420000.0,290000.0,1590000.0
Peru,PER,2021,27970000.0,128200000.0,12770000.0,6870000.0,7490000.0,8560000.0,27100000.0,13300000.0,3330000.0,330000.0,1820000.0
Peru,PER,2022,27870000.0,128259992.0,12990000.0,6730000.0,7870000.0,10160000.0,27510000.0,15390000.0,3750000.0,320000.0,2250000.0
Peru,PER,2023,27540000.0,128200000.0,14230000.0,7170000.0,7980000.0,9830000.0,27540000.0,16379999.0,3820000.0,300000.0,2250000.0
Philippines,PHL,1990,47220000.0,2460000.0,5110000.0,10200000.0,3170000.0,9430000.0,14040000.0,10780000.0,129999.0,780000.0,1310000.0
Philippines,PHL,1991,47560000.0,2460000.0,5190000.0,10030000.0,3400000.0,7280000.0,13270000.0,13100000.0,100000.0,730000.0,1240000.0
Philippines,PHL,1992,45680000.0,2460000.0,6790000.0,10160000.0,3260000.0,7650000.0,15380000.0,13850000.0,180000.0,850000.0,1530000.0
Philippines,PHL,1993,47150000.0,2460000.0,8020000.0,10280000.0,3800000.0,9310000.0,17440000.0,13000000.0,259999.0,870000.0,1570000.0
Philippines,PHL,1994,50870000.0,2460000.0,9000000.0,10360000.0,4450000.0,8630000.0,18350000.0,15500000.0,210000.0,790000.0,1660000.0
Philippines,PHL,1995,52480000.0,2460000.0,9820000.0,10680000.0,4870000.0,11740000.0,21690000.0,18280000.0,150000.0,930000.0,1620000.0
Philippines,PHL,1996,55370000.0,2450000.0,10520000.0,10720000.0,5670000.0,11050000.0,24560000.0,20520000.0,120000.0,1000000.0,2060000.0
Philippines,PHL,1997,55490000.0,2470000.0,11140000.0,10900000.0,6520000.0,13010000.0,25240000.0,23920000.0,129999.0,1130000.0,2430000.0
Philippines,PHL,1998,48530000.0,2620000.0,11720000.0,11110000.0,5770000.0,11760000.0,25960000.0,24570000.0,129999.0,1050000.0,1870000.0
Philippines,PHL,1999,57030000.0,2460000.0,12260000.0,11470000.0,5650000.0,11360000.0,25660000.0,22570000.0,129999.0,1010000.0,2270000.0
Philippines,PHL,2000,57690000.0,2470000.0,12760000.0,11190000.0,5400000.0,9280000.0,25740000.0,25210000.0,120000.0,890000.0,2220000.0
Philippines,PHL,2001,58290000.0,-12410000.0,13260000.0,11070000.0,4250000.0,8780000.0,25670000.0,25570000.0,190000.0,800000.0,2440000.0
Philippines,PHL,2002,58210000.0,-12350000.0,13730000.0,10830000.0,6040000.0,8240000.0,26620000.0,24240000.0,790000.0,870000.0,2490000.0
Philippines,PHL,2003,58910000.0,-12350000.0,14200000.0,10310000.0,5930000.0,9300000.0,26020000.0,25940000.0,880000.0,940000.0,2470000.0
Philippines,PHL,2004,60710000.0,-12350000.0,14660000.0,9730000.0,6110000.0,9310000.0,26920000.0,26830000.0,770000.0,870000.0,2500000.0
Philippines,PHL,2005,59690000.0,-12300000.0,15120000.0,9040000.0,6910000.0,9780000.0,25630000.0,29290000.0,930000.0,870000.0,2680000.0
Philippines,PHL,2006,59960000.0,-12380000.0,15560000.0,9010000.0,6000000.0,9950000.0,24060000.0,25240000.0,860000.0,770000.0,2850000.0
Philippines,PHL,2007,61570000.0,-12360000.0,16000000.0,8730000.0,6720000.0,11590000.0,24210000.0,26950000.0,1010000.0,1170000.0,3720000.0
Philippines,PHL,2008,62600000.0,-12390000.0,16480000.0,9060000.0,6970000.0,12180000.0,23210000.0,29480000.0,1020000.0,800000.0,3630000.0
Philippines,PHL,2009,63610000.0,-12390000.0,16950000.0,10240000.0,7790000.0,10460000.0,24110000.0,30110000.0,1270000.0,640000.0,3580000.0
Philippines,PHL,2010,62610000.0,-12200000.0,17410000.0,10680000.0,8420000.0,12150000.0,24280000.0,33439998.0,1210000.0,670000.0,3570000.0
Philippines,PHL,2011,63150000.0,-20680000.0,17820000.0,10880000.0,8590000.0,11850000.0,24060000.0,34470000.0,1320000.0,590000.0,3920000.0
Philippines,PHL,2012,64000000.0,-20690000.0,18240000.0,10880000.0,9650000.0,10980000.0,25060000.0,36880000.0,1360000.0,560000.0,3850000.0
Philippines,PHL,2013,64750000.0,-20670000.0,18670000.0,11430000.0,10240000.0,12680000.0,26160000.0,42500000.0,1370000.0,590000.0,3840000.0
Philippines,PHL,2014,65030000.0,-20640000.0,19100000.0,12390000.0,10760000.0,13200000.0,27260000.0,45660000.0,1560000.0,540000.0,3430000.0
Philippines,PHL,2015,63930000.0,-20620000.0,19520000.0,12170000.0,11880000.0,13530000.0,31530000.0,49500000.0,1500000.0,600000.0,3750000.0
Philippines,PHL,2016,63700000.0,-20590000.0,19960000.0,13450000.0,11920000.0,15650000.0,34110000.0,53380000.0,1630000.0,720000.0,4070000.0
Philippines,PHL,2017,66970000.0,-20670000.0,20420000.0,14840000.0,13380000.0,17000000.0,35270000.0,60970000.0,1450000.0,910000.0,5080000.0
Philippines,PHL,2018,66300004.0,-20670000.0,20860000.0,15550000.0,14380000.0,14560000.0,36480000.0,66739996.0,1450000.0,660000.0,5170000.0
Philippines,PHL,2019,65250000.0,-20630000.0,21290000.0,16129999.0,14790000.0,13510000.0,37790000.0,72750000.0,1320000.0,720000.0,5060000.0
Philippines,PHL,2020,66160004.0,-20610000.0,21710000.0,16280001.0,13550000.0,11520000.0,29170000.0,73050000.0,1220000.0,660000.0,2040000.0
Philippines,PHL,2021,66220000.0,-26910000.0,22120000.0,17000000.0,15350000.0,12780000.0,32580002.0,75630000.0,1140000.0,770000.0,1840000.0
Philippines,PHL,2022,66379996.0,-26920000.0,22520000.0,15070000.0,16350000.0,13230000.0,36580000.0,78880000.0,1070000.0,430000.0,3980000.0
Philippines,PHL,2023,65850000.0,-26890000.0,22950000.0,15530000.0,16750000.0,12630000.0,38100000.0,92690000.0,960000.0,450000.0,5070000.0
Poland,POL,1990,47160000.0,2690000.0,18920000.0,47620000.0,9000000.0,42870000.0,20810000.0,228960000.0,56340000.0,8530000.0,1930000.0
Poland,POL,1991,43520000.0,2690000.0,19150000.0,56350000.0,8620000.0,39680000.0,21690000.0,223030000.0,52870000.0,10380000.0,1180000.0
Poland,POL,1992,41550000.0,2690000.0,19310000.0,58140000.0,8720000.0,36760000.0,22070000.0,214470000.0,51670000.0,11430000.0,1510000.0
Poland,POL,1993,39580000.0,2680000.0,19350000.0,61350000.0,8750000.0,47740000.0,21480000.0,201370000.0,50240000.0,13460000.0,1170000.0
Poland,POL,1994,39530000.0,2670000.0,18380000.0,53080000.0,10280000.0,48790000.0,22180000.0,200540000.0,50320000.0,14520000.0,1180000.0
Poland,POL,1995,38790000.0,2620000.0,18040000.0,53140000.0,10710000.0,63340000.0,22970000.0,185900000.0,52400000.0,14040000.0,1260000.0
Poland,POL,1996,37910000.0,2450000.0,17470000.0,54050000.0,10340000.0,67940000.0,25980000.0,192660000.0,50660000.0,14760000.0,1480000.0
Poland,POL,1997,38840000.0,2400000.0,16740000.0,49980000.0,10760000.0,64170000.0,27490000.0,186740000.0,52100000.0,15260000.0,1530000.0
Poland,POL,1998,37130000.0,2380000.0,16330000.0,40380000.0,10190000.0,53570000.0,28960000.0,180330000.0,44150000.0,13840000.0,1720000.0
Poland,POL,1999,35780000.0,2280000.0,15570000.0,41630000.0,10130000.0,45640000.0,31510000.0,174830000.0,42210000.0,14250000.0,1950000.0
Poland,POL,2000,34440000.0,2260000.0,14720000.0,34930000.0,11180000.0,45690000.0,27710000.0,172300000.0,38680000.0,13190000.0,1740000.0
Poland,POL,2001,33470002.0,-53010000.0,13930000.0,38160000.0,10610000.0,40430000.0,27530000.0,173990000.0,38610000.0,13020000.0,1650000.0
Poland,POL,2002,33450000.0,-53090000.0,13230000.0,42130000.0,10250000.0,38360000.0,26580000.0,167980000.0,38160000.0,12140000.0,1660000.0
Poland,POL,2003,33310002.0,-53180000.0,12800000.0,42550000.0,11290000.0,37530000.0,29040000.0,176280000.0,37960000.0,12320000.0,1780000.0
Poland,POL,2004,32680000.0,-53330000.0,12090000.0,43190000.0,12430000.0,38190000.0,32900002.0,174610000.0,37050000.0,12630000.0,1660000.0
Poland,POL,2005,33529998.0,-53330000.0,11360000.0,45740000.0,13180000.0,33680000.0,35360000.0,173330000.0,36200000.0,13190000.0,2000000.0
Poland,POL,2006,34080000.0,-53330000.0,10550000.0,50490000.0,14820000.0,33580000.0,39180000.0,178930000.0,35780000.0,11410000.0,2230000.0
Poland,POL,2007,34800000.0,-53340000.0,9970000.0,46500000.0,16480000.0,35850000.0,43310000.0,175530000.0,33050000.0,10330000.0,2140000.0
Poland,POL,2008,34130000.0,-53350000.0,9360000.0,48720000.0,15930000.0,31700000.0,45360000.0,170540000.0,31340000.0,10830000.0,2490000.0
Poland,POL,2009,33210000.0,-53380000.0,8870000.0,49990000.0,12640000.0,27650000.0,45810000.0,163120000.0,28020000.0,10580000.0,2250000.0
Poland,POL,2010,33840000.0,-53380000.0,8460000.0,56240000.0,13110000.0,29230000.0,48330000.0,168960000.0,28850000.0,11080000.0,2230000.0
Poland,POL,2011,33279998.0,-14630000.0,7510000.0,49870000.0,14710000.0,30160000.0,48940000.0,169620000.0,28510000.0,10560000.0,2050000.0
Poland,POL,2012,33369998.0,-14630000.0,6710000.0,51480000.0,14030000.0,29040000.0,47030000.0,164690000.0,29680000.0,10750000.0,2079999.0
Poland,POL,2013,32840000.0,-14630000.0,6470000.0,49600000.0,12920000.0,28820000.0,44260000.0,165130000.0,29230000.0,10470000.0,2030000.0
Poland,POL,2014,32619998.0,-14670000.0,5900000.0,45340000.0,13930000.0,29020000.0,44870000.0,155520000.0,27880000.0,10030000.0,2230000.0
Poland,POL,2015,32820000.0,-14670000.0,5460000.0,45010000.0,12860000.0,27620000.0,47780000.0,158220000.0,28110000.0,9600000.0,2560000.0
Poland,POL,2016,33169998.0,-1410000.0,5030000.0,48060000.0,13150000.0,28400000.0,54460000.0,157940000.0,27670000.0,10200000.0,2640000.0
Poland,POL,2017,34060000.0,-1430000.0,5150000.0,47170000.0,13580000.0,30930000.0,62880000.0,159450000.0,26100000.0,11230000.0,3400000.0
Poland,POL,2018,33060002.0,-1430000.0,5100000.0,46110000.0,14110000.0,31440000.0,64730004.0,157530000.0,25050000.0,11290000.0,3880000.0
Poland,POL,2019,33509998.0,-1500000.0,4890000.0,40450000.0,13810000.0,31210000.0,65739996.0,145430000.0,24220000.0,10810000.0,4110000.0
Poland,POL,2020,33290000.0,-1490000.0,4440000.0,41230000.0,13530000.0,28810000.0,62730000.0,135030000.0,22350000.0,10970000.0,2320000.0
Poland,POL,2021,32759998.0,20030000.0,4320000.0,43240000.0,13480000.0,30160000.0,67960000.0,153990000.0,22790000.0,10450000.0,2790000.0
Poland,POL,2022,33680000.0,20030000.0,4410000.0,37610000.0,13990000.0,27930000.0,67910000.0,147600000.0,20780000.0,10050000.0,3800000.0
Poland,POL,2023,34340000.0,20030000.0,4560000.0,36270000.0,13130000.0,26230000.0,68120000.0,123540000.0,18770000.0,9890000.0,4400000.0
Portugal,PRT,1990,8330000.0,-720000.0,5040000.0,2630000.0,3800000.0,8189999.0,9920000.0,16500000.0,220000.0,1500000.0,3340000.0
Portugal,PRT,1991,8229999.0,-720000.0,5170000.0,2700000.0,3860000.0,8440000.0,10600000.0,17100000.0,210000.0,1520000.0,3430000.0
Portugal,PRT,1992,8000000.0,-720000.0,5320000.0,2930000.0,3730000.0,8270000.0,11540000.0,20310000.0,200000.0,1480000.0,3480000.0
Portugal,PRT,1993,7750000.0,-720000.0,5460000.0,3040000.0,3710000.0,7910000.0,12110000.0,18990000.0,190000.0,1440000.0,3130000.0
Portugal,PRT,1994,7950000.0,-720000.0,5620000.0,3080000.0,3760000.0,8680000.0,12730000.0,18980000.0,170000.0,1460000.0,3070000.0
Portugal,PRT,1995,7880000.0,-720000.0,5770000.0,3260000.0,4070000.0,8319999.0,13230000.0,21910000.0,90000.0,1440000.0,3120000.0
Portugal,PRT,1996,8060000.0,-640000.0,5950000.0,3360000.0,4030000.0,8850000.0,14020000.0,17710000.0,90000.0,2360000.0,3150000.0
Portugal,PRT,1997,7970000.0,-720000.0,6140000.0,3500000.0,4290000.0,9410000.0,14580000.0,18870000.0,90000.0,1970000.0,3190000.0
Portugal,PRT,1998,8000000.0,-670000.0,6340000.0,3570000.0,4380000.0,10580000.0,15880000.0,21220000.0,90000.0,1810000.0,2920000.0
Portugal,PRT,1999,7970000.0,-710000.0,6540000.0,3540000.0,4710000.0,10770000.0,16620001.0,26560000.0,100000.0,1900000.0,3760000.0
Portugal,PRT,2000,7840000.0,-740000.0,6790000.0,3660000.0,4810000.0,11000000.0,18010000.0,24090000.0,110000.0,2130000.0,4080000.0
Portugal,PRT,2001,7270000.0,-400000.0,6970000.0,4920000.0,4680000.0,10310000.0,18250000.0,23900000.0,110000.0,1420000.0,3400000.0
Portugal,PRT,2002,7210000.0,-380000.0,7130000.0,5180000.0,5090000.0,10290000.0,18890000.0,27120000.0,120000.0,1280000.0,3370000.0
Portugal,PRT,2003,7190000.0,-10000.0,7260000.0,4900000.0,4960000.0,8790000.0,19850000.0,23200000.0,120000.0,1220000.0,3820000.0
Portugal,PRT,2004,7130000.0,-400000.0,7270000.0,4860000.0,5530000.0,8170000.0,20310000.0,24240000.0,120000.0,1600000.0,4220000.0
Portugal,PRT,2005,7200000.0,-40000.0,7140000.0,5500000.0,5720000.0,7870000.0,19470000.0,28020000.0,120000.0,1580000.0,4050000.0
Portugal,PRT,2006,7090000.0,-370000.0,7050000.0,4770000.0,5780000.0,7610000.0,19420000.0,24500000.0,120000.0,1200000.0,4360000.0
Portugal,PRT,2007,7220000.0,-410000.0,6880000.0,4570000.0,6200000.0,8060000.0,19590000.0,22210000.0,120000.0,1260000.0,4150000.0
Portugal,PRT,2008,7210000.0,-420000.0,6670000.0,4030000.0,6220000.0,7200000.0,19650000.0,21870000.0,120000.0,1140000.0,4350000.0
Portugal,PRT,2009,7140000.0,-410000.0,6540000.0,4280000.0,5470000.0,6600000.0,19370000.0,22770000.0,120000.0,1120000.0,4020000.0
Portugal,PRT,2010,6970000.0,-340000.0,6380000.0,4040000.0,5790000.0,6730000.0,18960000.0,17500000.0,120000.0,1230000.0,4139999.0
Portugal,PRT,2011,7070000.0,-570000.0,6310000.0,3560000.0,5100000.0,6460000.0,17600000.0,19190000.0,120000.0,1130000.0,4580000.0
Portugal,PRT,2012,7090000.0,-530000.0,6080000.0,3300000.0,4920000.0,5690000.0,16200001.0,20260000.0,120000.0,1050000.0,4750000.0
Portugal,PRT,2013,7030000.0,-519999.0,5880000.0,3180000.0,5330000.0,5480000.0,15960000.0,18820000.0,120000.0,1120000.0,4910000.0
Portugal,PRT,2014,7280000.0,-580000.0,5730000.0,3130000.0,5740000.0,5670000.0,16049999.0,17640000.0,120000.0,1160000.0,4880000.0
Portugal,PRT,2015,7420000.0,-550000.0,5360000.0,3130000.0,5690000.0,5630000.0,16139999.0,21650000.0,129999.0,1210000.0,5240000.0
Portugal,PRT,2016,7430000.0,4620000.0,5180000.0,3060000.0,5180000.0,5440000.0,16709999.0,20860000.0,129999.0,1160000.0,5940000.0
Portugal,PRT,2017,7690000.0,5030000.0,5120000.0,3060000.0,5600000.0,5770000.0,17070000.0,24490000.0,129999.0,1200000.0,6380000.0
Portugal,PRT,2018,7200000.0,4490000.0,5020000.0,3170000.0,5410000.0,5620000.0,17190000.0,20860000.0,129999.0,1210000.0,6730000.0
Portugal,PRT,2019,7340000.0,4480000.0,5010000.0,3130000.0,5540000.0,5540000.0,17580000.0,15680000.0,129999.0,1260000.0,7490000.0
Portugal,PRT,2020,7620000.0,4590000.0,4830000.0,3040000.0,5560000.0,5420000.0,14650000.0,12880000.0,129999.0,1330000.0,3800000.0
Portugal,PRT,2021,7210000.0,-610000.0,4790000.0,2930000.0,5490000.0,5540000.0,15800000.0,10170000.0,129999.0,1370000.0,4139999.0
Portugal,PRT,2022,6870000.0,-550000.0,4850000.0,2760000.0,5730000.0,5440000.0,16780000.0,10270000.0,110000.0,1330000.0,6460000.0
Portugal,PRT,2023,6750000.0,-580000.0,4920000.0,2670000.0,5860000.0,5180000.0,17880000.0,7290000.0,110000.0,1360000.0,6730000.0
Qatar,QAT,1990,129999.0,0.0,70000.0,1010000.0,740000.0,4680000.0,1510000.0,7000000.0,3850000.0,0.0,350000.0
Qatar,QAT,1991,140000.0,0.0,80000.0,990000.0,900000.0,4780000.0,1530000.0,8270000.0,5810000.0,0.0,280000.0
Qatar,QAT,1992,160000.0,0.0,100000.0,1150000.0,880000.0,4960000.0,1630000.0,8540000.0,4090000.0,0.0,320000.0
Qatar,QAT,1993,180000.0,0.0,129999.0,1160000.0,880000.0,5060000.0,1720000.0,9210000.0,6400000.0,0.0,310000.0
Qatar,QAT,1994,220000.0,0.0,160000.0,1210000.0,860000.0,5130000.0,1830000.0,9780000.0,8500000.0,0.0,420000.0
Qatar,QAT,1995,230000.0,0.0,190000.0,1240000.0,840000.0,5210000.0,2020000.0,10320000.0,8480000.0,0.0,430000.0
Qatar,QAT,1996,210000.0,0.0,210000.0,1270000.0,920000.0,5290000.0,2150000.0,10940000.0,10700000.0,0.0,560000.0
Qatar,QAT,1997,210000.0,0.0,240000.0,1740000.0,1300000.0,5390000.0,2410000.0,11040000.0,17470000.0,0.0,630000.0
Qatar,QAT,1998,210000.0,0.0,259999.0,1690000.0,1570000.0,5500000.0,2530000.0,11730000.0,17460000.0,0.0,580000.0
Qatar,QAT,1999,210000.0,0.0,290000.0,1630000.0,1570000.0,5610000.0,2350000.0,13290000.0,18900000.0,0.0,540000.0
Qatar,QAT,2000,220000.0,0.0,320000.0,1630000.0,1680000.0,7050000.0,2480000.0,12200000.0,21460000.0,0.0,580000.0
Qatar,QAT,2001,160000.0,0.0,350000.0,1630000.0,1730000.0,6930000.0,2690000.0,13080000.0,19430000.0,0.0,1039999.0
Qatar,QAT,2002,160000.0,0.0,380000.0,1650000.0,1800000.0,9490000.0,2980000.0,14040000.0,18990000.0,0.0,2260000.0
Qatar,QAT,2003,160000.0,0.0,400000.0,1580000.0,1870000.0,8620000.0,3450000.0,15840000.0,22020000.0,0.0,1920000.0
Qatar,QAT,2004,170000.0,0.0,420000.0,2150000.0,2100000.0,10230000.0,3850000.0,15980000.0,22640000.0,0.0,1090000.0
Qatar,QAT,2005,120000.0,0.0,470000.0,2170000.0,2530000.0,9040000.0,4840000.0,17340000.0,20530000.0,0.0,1460000.0
Qatar,QAT,2006,140000.0,0.0,510000.0,3070000.0,2460000.0,9530000.0,5780000.0,20810000.0,21420000.0,0.0,1880000.0
Qatar,QAT,2007,160000.0,0.0,570000.0,3060000.0,2880000.0,11820000.0,6690000.0,22730000.0,22840000.0,0.0,2380000.0
Qatar,QAT,2008,160000.0,0.0,650000.0,3820000.0,3600000.0,11970000.0,8590000.0,26010000.0,24670000.0,0.0,2750000.0
Qatar,QAT,2009,210000.0,0.0,720000.0,4070000.0,3730000.0,10900000.0,8650000.0,28170000.0,25220000.0,0.0,3280000.0
Qatar,QAT,2010,230000.0,0.0,800000.0,4450000.0,4030000.0,11910000.0,9070000.0,34600000.0,27550000.0,0.0,3630000.0
Qatar,QAT,2011,250000.0,0.0,880000.0,4790000.0,4480000.0,10240000.0,10060000.0,40710000.0,30230000.0,0.0,4620000.0
Qatar,QAT,2012,280000.0,0.0,960000.0,5180000.0,5590000.0,15510000.0,9520000.0,43290000.0,30740000.0,0.0,6180000.0
Qatar,QAT,2013,330000.0,0.0,1039999.0,5420000.0,5920000.0,15390000.0,10420000.0,43930000.0,29980000.0,0.0,6390000.0
Qatar,QAT,2014,280000.0,0.0,1140000.0,5600000.0,6260000.0,17820000.0,12550000.0,45600000.0,29940000.0,0.0,4030000.0
Qatar,QAT,2015,420000.0,0.0,1240000.0,6220000.0,6690000.0,18750000.0,13070000.0,47120000.0,29870000.0,0.0,3880000.0
Qatar,QAT,2016,519999.0,0.0,1350000.0,6470000.0,6760000.0,19490000.0,13480000.0,48200000.0,29580000.0,0.0,5520000.0
Qatar,QAT,2017,570000.0,0.0,1460000.0,6370000.0,6590000.0,20140000.0,13760000.0,49210000.0,29460000.0,0.0,5200000.0
Qatar,QAT,2018,680000.0,0.0,1560000.0,6270000.0,6550000.0,19850000.0,12030000.0,49700000.0,29190000.0,0.0,6700000.0
Qatar,QAT,2019,710000.0,0.0,1660000.0,6400000.0,6240000.0,21380000.0,12620000.0,51100000.0,28520000.0,0.0,7190000.0
Qatar,QAT,2020,730000.0,0.0,1730000.0,6390000.0,6170000.0,19720000.0,11720000.0,50990000.0,29030000.0,0.0,4750000.0
Qatar,QAT,2021,660000.0,0.0,1800000.0,6390000.0,6490000.0,20130000.0,12470000.0,51720000.0,29360000.0,0.0,5680000.0
Qatar,QAT,2022,630000.0,0.0,1860000.0,6410000.0,6730000.0,23550000.0,11860000.0,53400000.0,29580000.0,0.0,6980000.0
Qatar,QAT,2023,640000.0,0.0,1930000.0,6410000.0,6870000.0,23530000.0,11940000.0,53260000.0,30600000.0,0.0,7970000.0
Romania,ROU,1990,32000000.0,-14730000.0,5630000.0,9120000.0,10820000.0,60480000.0,12020000.0,79450000.0,18860000.0,8080000.0,700000.0
Romania,ROU,1991,26800000.0,-14730000.0,5520000.0,9140000.0,7910000.0,45590000.0,10530000.0,68240000.0,16049999.0,6840000.0,500000.0
Romania,ROU,1992,24200000.0,-14730000.0,5430000.0,7190000.0,7500000.0,17240000.0,10730000.0,85350000.0,14420000.0,3560000.0,750000.0
Romania,ROU,1993,21710000.0,-14730000.0,5460000.0,6630000.0,7600000.0,15690000.0,8620000.0,82130000.0,13940000.0,2590000.0,760000.0
Romania,ROU,1994,21020000.0,-14730000.0,5490000.0,5780000.0,7290000.0,26540000.0,9130000.0,69680000.0,13050000.0,1990000.0,500000.0
Romania,ROU,1995,19650000.0,-14730000.0,5730000.0,6520000.0,8400000.0,31240000.0,8420000.0,69720000.0,13300000.0,2530000.0,550000.0
Romania,ROU,1996,19430000.0,-14710000.0,5790000.0,6960000.0,8510000.0,29980000.0,11800000.0,71620000.0,13100000.0,1890000.0,259999.0
Romania,ROU,1997,19190000.0,-14720000.0,5870000.0,8610000.0,7850000.0,25420000.0,12010000.0,63370000.0,11930000.0,2700000.0,370000.0
Romania,ROU,1998,18320000.0,-14720000.0,5820000.0,9010000.0,7200000.0,20280000.0,11360000.0,55030000.0,11220000.0,2320000.0,420000.0
Romania,ROU,1999,17500000.0,-14710000.0,5880000.0,8140000.0,6740000.0,17680000.0,9570000.0,47140000.0,10790000.0,1050000.0,390000.0
Romania,ROU,2000,16970000.0,-14720000.0,6000000.0,8450000.0,7250000.0,18800000.0,9740000.0,49480000.0,10650000.0,1150000.0,380000.0
Romania,ROU,2001,16820000.0,-24590000.0,6100000.0,7980000.0,6520000.0,20300000.0,11860000.0,52280000.0,10650000.0,1030000.0,340000.0
Romania,ROU,2002,16010000.0,-24590000.0,6160000.0,8100000.0,5780000.0,21290000.0,12110000.0,49750000.0,10980000.0,880000.0,290000.0
Romania,ROU,2003,16379999.0,-24590000.0,6300000.0,9790000.0,5640000.0,20700000.0,12740000.0,52560000.0,11040000.0,890000.0,350000.0
Romania,ROU,2004,17230000.0,-24600000.0,6420000.0,10600000.0,6230000.0,20730000.0,13230000.0,48210000.0,10170000.0,1220000.0,410000.0
Romania,ROU,2005,17260000.0,-24590000.0,6430000.0,10980000.0,6500000.0,21050000.0,12360000.0,47170000.0,10180000.0,1340000.0,380000.0
Romania,ROU,2006,17080000.0,-24580000.0,6210000.0,12560000.0,6540000.0,19810000.0,12810000.0,50580000.0,10010000.0,1140000.0,470000.0
Romania,ROU,2007,17000000.0,-24590000.0,6390000.0,10830000.0,7270000.0,19050000.0,13620000.0,49180000.0,9150000.0,1470000.0,480000.0
Romania,ROU,2008,17420000.0,-24590000.0,6320000.0,9700000.0,6180000.0,18570000.0,15230000.0,48130000.0,8700000.0,1490000.0,630000.0
Romania,ROU,2009,17030000.0,-24580000.0,6330000.0,9690000.0,4680000.0,12620000.0,15270000.0,40650000.0,8130000.0,1190000.0,500000.0
Romania,ROU,2010,16610001.0,-24590000.0,6410000.0,9690000.0,4900000.0,12850000.0,14170000.0,38770000.0,7860000.0,1200000.0,550000.0
Romania,ROU,2011,15080000.0,-41430000.0,5890000.0,9560000.0,5280000.0,13410000.0,14420000.0,43720000.0,7920000.0,1580000.0,470000.0
Romania,ROU,2012,14550000.0,-41420000.0,6080000.0,9980000.0,5270000.0,13250000.0,15720000.0,39790000.0,7810000.0,1740000.0,450000.0
Romania,ROU,2013,15250000.0,-41450000.0,6400000.0,9730000.0,4460000.0,12420000.0,15300000.0,32200000.0,7620000.0,1450000.0,630000.0
Romania,ROU,2014,15210000.0,-41450000.0,6380000.0,9360000.0,4680000.0,12560000.0,15650000.0,31340000.0,7650000.0,1380000.0,870000.0
Romania,ROU,2015,15570000.0,-41460000.0,6380000.0,9550000.0,5140000.0,12520000.0,15770000.0,32250000.0,7550000.0,1530000.0,860000.0
Romania,ROU,2016,15710000.0,-42490000.0,6410000.0,9580000.0,5130000.0,11790000.0,16870000.0,30310000.0,7100000.0,1550000.0,970000.0
Romania,ROU,2017,16010000.0,-42480000.0,6460000.0,10020000.0,5340000.0,11950000.0,18030000.0,30810000.0,7350000.0,1870000.0,1100000.0
Romania,ROU,2018,16350000.0,-42480000.0,6410000.0,10350000.0,5590000.0,12650000.0,18520000.0,29840000.0,7350000.0,2120000.0,470000.0
Romania,ROU,2019,16170000.0,-42470000.0,6470000.0,10450000.0,5840000.0,12950000.0,19030000.0,27460000.0,7170000.0,2069999.0,570000.0
Romania,ROU,2020,15420000.0,-42460000.0,6430000.0,10690000.0,5960000.0,13440000.0,18480000.0,21970000.0,6780000.0,2030000.0,280000.0
Romania,ROU,2021,15880000.0,-7340000.0,6430000.0,11870000.0,6080000.0,14380000.0,19680000.0,23190000.0,6830000.0,2640000.0,360000.0
Romania,ROU,2022,14890000.0,-7270000.0,6460000.0,10720000.0,5920000.0,11960000.0,21300000.0,21790000.0,6570000.0,2700000.0,330000.0
Romania,ROU,2023,14830000.0,-7350000.0,6530000.0,10520000.0,5990000.0,10110000.0,22260000.0,18760000.0,6520000.0,2690000.0,360000.0
Russia,RUS,1990,246940000.0,-997020032.0,57770000.0,296549984.0,89350000.0,251920000.0,305420000.0,1232249984.0,328240000.0,95340000.0,32820000.0
Russia,RUS,1991,238750000.0,-997020032.0,57680000.0,283829984.0,87030000.0,216560000.0,299450016.0,1262480000.0,306600000.0,90770000.0,23230000.0
Russia,RUS,1992,220310000.0,-996929984.0,56790000.0,212640000.0,99670000.0,200660000.0,286649984.0,1219459968.0,325880000.0,55040000.0,21600000.0
Russia,RUS,1993,208670000.0,-996940032.0,56840000.0,211180000.0,75410000.0,175160000.0,240500000.0,1102489984.0,337190016.0,84650000.0,18340000.0
Russia,RUS,1994,189000000.0,-996950016.0,56300000.0,188220000.0,63460000.0,143510000.0,211130000.0,1015380032.0,350290016.0,49350000.0,15270000.0
Russia,RUS,1995,169660000.0,-996969984.0,56770000.0,169830000.0,63560000.0,185090000.0,194750000.0,958569984.0,342769984.0,50380000.0,14230000.0
Russia,RUS,1996,156010000.0,-982760000.0,56780000.0,161490000.0,55280000.0,162310000.0,185100000.0,982659968.0,332980000.0,39560000.0,13350000.0
Russia,RUS,1997,139380000.0,-995920000.0,57580000.0,156720000.0,61150000.0,149540000.0,170010000.0,911110016.0,318329984.0,36350000.0,13230000.0
Russia,RUS,1998,128789992.0,-988680000.0,58240000.0,148820000.0,66800004.0,134130008.0,200040000.0,907929984.0,333750016.0,24140000.0,12430000.0
Russia,RUS,1999,117680000.0,-993150016.0,59520000.0,165370000.0,69570000.0,142740000.0,201760000.0,918120000.0,333390016.0,24470000.0,12840000.0
Russia,RUS,2000,117490000.0,-991659968.0,60530000.0,166600000.0,79460000.0,165860000.0,192890000.0,930909952.0,350170016.0,27680000.0,13500000.0
Russia,RUS,2001,118390000.0,-1112969984.0,61890000.0,168560000.0,77110000.0,158140000.0,199450000.0,929900032.0,363540000.0,28410000.0,13890000.0
Russia,RUS,2002,117660000.0,-1110520064.0,63140000.0,150020000.0,66129996.0,159900000.0,202510000.0,934569984.0,374560000.0,27570000.0,14410000.0
Russia,RUS,2003,119920000.0,-1108180096.0,64500000.0,153610000.0,58280000.0,152020000.0,211460000.0,957440000.0,422660000.0,27700000.0,14640000.0
Russia,RUS,2004,107450000.0,-1109319936.0,65970000.0,146840000.0,67500000.0,153480000.0,226320000.0,943820032.0,423249984.0,26120000.0,14380000.0
Russia,RUS,2005,103110000.0,-1112630016.0,67890000.0,142940000.0,70960000.0,155090000.0,225040000.0,948480000.0,463609984.0,17810000.0,15550000.0
Russia,RUS,2006,100230000.0,-1110270080.0,69720000.0,147550000.0,68510000.0,152840000.0,233620000.0,995430016.0,436820000.0,16180000.0,16420000.0
Russia,RUS,2007,100810000.0,-1113420032.0,71960000.0,150240000.0,68820000.0,171200000.0,235140000.0,966280000.0,450510016.0,18640000.0,16570000.0
Russia,RUS,2008,107160000.0,-1106439936.0,73990000.0,158130000.0,64870004.0,172590000.0,250000000.0,962219968.0,412450016.0,19010000.0,17650000.0
Russia,RUS,2009,102580000.0,-1112109952.0,75860000.0,141710000.0,49920000.0,166430000.0,232980000.0,892080000.0,421230016.0,14980000.0,17670000.0
Russia,RUS,2010,100770000.0,-1109750016.0,77960000.0,138770000.0,54130000.0,178630000.0,248900000.0,956659968.0,395700000.0,13800000.0,23700000.0
Russia,RUS,2011,101080000.0,-869349952.0,81000000.0,141020000.0,51140000.0,184210000.0,254690000.0,1015849984.0,405640000.0,16840000.0,29000000.0
Russia,RUS,2012,100600000.0,-865270016.0,83680000.0,124300000.0,67620000.0,226900000.0,242260000.0,1008430016.0,361829984.0,14260000.0,14790000.0
Russia,RUS,2013,99570000.0,-872920000.0,86470000.0,123950000.0,74670000.0,224430000.0,243730000.0,970049984.0,354709984.0,14370000.0,24780000.0
Russia,RUS,2014,103300000.0,-865580032.0,90160000.0,140600000.0,73580000.0,247690000.0,246480000.0,908020032.0,350630016.0,17120000.0,55380000.0
Russia,RUS,2015,99890000.0,-872569984.0,92720000.0,150790000.0,65820000.0,250700000.0,245640000.0,879099968.0,351600000.0,15420000.0,49650000.0
Russia,RUS,2016,101110000.0,-794720000.0,95010000.0,158370000.0,64309996.0,260549984.0,245120000.0,839849984.0,365340000.0,14280000.0,40510000.0
Russia,RUS,2017,100140000.0,-797630016.0,97340000.0,180340000.0,82110000.0,262859984.0,251090000.0,836569984.0,366560000.0,14760000.0,44820000.0
Russia,RUS,2018,100630000.0,-794260032.0,99560000.0,218290000.0,94040000.0,250380000.0,263600000.0,854150016.0,384200000.0,15060000.0,45870000.0
Russia,RUS,2019,102340000.0,-794820032.0,101690000.0,213170000.0,80770000.0,276300000.0,268390016.0,829630016.0,392630016.0,13850000.0,44090000.0
Russia,RUS,2020,104630000.0,-797380032.0,104580000.0,204240000.0,85940000.0,269000000.0,246050000.0,794809984.0,381220000.0,13540000.0,25680000.0
Russia,RUS,2021,104420000.0,-1094069888.0,107470000.0,219510000.0,87350000.0,285869984.0,271709984.0,879310016.0,412160000.0,14890000.0,24190000.0
Russia,RUS,2022,102530000.0,-1093849984.0,108840000.0,213160000.0,88540000.0,281260000.0,277089984.0,878960000.0,399400000.0,16480000.0,25580000.0
Russia,RUS,2023,102680000.0,-1094270080.0,113460000.0,203920000.0,90050000.0,280440000.0,282660000.0,919400000.0,403780000.0,15810000.0,27550000.0
Rwanda,RWA,1990,1390000.0,2260000.0,210000.0,1590000.0,30000.0,110000.0,360000.0,0.0,0.0,20000.0,40000.0
Rwanda,RWA,1991,1440000.0,2260000.0,210000.0,1580000.0,30000.0,90000.0,340000.0,0.0,0.0,0.0,40000.0
Rwanda,RWA,1992,1390000.0,2260000.0,220000.0,1560000.0,30000.0,90000.0,340000.0,0.0,0.0,0.0,40000.0
Rwanda,RWA,1993,1320000.0,2260000.0,230000.0,1550000.0,30000.0,70000.0,360000.0,0.0,0.0,0.0,40000.0
Rwanda,RWA,1994,1240000.0,2260000.0,200000.0,1340000.0,10000.0,60000.0,370000.0,0.0,0.0,0.0,40000.0
Rwanda,RWA,1995,1030000.0,2280000.0,170000.0,2560000.0,10000.0,60000.0,360000.0,0.0,0.0,0.0,40000.0
Rwanda,RWA,1996,1140000.0,2280000.0,200000.0,2750000.0,20000.0,60000.0,360000.0,0.0,0.0,0.0,40000.0
Rwanda,RWA,1997,1220000.0,2290000.0,230000.0,3480000.0,30000.0,60000.0,370000.0,0.0,0.0,0.0,40000.0
Rwanda,RWA,1998,1350000.0,2300000.0,240000.0,3210000.0,30000.0,60000.0,360000.0,0.0,0.0,0.0,50000.0
Rwanda,RWA,1999,1530000.0,2280000.0,240000.0,3340000.0,30000.0,60000.0,380000.0,0.0,0.0,10000.0,50000.0
Rwanda,RWA,2000,1530000.0,2280000.0,250000.0,2300000.0,30000.0,70000.0,310000.0,170000.0,0.0,20000.0,60000.0
Rwanda,RWA,2001,1660000.0,-200000.0,259999.0,2310000.0,50000.0,70000.0,310000.0,170000.0,0.0,20000.0,60000.0
Rwanda,RWA,2002,1750000.0,-200000.0,259999.0,2320000.0,60000.0,70000.0,380000.0,210000.0,0.0,20000.0,60000.0
Rwanda,RWA,2003,2000000.0,-210000.0,240000.0,2310000.0,60000.0,60000.0,320000.0,170000.0,0.0,20000.0,60000.0
Rwanda,RWA,2004,2150000.0,-220000.0,210000.0,2310000.0,70000.0,60000.0,310000.0,170000.0,0.0,20000.0,60000.0
Rwanda,RWA,2005,2280000.0,-210000.0,190000.0,1970000.0,80000.0,70000.0,340000.0,180000.0,0.0,20000.0,60000.0
Rwanda,RWA,2006,2530000.0,-210000.0,200000.0,2020000.0,90000.0,70000.0,330000.0,180000.0,0.0,20000.0,70000.0
Rwanda,RWA,2007,2690000.0,-210000.0,210000.0,2060000.0,100000.0,60000.0,300000.0,170000.0,0.0,20000.0,80000.0
Rwanda,RWA,2008,2880000.0,-210000.0,230000.0,2110000.0,110000.0,60000.0,300000.0,170000.0,0.0,20000.0,70000.0
Rwanda,RWA,2009,2940000.0,-210000.0,240000.0,2180000.0,110000.0,60000.0,310000.0,180000.0,0.0,20000.0,80000.0
Rwanda,RWA,2010,3160000.0,-210000.0,250000.0,2230000.0,120000.0,90000.0,310000.0,180000.0,0.0,20000.0,80000.0
Rwanda,RWA,2011,2970000.0,-1290000.0,250000.0,2270000.0,120000.0,90000.0,390000.0,129999.0,0.0,20000.0,100000.0
Rwanda,RWA,2012,2990000.0,-1300000.0,259999.0,2350000.0,129999.0,110000.0,420000.0,160000.0,0.0,20000.0,110000.0
Rwanda,RWA,2013,3040000.0,-1290000.0,270000.0,2390000.0,129999.0,110000.0,500000.0,170000.0,0.0,20000.0,110000.0
Rwanda,RWA,2014,2990000.0,-1300000.0,270000.0,2390000.0,140000.0,110000.0,540000.0,150000.0,0.0,20000.0,110000.0
Rwanda,RWA,2015,3490000.0,-1300000.0,280000.0,2400000.0,170000.0,140000.0,640000.0,160000.0,0.0,20000.0,140000.0
Rwanda,RWA,2016,3290000.0,-9690000.0,290000.0,2410000.0,230000.0,170000.0,580000.0,210000.0,20000.0,20000.0,140000.0
Rwanda,RWA,2017,3330000.0,-9700000.0,290000.0,2450000.0,270000.0,200000.0,580000.0,270000.0,20000.0,20000.0,160000.0
Rwanda,RWA,2018,3350000.0,-9710000.0,300000.0,2530000.0,290000.0,320000.0,540000.0,320000.0,40000.0,20000.0,160000.0
Rwanda,RWA,2019,3400000.0,-9720000.0,300000.0,2580000.0,320000.0,290000.0,630000.0,280000.0,40000.0,10000.0,170000.0
Rwanda,RWA,2020,3530000.0,-9730000.0,310000.0,2700000.0,350000.0,290000.0,600000.0,220000.0,40000.0,10000.0,90000.0
Rwanda,RWA,2021,3390000.0,-11100000.0,320000.0,2770000.0,420000.0,290000.0,670000.0,330000.0,50000.0,10000.0,110000.0
Rwanda,RWA,2022,3090000.0,-11100000.0,330000.0,2840000.0,519999.0,380000.0,800000.0,480000.0,50000.0,10000.0,160000.0
Rwanda,RWA,2023,3090000.0,-11100000.0,330000.0,2920000.0,530000.0,390000.0,860000.0,470000.0,50000.0,10000.0,190000.0
Saint Kitts and Nevis,KNA,1990,20000.0,0.0,0.0,20000.0,0.0,0.0,30000.0,60000.0,0.0,,10000.0
Saint Kitts and Nevis,KNA,1991,20000.0,0.0,0.0,20000.0,0.0,0.0,30000.0,60000.0,0.0,,10000.0
Saint Kitts and Nevis,KNA,1992,20000.0,0.0,0.0,20000.0,0.0,0.0,40000.0,60000.0,0.0,,10000.0
Saint Kitts and Nevis,KNA,1993,20000.0,0.0,0.0,20000.0,0.0,0.0,40000.0,60000.0,0.0,,10000.0
Saint Kitts and Nevis,KNA,1994,20000.0,0.0,60000.0,20000.0,0.0,0.0,40000.0,70000.0,0.0,,10000.0
Saint Kitts and Nevis,KNA,1995,20000.0,0.0,0.0,20000.0,0.0,0.0,40000.0,70000.0,0.0,,10000.0
Saint Kitts and Nevis,KNA,1996,20000.0,0.0,0.0,20000.0,0.0,0.0,40000.0,80000.0,0.0,,10000.0
Saint Kitts and Nevis,KNA,1997,20000.0,0.0,0.0,20000.0,0.0,0.0,40000.0,90000.0,0.0,,10000.0
Saint Kitts and Nevis,KNA,1998,20000.0,0.0,0.0,20000.0,0.0,0.0,50000.0,90000.0,0.0,,10000.0
Saint Kitts and Nevis,KNA,1999,20000.0,0.0,0.0,20000.0,0.0,0.0,50000.0,100000.0,0.0,,10000.0
Saint Kitts and Nevis,KNA,2000,20000.0,0.0,0.0,10000.0,0.0,0.0,50000.0,110000.0,0.0,,10000.0
Saint Kitts and Nevis,KNA,2001,20000.0,0.0,0.0,20000.0,0.0,0.0,50000.0,120000.0,0.0,,10000.0
Saint Kitts and Nevis,KNA,2002,20000.0,0.0,0.0,10000.0,0.0,0.0,60000.0,129999.0,0.0,,10000.0
Saint Kitts and Nevis,KNA,2003,20000.0,0.0,0.0,10000.0,0.0,0.0,60000.0,129999.0,0.0,,10000.0
Saint Kitts and Nevis,KNA,2004,20000.0,0.0,0.0,30000.0,0.0,0.0,60000.0,129999.0,0.0,,10000.0
Saint Kitts and Nevis,KNA,2005,20000.0,0.0,0.0,20000.0,0.0,0.0,50000.0,140000.0,0.0,,10000.0
Saint Kitts and Nevis,KNA,2006,20000.0,0.0,0.0,10000.0,10000.0,0.0,60000.0,140000.0,0.0,,10000.0
Saint Kitts and Nevis,KNA,2007,20000.0,0.0,0.0,10000.0,10000.0,0.0,60000.0,150000.0,0.0,,10000.0
Saint Kitts and Nevis,KNA,2008,20000.0,0.0,0.0,10000.0,10000.0,0.0,60000.0,140000.0,0.0,,10000.0
Saint Kitts and Nevis,KNA,2009,20000.0,0.0,0.0,10000.0,10000.0,0.0,60000.0,150000.0,0.0,0.0,10000.0
Saint Kitts and Nevis,KNA,2010,20000.0,0.0,10000.0,10000.0,10000.0,0.0,70000.0,150000.0,0.0,0.0,10000.0
Saint Kitts and Nevis,KNA,2011,20000.0,0.0,10000.0,10000.0,10000.0,0.0,70000.0,150000.0,0.0,0.0,20000.0
Saint Kitts and Nevis,KNA,2012,10000.0,0.0,10000.0,10000.0,10000.0,0.0,70000.0,150000.0,0.0,0.0,20000.0
Saint Kitts and Nevis,KNA,2013,10000.0,0.0,10000.0,10000.0,10000.0,0.0,70000.0,150000.0,0.0,0.0,20000.0
Saint Kitts and Nevis,KNA,2014,10000.0,0.0,10000.0,10000.0,10000.0,0.0,70000.0,150000.0,0.0,0.0,20000.0
Saint Kitts and Nevis,KNA,2015,10000.0,0.0,10000.0,10000.0,10000.0,0.0,70000.0,150000.0,0.0,0.0,20000.0
Saint Kitts and Nevis,KNA,2016,10000.0,0.0,10000.0,10000.0,10000.0,0.0,80000.0,160000.0,0.0,0.0,20000.0
Saint Kitts and Nevis,KNA,2017,10000.0,0.0,10000.0,10000.0,10000.0,0.0,80000.0,160000.0,0.0,0.0,20000.0
Saint Kitts and Nevis,KNA,2018,10000.0,0.0,10000.0,10000.0,10000.0,0.0,80000.0,160000.0,0.0,0.0,20000.0
Saint Kitts and Nevis,KNA,2019,10000.0,0.0,10000.0,10000.0,10000.0,0.0,80000.0,170000.0,0.0,0.0,20000.0
Saint Kitts and Nevis,KNA,2020,10000.0,0.0,10000.0,10000.0,10000.0,0.0,70000.0,160000.0,0.0,0.0,20000.0
Saint Kitts and Nevis,KNA,2021,10000.0,0.0,10000.0,10000.0,10000.0,0.0,70000.0,160000.0,0.0,0.0,20000.0
Saint Kitts and Nevis,KNA,2022,10000.0,0.0,10000.0,10000.0,10000.0,0.0,80000.0,160000.0,0.0,0.0,20000.0
Saint Kitts and Nevis,KNA,2023,10000.0,0.0,10000.0,10000.0,20000.0,10000.0,80000.0,160000.0,0.0,0.0,20000.0
Saint Lucia,LCA,1990,50000.0,-300000.0,10000.0,10000.0,0.0,0.0,90000.0,100000.0,0.0,0.0,50000.0
Saint Lucia,LCA,1991,50000.0,-300000.0,10000.0,10000.0,0.0,0.0,90000.0,100000.0,0.0,0.0,50000.0
Saint Lucia,LCA,1992,50000.0,-300000.0,10000.0,10000.0,0.0,0.0,110000.0,110000.0,0.0,0.0,60000.0
Saint Lucia,LCA,1993,50000.0,-300000.0,10000.0,10000.0,0.0,0.0,120000.0,120000.0,0.0,0.0,60000.0
Saint Lucia,LCA,1994,40000.0,-300000.0,790000.0,10000.0,0.0,0.0,140000.0,129999.0,0.0,0.0,60000.0
Saint Lucia,LCA,1995,40000.0,-300000.0,670000.0,10000.0,0.0,0.0,140000.0,140000.0,0.0,0.0,60000.0
Saint Lucia,LCA,1996,40000.0,-300000.0,550000.0,20000.0,0.0,0.0,160000.0,140000.0,0.0,0.0,60000.0
Saint Lucia,LCA,1997,40000.0,-300000.0,440000.0,20000.0,0.0,0.0,150000.0,150000.0,0.0,0.0,70000.0
Saint Lucia,LCA,1998,40000.0,-300000.0,320000.0,20000.0,0.0,0.0,170000.0,160000.0,0.0,0.0,70000.0
Saint Lucia,LCA,1999,40000.0,-300000.0,210000.0,30000.0,0.0,0.0,160000.0,170000.0,0.0,0.0,70000.0
Saint Lucia,LCA,2000,40000.0,-300000.0,90000.0,30000.0,0.0,0.0,150000.0,180000.0,0.0,0.0,80000.0
Saint Lucia,LCA,2001,30000.0,-330000.0,90000.0,30000.0,0.0,0.0,170000.0,190000.0,0.0,0.0,90000.0
Saint Lucia,LCA,2002,30000.0,-330000.0,90000.0,40000.0,10000.0,0.0,160000.0,180000.0,0.0,0.0,40000.0
Saint Lucia,LCA,2003,40000.0,-330000.0,90000.0,40000.0,10000.0,0.0,170000.0,190000.0,0.0,0.0,60000.0
Saint Lucia,LCA,2004,30000.0,-330000.0,100000.0,30000.0,10000.0,0.0,190000.0,190000.0,0.0,0.0,80000.0
Saint Lucia,LCA,2005,40000.0,-330000.0,100000.0,30000.0,10000.0,0.0,170000.0,200000.0,0.0,0.0,100000.0
Saint Lucia,LCA,2006,30000.0,-330000.0,100000.0,30000.0,10000.0,0.0,180000.0,210000.0,0.0,0.0,80000.0
Saint Lucia,LCA,2007,30000.0,-330000.0,100000.0,30000.0,10000.0,0.0,190000.0,220000.0,0.0,0.0,100000.0
Saint Lucia,LCA,2008,30000.0,-330000.0,100000.0,30000.0,10000.0,0.0,190000.0,220000.0,0.0,0.0,110000.0
Saint Lucia,LCA,2009,30000.0,-330000.0,100000.0,30000.0,20000.0,0.0,190000.0,220000.0,0.0,0.0,110000.0
Saint Lucia,LCA,2010,40000.0,-330000.0,100000.0,30000.0,20000.0,10000.0,210000.0,250000.0,0.0,10000.0,110000.0
Saint Lucia,LCA,2011,30000.0,-350000.0,10000.0,20000.0,20000.0,10000.0,210000.0,250000.0,0.0,10000.0,100000.0
Saint Lucia,LCA,2012,40000.0,-350000.0,10000.0,30000.0,20000.0,10000.0,210000.0,250000.0,0.0,10000.0,110000.0
Saint Lucia,LCA,2013,30000.0,-350000.0,10000.0,30000.0,20000.0,10000.0,210000.0,250000.0,0.0,10000.0,100000.0
Saint Lucia,LCA,2014,40000.0,-350000.0,10000.0,30000.0,20000.0,10000.0,210000.0,250000.0,0.0,10000.0,100000.0
Saint Lucia,LCA,2015,40000.0,-350000.0,10000.0,30000.0,20000.0,10000.0,210000.0,250000.0,0.0,10000.0,100000.0
Saint Lucia,LCA,2016,40000.0,-310000.0,10000.0,20000.0,20000.0,10000.0,210000.0,259999.0,0.0,10000.0,100000.0
Saint Lucia,LCA,2017,40000.0,-310000.0,10000.0,30000.0,20000.0,10000.0,220000.0,259999.0,0.0,10000.0,110000.0
Saint Lucia,LCA,2018,40000.0,-310000.0,10000.0,30000.0,20000.0,10000.0,220000.0,259999.0,0.0,10000.0,100000.0
Saint Lucia,LCA,2019,40000.0,-310000.0,10000.0,30000.0,20000.0,10000.0,220000.0,259999.0,0.0,10000.0,110000.0
Saint Lucia,LCA,2020,40000.0,-310000.0,10000.0,30000.0,30000.0,10000.0,220000.0,230000.0,0.0,10000.0,90000.0
Saint Lucia,LCA,2021,30000.0,-270000.0,10000.0,30000.0,30000.0,10000.0,230000.0,240000.0,0.0,10000.0,90000.0
Saint Lucia,LCA,2022,30000.0,-270000.0,10000.0,30000.0,30000.0,10000.0,230000.0,259999.0,0.0,10000.0,100000.0
Saint Lucia,LCA,2023,30000.0,-270000.0,10000.0,30000.0,30000.0,10000.0,240000.0,259999.0,0.0,10000.0,100000.0
Saint Vincent and the Grenadines,VCT,1990,20000.0,10000.0,60000.0,10000.0,0.0,,50000.0,30000.0,0.0,,0.0
Saint Vincent and the Grenadines,VCT,1991,20000.0,10000.0,60000.0,10000.0,0.0,,50000.0,30000.0,0.0,,
Saint Vincent and the Grenadines,VCT,1992,20000.0,10000.0,60000.0,10000.0,0.0,,50000.0,30000.0,0.0,,
Saint Vincent and the Grenadines,VCT,1993,30000.0,10000.0,60000.0,10000.0,0.0,,60000.0,40000.0,0.0,,
Saint Vincent and the Grenadines,VCT,1994,30000.0,10000.0,60000.0,10000.0,0.0,,70000.0,40000.0,0.0,,
Saint Vincent and the Grenadines,VCT,1995,30000.0,10000.0,60000.0,10000.0,0.0,,80000.0,40000.0,0.0,,
Saint Vincent and the Grenadines,VCT,1996,30000.0,10000.0,60000.0,10000.0,0.0,,80000.0,40000.0,0.0,,
Saint Vincent and the Grenadines,VCT,1997,30000.0,10000.0,60000.0,10000.0,0.0,,80000.0,50000.0,0.0,,
Saint Vincent and the Grenadines,VCT,1998,30000.0,10000.0,70000.0,10000.0,0.0,,110000.0,50000.0,0.0,,
Saint Vincent and the Grenadines,VCT,1999,30000.0,10000.0,70000.0,10000.0,0.0,,100000.0,60000.0,0.0,,0.0
Saint Vincent and the Grenadines,VCT,2000,30000.0,10000.0,80000.0,10000.0,0.0,,90000.0,60000.0,0.0,,0.0
Saint Vincent and the Grenadines,VCT,2001,30000.0,0.0,80000.0,10000.0,0.0,,110000.0,70000.0,0.0,,0.0
Saint Vincent and the Grenadines,VCT,2002,20000.0,0.0,80000.0,20000.0,0.0,,120000.0,60000.0,0.0,,0.0
Saint Vincent and the Grenadines,VCT,2003,20000.0,0.0,80000.0,10000.0,0.0,,129999.0,70000.0,0.0,,0.0
Saint Vincent and the Grenadines,VCT,2004,20000.0,0.0,80000.0,10000.0,0.0,,140000.0,70000.0,0.0,,0.0
Saint Vincent and the Grenadines,VCT,2005,20000.0,0.0,10000.0,10000.0,0.0,,129999.0,80000.0,0.0,,0.0
Saint Vincent and the Grenadines,VCT,2006,20000.0,0.0,10000.0,10000.0,10000.0,,140000.0,80000.0,0.0,,0.0
Saint Vincent and the Grenadines,VCT,2007,20000.0,0.0,10000.0,20000.0,10000.0,,150000.0,80000.0,0.0,,0.0
Saint Vincent and the Grenadines,VCT,2008,20000.0,0.0,10000.0,10000.0,10000.0,,140000.0,80000.0,0.0,,0.0
Saint Vincent and the Grenadines,VCT,2009,20000.0,0.0,10000.0,20000.0,10000.0,,190000.0,80000.0,0.0,,0.0
Saint Vincent and the Grenadines,VCT,2010,20000.0,0.0,10000.0,10000.0,10000.0,,140000.0,80000.0,0.0,,0.0
Saint Vincent and the Grenadines,VCT,2011,20000.0,0.0,10000.0,10000.0,10000.0,,140000.0,80000.0,0.0,,0.0
Saint Vincent and the Grenadines,VCT,2012,20000.0,0.0,10000.0,20000.0,10000.0,,140000.0,80000.0,0.0,,0.0
Saint Vincent and the Grenadines,VCT,2013,20000.0,0.0,10000.0,20000.0,10000.0,,120000.0,80000.0,0.0,,0.0
Saint Vincent and the Grenadines,VCT,2014,20000.0,0.0,10000.0,30000.0,10000.0,,150000.0,90000.0,0.0,,0.0
Saint Vincent and the Grenadines,VCT,2015,20000.0,0.0,10000.0,40000.0,10000.0,,120000.0,90000.0,0.0,,0.0
Saint Vincent and the Grenadines,VCT,2016,10000.0,10000.0,10000.0,30000.0,10000.0,,129999.0,100000.0,0.0,,0.0
Saint Vincent and the Grenadines,VCT,2017,10000.0,10000.0,10000.0,30000.0,10000.0,,110000.0,90000.0,0.0,,0.0
Saint Vincent and the Grenadines,VCT,2018,10000.0,10000.0,10000.0,30000.0,10000.0,,140000.0,90000.0,0.0,,0.0
Saint Vincent and the Grenadines,VCT,2019,10000.0,10000.0,10000.0,30000.0,10000.0,,110000.0,90000.0,0.0,,0.0
Saint Vincent and the Grenadines,VCT,2020,10000.0,10000.0,10000.0,30000.0,10000.0,,129999.0,90000.0,0.0,,0.0
Saint Vincent and the Grenadines,VCT,2021,10000.0,0.0,10000.0,10000.0,10000.0,,140000.0,90000.0,0.0,,0.0
Saint Vincent and the Grenadines,VCT,2022,10000.0,0.0,10000.0,20000.0,10000.0,,140000.0,100000.0,0.0,,0.0
Saint Vincent and the Grenadines,VCT,2023,10000.0,0.0,10000.0,20000.0,10000.0,,140000.0,100000.0,0.0,,0.0
Samoa,WSM,1990,160000.0,80000.0,0.0,0.0,0.0,20000.0,50000.0,20000.0,0.0,,20000.0
Samoa,WSM,1991,160000.0,80000.0,0.0,0.0,0.0,20000.0,50000.0,20000.0,0.0,,20000.0
Samoa,WSM,1992,150000.0,80000.0,0.0,0.0,0.0,20000.0,60000.0,20000.0,0.0,,20000.0
Samoa,WSM,1993,150000.0,80000.0,0.0,0.0,0.0,20000.0,70000.0,20000.0,0.0,,20000.0
Samoa,WSM,1994,160000.0,80000.0,0.0,0.0,0.0,20000.0,70000.0,10000.0,0.0,,20000.0
Samoa,WSM,1995,150000.0,80000.0,0.0,0.0,0.0,20000.0,80000.0,20000.0,0.0,,20000.0
Samoa,WSM,1996,150000.0,80000.0,0.0,0.0,0.0,20000.0,80000.0,30000.0,0.0,,20000.0
Samoa,WSM,1997,150000.0,80000.0,0.0,0.0,0.0,20000.0,80000.0,20000.0,0.0,,20000.0
Samoa,WSM,1998,160000.0,80000.0,0.0,0.0,0.0,20000.0,90000.0,40000.0,0.0,,20000.0
Samoa,WSM,1999,160000.0,80000.0,0.0,0.0,0.0,20000.0,90000.0,30000.0,0.0,,20000.0
Samoa,WSM,2000,160000.0,80000.0,0.0,0.0,0.0,20000.0,90000.0,40000.0,0.0,,30000.0
Samoa,WSM,2001,170000.0,80000.0,0.0,10000.0,0.0,20000.0,90000.0,40000.0,0.0,,30000.0
Samoa,WSM,2002,170000.0,80000.0,0.0,10000.0,0.0,20000.0,100000.0,40000.0,0.0,,30000.0
Samoa,WSM,2003,180000.0,80000.0,0.0,10000.0,0.0,20000.0,100000.0,40000.0,0.0,,30000.0
Samoa,WSM,2004,180000.0,80000.0,0.0,10000.0,0.0,20000.0,100000.0,40000.0,0.0,,30000.0
Samoa,WSM,2005,180000.0,80000.0,0.0,10000.0,0.0,20000.0,110000.0,50000.0,0.0,,30000.0
Samoa,WSM,2006,180000.0,80000.0,0.0,10000.0,0.0,20000.0,100000.0,50000.0,0.0,,30000.0
Samoa,WSM,2007,170000.0,80000.0,0.0,10000.0,10000.0,20000.0,110000.0,50000.0,0.0,,40000.0
Samoa,WSM,2008,170000.0,80000.0,0.0,10000.0,10000.0,20000.0,100000.0,50000.0,0.0,,40000.0
Samoa,WSM,2009,170000.0,80000.0,0.0,0.0,10000.0,10000.0,110000.0,50000.0,0.0,,40000.0
Samoa,WSM,2010,190000.0,80000.0,0.0,10000.0,10000.0,20000.0,110000.0,50000.0,0.0,0.0,40000.0
Samoa,WSM,2011,200000.0,90000.0,0.0,10000.0,10000.0,20000.0,110000.0,60000.0,0.0,0.0,30000.0
Samoa,WSM,2012,210000.0,90000.0,0.0,10000.0,10000.0,20000.0,110000.0,50000.0,0.0,0.0,40000.0
Samoa,WSM,2013,210000.0,90000.0,0.0,10000.0,10000.0,20000.0,110000.0,60000.0,0.0,0.0,30000.0
Samoa,WSM,2014,210000.0,90000.0,0.0,10000.0,10000.0,20000.0,110000.0,60000.0,0.0,0.0,40000.0
Samoa,WSM,2015,230000.0,90000.0,0.0,20000.0,10000.0,20000.0,129999.0,60000.0,0.0,0.0,40000.0
Samoa,WSM,2016,200000.0,80000.0,0.0,20000.0,10000.0,20000.0,140000.0,70000.0,0.0,0.0,40000.0
Samoa,WSM,2017,190000.0,80000.0,0.0,10000.0,10000.0,20000.0,140000.0,80000.0,0.0,0.0,40000.0
Samoa,WSM,2018,170000.0,80000.0,0.0,10000.0,10000.0,20000.0,150000.0,80000.0,0.0,0.0,40000.0
Samoa,WSM,2019,140000.0,80000.0,0.0,10000.0,20000.0,20000.0,160000.0,60000.0,0.0,0.0,40000.0
Samoa,WSM,2020,120000.0,80000.0,0.0,10000.0,20000.0,30000.0,150000.0,50000.0,0.0,0.0,10000.0
Samoa,WSM,2021,160000.0,70000.0,0.0,10000.0,20000.0,30000.0,160000.0,70000.0,0.0,0.0,10000.0
Samoa,WSM,2022,150000.0,70000.0,0.0,20000.0,20000.0,30000.0,129999.0,60000.0,0.0,0.0,10000.0
Samoa,WSM,2023,150000.0,70000.0,0.0,30000.0,20000.0,30000.0,140000.0,70000.0,0.0,0.0,10000.0
Sao Tome and Principe,STP,1990,10000.0,20000.0,0.0,0.0,0.0,10000.0,30000.0,10000.0,0.0,,0.0
Sao Tome and Principe,STP,1991,10000.0,20000.0,0.0,0.0,0.0,10000.0,30000.0,10000.0,0.0,,0.0
Sao Tome and Principe,STP,1992,10000.0,20000.0,0.0,0.0,0.0,10000.0,30000.0,10000.0,0.0,,0.0
Sao Tome and Principe,STP,1993,10000.0,20000.0,10000.0,0.0,0.0,10000.0,30000.0,10000.0,0.0,,0.0
Sao Tome and Principe,STP,1994,10000.0,20000.0,10000.0,0.0,0.0,10000.0,30000.0,10000.0,0.0,,0.0
Sao Tome and Principe,STP,1995,10000.0,20000.0,10000.0,0.0,0.0,10000.0,30000.0,10000.0,0.0,,0.0
Sao Tome and Principe,STP,1996,10000.0,20000.0,10000.0,0.0,0.0,10000.0,30000.0,10000.0,0.0,,10000.0
Sao Tome and Principe,STP,1997,10000.0,20000.0,10000.0,0.0,0.0,0.0,30000.0,10000.0,0.0,,10000.0
Sao Tome and Principe,STP,1998,10000.0,20000.0,10000.0,0.0,0.0,10000.0,30000.0,10000.0,0.0,,10000.0
Sao Tome and Principe,STP,1999,10000.0,20000.0,10000.0,0.0,0.0,10000.0,30000.0,20000.0,0.0,,10000.0
Sao Tome and Principe,STP,2000,10000.0,20000.0,10000.0,0.0,0.0,10000.0,30000.0,20000.0,0.0,,10000.0
Sao Tome and Principe,STP,2001,10000.0,20000.0,10000.0,0.0,0.0,10000.0,20000.0,20000.0,0.0,,10000.0
Sao Tome and Principe,STP,2002,10000.0,20000.0,10000.0,10000.0,0.0,10000.0,30000.0,20000.0,0.0,,10000.0
Sao Tome and Principe,STP,2003,10000.0,20000.0,10000.0,10000.0,0.0,10000.0,30000.0,20000.0,0.0,,10000.0
Sao Tome and Principe,STP,2004,10000.0,20000.0,10000.0,10000.0,0.0,10000.0,30000.0,20000.0,0.0,,20000.0
Sao Tome and Principe,STP,2005,10000.0,20000.0,10000.0,10000.0,0.0,10000.0,30000.0,30000.0,0.0,,20000.0
Sao Tome and Principe,STP,2006,10000.0,20000.0,10000.0,10000.0,0.0,10000.0,40000.0,30000.0,0.0,,20000.0
Sao Tome and Principe,STP,2007,10000.0,20000.0,10000.0,10000.0,0.0,10000.0,40000.0,30000.0,0.0,,20000.0
Sao Tome and Principe,STP,2008,10000.0,20000.0,10000.0,10000.0,0.0,10000.0,40000.0,30000.0,0.0,,30000.0
Sao Tome and Principe,STP,2009,10000.0,20000.0,10000.0,10000.0,10000.0,10000.0,40000.0,30000.0,0.0,,30000.0
Sao Tome and Principe,STP,2010,10000.0,20000.0,10000.0,10000.0,10000.0,10000.0,50000.0,40000.0,0.0,0.0,30000.0
Sao Tome and Principe,STP,2011,10000.0,210000.0,10000.0,10000.0,10000.0,10000.0,40000.0,40000.0,0.0,0.0,20000.0
Sao Tome and Principe,STP,2012,10000.0,210000.0,10000.0,10000.0,10000.0,10000.0,40000.0,50000.0,0.0,0.0,10000.0
Sao Tome and Principe,STP,2013,10000.0,210000.0,10000.0,10000.0,10000.0,0.0,40000.0,50000.0,0.0,0.0,10000.0
Sao Tome and Principe,STP,2014,20000.0,210000.0,10000.0,10000.0,10000.0,10000.0,50000.0,60000.0,0.0,0.0,10000.0
Sao Tome and Principe,STP,2015,20000.0,210000.0,10000.0,10000.0,10000.0,0.0,50000.0,60000.0,0.0,0.0,10000.0
Sao Tome and Principe,STP,2016,20000.0,-10000.0,10000.0,10000.0,10000.0,10000.0,50000.0,70000.0,0.0,0.0,20000.0
Sao Tome and Principe,STP,2017,20000.0,-10000.0,10000.0,10000.0,10000.0,10000.0,50000.0,80000.0,0.0,10000.0,10000.0
Sao Tome and Principe,STP,2018,20000.0,-10000.0,10000.0,10000.0,10000.0,0.0,50000.0,80000.0,0.0,0.0,10000.0
Sao Tome and Principe,STP,2019,20000.0,-10000.0,10000.0,20000.0,10000.0,0.0,40000.0,80000.0,0.0,0.0,10000.0
Sao Tome and Principe,STP,2020,20000.0,-10000.0,10000.0,20000.0,10000.0,0.0,40000.0,80000.0,0.0,10000.0,10000.0
Sao Tome and Principe,STP,2021,20000.0,-10000.0,20000.0,20000.0,10000.0,0.0,40000.0,80000.0,0.0,10000.0,10000.0
Sao Tome and Principe,STP,2022,20000.0,-10000.0,20000.0,20000.0,10000.0,0.0,40000.0,80000.0,0.0,10000.0,10000.0
Sao Tome and Principe,STP,2023,20000.0,-10000.0,20000.0,20000.0,10000.0,0.0,40000.0,80000.0,0.0,10000.0,10000.0
Saudi Arabia,SAU,1990,5270000.0,0.0,17450000.0,8970000.0,7530000.0,21830000.0,50520000.0,71070000.0,47050000.0,0.0,10730000.0
Saudi Arabia,SAU,1991,5510000.0,0.0,18200000.0,9450000.0,7350000.0,21830000.0,52630000.0,74730000.0,69070000.0,0.0,13440000.0
Saudi Arabia,SAU,1992,5720000.0,0.0,18960000.0,9080000.0,9440000.0,25960000.0,55780000.0,81270000.0,69470000.0,0.0,14030000.0
Saudi Arabia,SAU,1993,5610000.0,0.0,19710000.0,9310000.0,9650000.0,25100000.0,58780000.0,89160000.0,56730000.0,0.0,13780000.0
Saudi Arabia,SAU,1994,5450000.0,0.0,20470000.0,9430000.0,9890000.0,31370000.0,62660000.0,91170000.0,44040000.0,0.0,12360000.0
Saudi Arabia,SAU,1995,5130000.0,0.0,21220000.0,9360000.0,10190000.0,33700000.0,55440000.0,94670000.0,43380000.0,0.0,11860000.0
Saudi Arabia,SAU,1996,5270000.0,0.0,21980000.0,9470000.0,10610000.0,39720000.0,58240000.0,97700000.0,44180000.0,0.0,11050000.0
Saudi Arabia,SAU,1997,5460000.0,0.0,22730000.0,10190000.0,10120000.0,34900000.0,59120000.0,103130000.0,45890000.0,0.0,11660000.0
Saudi Arabia,SAU,1998,5480000.0,0.0,23490000.0,10160000.0,10520000.0,42170000.0,59330000.0,110220000.0,45090000.0,0.0,11760000.0
Saudi Arabia,SAU,1999,5310000.0,0.0,24240000.0,10000000.0,10830000.0,45680000.0,59560000.0,112600000.0,42040000.0,0.0,12170000.0
Saudi Arabia,SAU,2000,5560000.0,0.0,25000000.0,10170000.0,12100000.0,46220000.0,62430000.0,117550000.0,45550000.0,0.0,12690000.0
Saudi Arabia,SAU,2001,5700000.0,0.0,25650000.0,10190000.0,16950000.0,45610000.0,64250000.0,120050000.0,44010000.0,0.0,12440000.0
Saudi Arabia,SAU,2002,5770000.0,0.0,26290000.0,11400000.0,21760000.0,52300000.0,68030000.0,125490000.0,42500000.0,0.0,12690000.0
Saudi Arabia,SAU,2003,5880000.0,0.0,26940000.0,11530000.0,25730000.0,54560000.0,70350000.0,131890000.0,49170000.0,0.0,12650000.0
Saudi Arabia,SAU,2004,6210000.0,0.0,27590000.0,11630000.0,29420000.0,58100000.0,73930000.0,140520000.0,49040000.0,0.0,12980000.0
Saudi Arabia,SAU,2005,6070000.0,0.0,28240000.0,11960000.0,32840000.0,60250000.0,77610000.0,150610000.0,52570000.0,0.0,12770000.0
Saudi Arabia,SAU,2006,5950000.0,0.0,28890000.0,11920000.0,38210000.0,65839996.0,83850000.0,157710000.0,52960000.0,0.0,13950000.0
Saudi Arabia,SAU,2007,6130000.0,0.0,29540000.0,13380000.0,44850000.0,72010000.0,93470000.0,158000000.0,51610000.0,0.0,14530000.0
Saudi Arabia,SAU,2008,5340000.0,0.0,30180000.0,13120000.0,53400000.0,81520000.0,100920000.0,172330000.0,53540000.0,0.0,15140000.0
Saudi Arabia,SAU,2009,4810000.0,0.0,30830000.0,14010000.0,59540000.0,83010000.0,104040000.0,182670000.0,48490000.0,0.0,14160000.0
Saudi Arabia,SAU,2010,5270000.0,0.0,31480000.0,16059999.0,64879996.0,101080000.0,107980000.0,197780000.0,50000000.0,0.0,14540000.0
Saudi Arabia,SAU,2011,5920000.0,0.0,32290000.0,18040000.0,73180000.0,97500000.0,119370000.0,202740000.0,55220000.0,0.0,16500000.0
Saudi Arabia,SAU,2012,6130000.0,0.0,33110000.0,18000000.0,83420000.0,86590000.0,129880008.0,232440000.0,52600000.0,0.0,17310000.0
Saudi Arabia,SAU,2013,6260000.0,0.0,34400000.0,17060000.0,93280000.0,87670000.0,132060000.0,238000000.0,52060000.0,0.0,16760000.0
Saudi Arabia,SAU,2014,6000000.0,0.0,36020000.0,16930000.0,102210000.0,103460000.0,140040000.0,250350000.0,51640000.0,0.0,17500000.0
Saudi Arabia,SAU,2015,6230000.0,0.0,37070000.0,17900000.0,109240000.0,105790000.0,150500000.0,261299984.0,51670000.0,0.0,18460000.0
Saudi Arabia,SAU,2016,6310000.0,0.0,38170000.0,19910000.0,109990000.0,90380000.0,150000000.0,271570016.0,54040000.0,0.0,19590000.0
Saudi Arabia,SAU,2017,6240000.0,0.0,39480000.0,21980000.0,106560000.0,80560000.0,146430000.0,276369984.0,52790000.0,0.0,20600000.0
Saudi Arabia,SAU,2018,6360000.0,0.0,40680000.0,22610000.0,109130000.0,77730000.0,139430000.0,262100000.0,53880000.0,0.0,22040000.0
Saudi Arabia,SAU,2019,6540000.0,0.0,40790000.0,21060000.0,110040000.0,77910000.0,139760000.0,262970000.0,51450000.0,0.0,21350000.0
Saudi Arabia,SAU,2020,10940000.0,0.0,40610000.0,19300000.0,112470000.0,78360000.0,125240000.0,269380000.0,49240000.0,0.0,13500000.0
Saudi Arabia,SAU,2021,10820000.0,-180000.0,40290000.0,19320000.0,121860000.0,77180000.0,131310000.0,278529984.0,48750000.0,0.0,12740000.0
Saudi Arabia,SAU,2022,12860000.0,-180000.0,40040000.0,19380000.0,129470000.0,84010000.0,140820000.0,292740000.0,53010000.0,0.0,19560000.0
Saudi Arabia,SAU,2023,12120000.0,-180000.0,40970000.0,22570000.0,135660000.0,77340000.0,146390000.0,292309984.0,52140000.0,0.0,22310000.0
Senegal,SEN,1990,8210000.0,2310000.0,780000.0,580000.0,230000.0,240000.0,740000.0,870000.0,10000.0,170000.0,580000.0
Senegal,SEN,1991,8420000.0,2310000.0,780000.0,600000.0,259999.0,240000.0,760000.0,840000.0,0.0,150000.0,450000.0
Senegal,SEN,1992,8570000.0,2310000.0,1250000.0,620000.0,300000.0,270000.0,800000.0,950000.0,0.0,160000.0,470000.0
Senegal,SEN,1993,8810000.0,2310000.0,1590000.0,630000.0,290000.0,270000.0,770000.0,970000.0,10000.0,110000.0,350000.0
Senegal,SEN,1994,8960000.0,2310000.0,1850000.0,650000.0,330000.0,300000.0,760000.0,1020000.0,10000.0,90000.0,480000.0
Senegal,SEN,1995,9010000.0,2310000.0,2050000.0,680000.0,340000.0,350000.0,800000.0,1030000.0,10000.0,120000.0,560000.0
Senegal,SEN,1996,9800000.0,2860000.0,2210000.0,730000.0,380000.0,340000.0,860000.0,1060000.0,10000.0,110000.0,710000.0
Senegal,SEN,1997,9620000.0,3160000.0,2350000.0,770000.0,400000.0,390000.0,940000.0,1170000.0,10000.0,129999.0,720000.0
Senegal,SEN,1998,9370000.0,4179999.0,2470000.0,830000.0,470000.0,480000.0,1039999.0,1230000.0,10000.0,170000.0,800000.0
Senegal,SEN,1999,10130000.0,5210000.0,2570000.0,890000.0,450000.0,590000.0,1120000.0,1310000.0,10000.0,200000.0,810000.0
Senegal,SEN,2000,10990000.0,4040000.0,2670000.0,890000.0,580000.0,500000.0,1200000.0,1500000.0,10000.0,0.0,1070000.0
Senegal,SEN,2001,9940000.0,1860000.0,2380000.0,910000.0,720000.0,660000.0,1190000.0,1650000.0,10000.0,0.0,910000.0
Senegal,SEN,2002,9450000.0,1800000.0,2079999.0,940000.0,820000.0,720000.0,1300000.0,1540000.0,10000.0,0.0,750000.0
Senegal,SEN,2003,8760000.0,1800000.0,1790000.0,970000.0,880000.0,590000.0,1430000.0,1400000.0,10000.0,0.0,940000.0
Senegal,SEN,2004,9820000.0,1800000.0,1490000.0,980000.0,1200000.0,920000.0,1540000.0,1580000.0,10000.0,0.0,1010000.0
Senegal,SEN,2005,10170000.0,1810000.0,1190000.0,990000.0,1350000.0,790000.0,1490000.0,1940000.0,10000.0,0.0,1120000.0
Senegal,SEN,2006,10580000.0,1900000.0,1230000.0,1000000.0,1500000.0,600000.0,1580000.0,1870000.0,10000.0,0.0,1060000.0
Senegal,SEN,2007,9930000.0,1880000.0,1270000.0,970000.0,1660000.0,850000.0,2060000.0,1740000.0,10000.0,0.0,1270000.0
Senegal,SEN,2008,10450000.0,1950000.0,1320000.0,990000.0,1680000.0,880000.0,2220000.0,1820000.0,10000.0,0.0,1240000.0
Senegal,SEN,2009,10460000.0,1890000.0,1350000.0,1430000.0,1840000.0,940000.0,1990000.0,2120000.0,10000.0,0.0,830000.0
Senegal,SEN,2010,11010000.0,1880000.0,1390000.0,1360000.0,2200000.0,920000.0,2100000.0,2120000.0,10000.0,30000.0,910000.0
Senegal,SEN,2011,11260000.0,1840000.0,1430000.0,1370000.0,2440000.0,1240000.0,2240000.0,2010000.0,20000.0,30000.0,920000.0
Senegal,SEN,2012,10650000.0,1920000.0,1470000.0,1370000.0,2460000.0,1110000.0,2140000.0,2130000.0,20000.0,30000.0,860000.0
Senegal,SEN,2013,11200000.0,1960000.0,1520000.0,1150000.0,2690000.0,1110000.0,2370000.0,2230000.0,20000.0,30000.0,1010000.0
Senegal,SEN,2014,11050000.0,1890000.0,1560000.0,1350000.0,2600000.0,1450000.0,2490000.0,2430000.0,20000.0,30000.0,910000.0
Senegal,SEN,2015,10910000.0,1830000.0,1620000.0,1360000.0,2520000.0,1650000.0,2770000.0,2760000.0,20000.0,30000.0,1260000.0
Senegal,SEN,2016,12170000.0,1860000.0,1670000.0,1400000.0,2830000.0,1750000.0,3020000.0,3020000.0,10000.0,30000.0,1120000.0
Senegal,SEN,2017,12470000.0,1820000.0,1720000.0,1190000.0,2950000.0,980000.0,2670000.0,4080000.0,10000.0,0.0,600000.0
Senegal,SEN,2018,12160000.0,1830000.0,1780000.0,1390000.0,3130000.0,1150000.0,2950000.0,3940000.0,10000.0,0.0,1300000.0
Senegal,SEN,2019,12620000.0,1840000.0,1830000.0,1390000.0,3760000.0,950000.0,3150000.0,3760000.0,20000.0,0.0,1240000.0
Senegal,SEN,2020,13480000.0,1900000.0,1890000.0,1500000.0,3960000.0,1320000.0,2920000.0,3260000.0,10000.0,0.0,1039999.0
Senegal,SEN,2021,13190000.0,1870000.0,1940000.0,1560000.0,4220000.0,1490000.0,4290000.0,3870000.0,10000.0,0.0,1080000.0
Senegal,SEN,2022,13270000.0,1830000.0,2000000.0,1580000.0,4480000.0,1660000.0,4960000.0,4200000.0,10000.0,0.0,990000.0
Senegal,SEN,2023,13480000.0,1820000.0,2050000.0,1610000.0,4560000.0,610000.0,5440000.0,3930000.0,10000.0,0.0,1240000.0
Serbia,SRB,1990,12330000.0,-9260000.0,4000000.0,2720000.0,430000.0,9830000.0,4570000.0,40420000.0,4030000.0,5230000.0,430000.0
Serbia,SRB,1991,11680000.0,-9260000.0,4120000.0,1860000.0,410000.0,7250000.0,3270000.0,35880000.0,3990000.0,4640000.0,310000.0
Serbia,SRB,1992,9600000.0,-9270000.0,4230000.0,3300000.0,1400000.0,7320000.0,2310000.0,34220000.0,3950000.0,1460000.0,190000.0
Serbia,SRB,1993,9470000.0,-9270000.0,4360000.0,3280000.0,910000.0,4480000.0,2760000.0,31490000.0,3910000.0,1330000.0,50000.0
Serbia,SRB,1994,9270000.0,-9270000.0,4490000.0,2910000.0,1230000.0,3950000.0,2680000.0,28800000.0,3870000.0,1140000.0,40000.0
Serbia,SRB,1995,10070000.0,-9270000.0,4610000.0,1900000.0,1270000.0,3180000.0,2800000.0,36420000.0,3830000.0,740000.0,110000.0
Serbia,SRB,1996,10110000.0,-9250000.0,4740000.0,2960000.0,1520000.0,7700000.0,4690000.0,35450000.0,3790000.0,1450000.0,180000.0
Serbia,SRB,1997,10260000.0,-9250000.0,4860000.0,2870000.0,1530000.0,7740000.0,6470000.0,38420000.0,3750000.0,1460000.0,200000.0
Serbia,SRB,1998,9900000.0,-9240000.0,4980000.0,3220000.0,1640000.0,9280000.0,5010000.0,38070000.0,3710000.0,1310000.0,200000.0
Serbia,SRB,1999,9210000.0,-9250000.0,5300000.0,2830000.0,1230000.0,5310000.0,2650000.0,28480000.0,2380000.0,1330000.0,100000.0
Serbia,SRB,2000,8060000.0,-9220000.0,5590000.0,2800000.0,1520000.0,5280000.0,2380000.0,32080002.0,1920000.0,1000000.0,90000.0
Serbia,SRB,2001,8130000.0,-24760000.0,5850000.0,2690000.0,1750000.0,6130000.0,3770000.0,31620000.0,3450000.0,1400000.0,150000.0
Serbia,SRB,2002,7890000.0,-24760000.0,6110000.0,2940000.0,1870000.0,6560000.0,4580000.0,33140000.0,3380000.0,2010000.0,180000.0
Serbia,SRB,2003,7550000.0,-24760000.0,6360000.0,3110000.0,1750000.0,7880000.0,5020000.0,34690000.0,3360000.0,2130000.0,190000.0
Serbia,SRB,2004,8390000.0,-24760000.0,6580000.0,3250000.0,1970000.0,9680000.0,6430000.0,35770000.0,3320000.0,1960000.0,140000.0
Serbia,SRB,2005,7590000.0,-24760000.0,6800000.0,3290000.0,2040000.0,6890000.0,6720000.0,33020000.0,3370000.0,259999.0,150000.0
Serbia,SRB,2006,7540000.0,-24760000.0,7010000.0,2150000.0,2220000.0,7720000.0,7260000.0,34870000.0,3450000.0,290000.0,160000.0
Serbia,SRB,2007,7890000.0,-24730000.0,7220000.0,3940000.0,2420000.0,8359999.0,5660000.0,31280000.0,3250000.0,1540000.0,150000.0
Serbia,SRB,2008,7330000.0,-24760000.0,7380000.0,3630000.0,2570000.0,7610000.0,7080000.0,30830000.0,3320000.0,190000.0,150000.0
Serbia,SRB,2009,7690000.0,-24760000.0,7540000.0,3010000.0,2390000.0,4200000.0,6670000.0,32300000.0,3110000.0,290000.0,129999.0
Serbia,SRB,2010,6870000.0,-24760000.0,7700000.0,3350000.0,2480000.0,4900000.0,6720000.0,31510000.0,3820000.0,230000.0,129999.0
Serbia,SRB,2011,6880000.0,-25340000.0,7850000.0,4210000.0,2470000.0,5660000.0,6060000.0,34650000.0,4200000.0,250000.0,150000.0
Serbia,SRB,2012,7300000.0,-25330000.0,7980000.0,3250000.0,2360000.0,4970000.0,5340000.0,31520000.0,4440000.0,460000.0,129999.0
Serbia,SRB,2013,7230000.0,-25350000.0,8100000.0,2650000.0,2260000.0,4179999.0,5890000.0,33090000.0,4230000.0,460000.0,160000.0
Serbia,SRB,2014,6700000.0,-25350000.0,8310000.0,2260000.0,2230000.0,3670000.0,6150000.0,26450000.0,3710000.0,370000.0,259999.0
Serbia,SRB,2015,6440000.0,-25350000.0,8430000.0,2410000.0,2220000.0,3460000.0,5990000.0,33090000.0,4260000.0,360000.0,270000.0
Serbia,SRB,2016,6600000.0,-23490000.0,8550000.0,2790000.0,2440000.0,3840000.0,6130000.0,33259998.0,4320000.0,480000.0,420000.0
Serbia,SRB,2017,6320000.0,-23490000.0,8660000.0,2780000.0,2630000.0,3650000.0,6400000.0,33850000.0,4420000.0,460000.0,450000.0
Serbia,SRB,2018,5830000.0,-23490000.0,8770000.0,2640000.0,2870000.0,4060000.0,6500000.0,32320000.0,4290000.0,390000.0,480000.0
Serbia,SRB,2019,5960000.0,-23480000.0,8870000.0,2680000.0,3050000.0,3470000.0,7020000.0,32360000.0,4170000.0,330000.0,480000.0
Serbia,SRB,2020,6640000.0,-23480000.0,8960000.0,3160000.0,3300000.0,2770000.0,6690000.0,33240002.0,4120000.0,320000.0,290000.0
Serbia,SRB,2021,5690000.0,-25260000.0,9030000.0,2930000.0,3450000.0,2740000.0,7650000.0,31420000.0,4300000.0,270000.0,380000.0
Serbia,SRB,2022,6250000.0,-25250000.0,9100000.0,3060000.0,3500000.0,3060000.0,8170000.0,31240000.0,4100000.0,300000.0,480000.0
Serbia,SRB,2023,5770000.0,-25260000.0,9240000.0,2840000.0,3540000.0,3140000.0,8010000.0,30450000.0,4139999.0,290000.0,610000.0
Seychelles,SYC,1990,10000.0,60000.0,20000.0,10000.0,0.0,,50000.0,90000.0,0.0,0.0,340000.0
Seychelles,SYC,1991,10000.0,60000.0,20000.0,10000.0,0.0,,50000.0,90000.0,0.0,20000.0,330000.0
Seychelles,SYC,1992,10000.0,60000.0,30000.0,10000.0,0.0,,70000.0,100000.0,0.0,0.0,340000.0
Seychelles,SYC,1993,10000.0,60000.0,40000.0,10000.0,0.0,,60000.0,100000.0,0.0,10000.0,340000.0
Seychelles,SYC,1994,10000.0,60000.0,50000.0,10000.0,0.0,,70000.0,110000.0,0.0,20000.0,340000.0
Seychelles,SYC,1995,10000.0,60000.0,60000.0,10000.0,0.0,,60000.0,110000.0,0.0,10000.0,340000.0
Seychelles,SYC,1996,10000.0,60000.0,70000.0,20000.0,0.0,,60000.0,110000.0,0.0,40000.0,350000.0
Seychelles,SYC,1997,10000.0,60000.0,70000.0,20000.0,0.0,,80000.0,140000.0,0.0,50000.0,410000.0
Seychelles,SYC,1998,10000.0,60000.0,70000.0,20000.0,0.0,,90000.0,140000.0,0.0,50000.0,440000.0
Seychelles,SYC,1999,10000.0,60000.0,80000.0,20000.0,0.0,,110000.0,150000.0,0.0,30000.0,560000.0
Seychelles,SYC,2000,10000.0,60000.0,80000.0,20000.0,0.0,,70000.0,160000.0,0.0,40000.0,610000.0
Seychelles,SYC,2001,10000.0,60000.0,80000.0,20000.0,10000.0,,90000.0,160000.0,0.0,60000.0,640000.0
Seychelles,SYC,2002,10000.0,60000.0,90000.0,20000.0,10000.0,,90000.0,180000.0,0.0,60000.0,510000.0
Seychelles,SYC,2003,10000.0,60000.0,90000.0,20000.0,10000.0,,80000.0,180000.0,0.0,70000.0,519999.0
Seychelles,SYC,2004,10000.0,60000.0,100000.0,20000.0,20000.0,,160000.0,180000.0,0.0,20000.0,820000.0
Seychelles,SYC,2005,10000.0,60000.0,100000.0,20000.0,20000.0,,100000.0,230000.0,0.0,30000.0,710000.0
Seychelles,SYC,2006,10000.0,60000.0,110000.0,20000.0,30000.0,,80000.0,250000.0,0.0,40000.0,780000.0
Seychelles,SYC,2007,10000.0,60000.0,110000.0,20000.0,30000.0,,110000.0,280000.0,0.0,0.0,550000.0
Seychelles,SYC,2008,10000.0,60000.0,120000.0,20000.0,40000.0,,129999.0,270000.0,0.0,0.0,620000.0
Seychelles,SYC,2009,0.0,60000.0,120000.0,20000.0,40000.0,10000.0,110000.0,280000.0,0.0,30000.0,600000.0
Seychelles,SYC,2010,0.0,60000.0,120000.0,20000.0,50000.0,10000.0,100000.0,240000.0,0.0,80000.0,580000.0
Seychelles,SYC,2011,0.0,50000.0,129999.0,20000.0,50000.0,10000.0,90000.0,250000.0,0.0,40000.0,560000.0
Seychelles,SYC,2012,0.0,50000.0,129999.0,20000.0,50000.0,10000.0,90000.0,259999.0,0.0,50000.0,590000.0
Seychelles,SYC,2013,0.0,50000.0,129999.0,20000.0,50000.0,10000.0,90000.0,259999.0,0.0,20000.0,580000.0
Seychelles,SYC,2014,0.0,50000.0,140000.0,10000.0,60000.0,10000.0,110000.0,280000.0,0.0,50000.0,570000.0
Seychelles,SYC,2015,0.0,50000.0,140000.0,20000.0,60000.0,0.0,110000.0,310000.0,0.0,60000.0,600000.0
Seychelles,SYC,2016,0.0,-30000.0,150000.0,20000.0,70000.0,0.0,129999.0,330000.0,10000.0,80000.0,610000.0
Seychelles,SYC,2017,0.0,-30000.0,150000.0,20000.0,70000.0,0.0,160000.0,340000.0,0.0,50000.0,680000.0
Seychelles,SYC,2018,0.0,-30000.0,150000.0,20000.0,80000.0,0.0,190000.0,350000.0,0.0,40000.0,530000.0
Seychelles,SYC,2019,0.0,-30000.0,160000.0,20000.0,90000.0,0.0,170000.0,360000.0,0.0,40000.0,490000.0
Seychelles,SYC,2020,10000.0,-30000.0,160000.0,20000.0,100000.0,0.0,180000.0,360000.0,0.0,40000.0,370000.0
Seychelles,SYC,2021,10000.0,150000.0,160000.0,20000.0,100000.0,0.0,190000.0,350000.0,0.0,50000.0,340000.0
Seychelles,SYC,2022,10000.0,150000.0,170000.0,20000.0,110000.0,0.0,200000.0,360000.0,0.0,50000.0,390000.0
Seychelles,SYC,2023,10000.0,150000.0,170000.0,20000.0,120000.0,0.0,200000.0,370000.0,0.0,50000.0,390000.0
Sierra Leone,SLE,1990,2100000.0,3410000.0,500000.0,30000.0,0.0,70000.0,110000.0,90000.0,0.0,,80000.0
Sierra Leone,SLE,1991,2060000.0,3410000.0,510000.0,30000.0,0.0,70000.0,120000.0,100000.0,0.0,,90000.0
Sierra Leone,SLE,1992,2069999.0,3410000.0,590000.0,40000.0,10000.0,40000.0,120000.0,100000.0,0.0,,50000.0
Sierra Leone,SLE,1993,2150000.0,3410000.0,650000.0,40000.0,10000.0,30000.0,110000.0,100000.0,0.0,,50000.0
Sierra Leone,SLE,1994,2100000.0,3410000.0,690000.0,50000.0,10000.0,30000.0,100000.0,100000.0,0.0,,50000.0
Sierra Leone,SLE,1995,1980000.0,3410000.0,730000.0,50000.0,10000.0,10000.0,100000.0,80000.0,0.0,,40000.0
Sierra Leone,SLE,1996,1650000.0,3430000.0,750000.0,40000.0,10000.0,10000.0,90000.0,90000.0,0.0,,40000.0
Sierra Leone,SLE,1997,1640000.0,3470000.0,770000.0,50000.0,10000.0,10000.0,100000.0,50000.0,0.0,,40000.0
Sierra Leone,SLE,1998,1550000.0,3620000.0,790000.0,50000.0,0.0,10000.0,100000.0,70000.0,0.0,,40000.0
Sierra Leone,SLE,1999,1370000.0,3540000.0,810000.0,50000.0,0.0,10000.0,90000.0,50000.0,0.0,,40000.0
Sierra Leone,SLE,2000,1290000.0,3530000.0,830000.0,60000.0,0.0,10000.0,110000.0,60000.0,0.0,20000.0,40000.0
Sierra Leone,SLE,2001,1500000.0,3370000.0,860000.0,70000.0,10000.0,40000.0,120000.0,100000.0,0.0,40000.0,30000.0
Sierra Leone,SLE,2002,1800000.0,3350000.0,900000.0,60000.0,20000.0,80000.0,150000.0,100000.0,0.0,110000.0,30000.0
Sierra Leone,SLE,2003,2210000.0,3430000.0,940000.0,80000.0,20000.0,70000.0,200000.0,100000.0,0.0,100000.0,30000.0
Sierra Leone,SLE,2004,2540000.0,3400000.0,980000.0,90000.0,30000.0,80000.0,210000.0,80000.0,0.0,80000.0,40000.0
Sierra Leone,SLE,2005,2750000.0,3380000.0,1020000.0,110000.0,40000.0,20000.0,250000.0,50000.0,0.0,20000.0,40000.0
Sierra Leone,SLE,2006,3630000.0,3430000.0,1050000.0,190000.0,40000.0,40000.0,320000.0,40000.0,0.0,,40000.0
Sierra Leone,SLE,2007,2920000.0,3390000.0,1080000.0,50000.0,50000.0,20000.0,290000.0,30000.0,0.0,120000.0,30000.0
Sierra Leone,SLE,2008,2670000.0,3360000.0,1120000.0,40000.0,60000.0,10000.0,259999.0,30000.0,0.0,170000.0,40000.0
Sierra Leone,SLE,2009,2910000.0,3390000.0,1150000.0,20000.0,70000.0,40000.0,290000.0,40000.0,0.0,129999.0,40000.0
Sierra Leone,SLE,2010,2890000.0,3360000.0,1180000.0,10000.0,80000.0,70000.0,350000.0,20000.0,0.0,120000.0,40000.0
Sierra Leone,SLE,2011,3200000.0,3360000.0,1220000.0,10000.0,80000.0,50000.0,410000.0,20000.0,0.0,250000.0,40000.0
Sierra Leone,SLE,2012,3860000.0,3380000.0,1250000.0,10000.0,90000.0,60000.0,410000.0,50000.0,0.0,320000.0,40000.0
Sierra Leone,SLE,2013,3740000.0,3380000.0,1290000.0,10000.0,90000.0,90000.0,550000.0,50000.0,0.0,380000.0,50000.0
Sierra Leone,SLE,2014,3970000.0,3410000.0,1320000.0,20000.0,90000.0,120000.0,610000.0,30000.0,0.0,400000.0,40000.0
Sierra Leone,SLE,2015,3820000.0,3630000.0,1360000.0,10000.0,100000.0,120000.0,680000.0,30000.0,0.0,280000.0,20000.0
Sierra Leone,SLE,2016,3920000.0,3370000.0,1390000.0,0.0,110000.0,100000.0,710000.0,60000.0,0.0,290000.0,10000.0
Sierra Leone,SLE,2017,3830000.0,3390000.0,1430000.0,10000.0,129999.0,100000.0,680000.0,70000.0,0.0,270000.0,10000.0
Sierra Leone,SLE,2018,4470000.0,3360000.0,1470000.0,10000.0,140000.0,100000.0,640000.0,70000.0,0.0,250000.0,20000.0
Sierra Leone,SLE,2019,3360000.0,3360000.0,1510000.0,10000.0,150000.0,60000.0,670000.0,110000.0,0.0,300000.0,10000.0
Sierra Leone,SLE,2020,3440000.0,3360000.0,1540000.0,20000.0,170000.0,30000.0,700000.0,150000.0,0.0,330000.0,10000.0
Sierra Leone,SLE,2021,4300000.0,3370000.0,1580000.0,20000.0,180000.0,70000.0,810000.0,220000.0,0.0,390000.0,10000.0
Sierra Leone,SLE,2022,3730000.0,3390000.0,1620000.0,10000.0,190000.0,60000.0,820000.0,210000.0,0.0,370000.0,20000.0
Sierra Leone,SLE,2023,4110000.0,3380000.0,1660000.0,10000.0,200000.0,70000.0,860000.0,240000.0,0.0,390000.0,10000.0
Singapore,SGP,1990,110000.0,-60000.0,110000.0,1250000.0,7320000.0,440000.0,4150000.0,23190000.0,0.0,80000.0,40280000.0
Singapore,SGP,1991,30000.0,-60000.0,120000.0,1170000.0,7340000.0,420000.0,5030000.0,23930000.0,0.0,80000.0,37510000.0
Singapore,SGP,1992,20000.0,-60000.0,120000.0,650000.0,7370000.0,460000.0,4860000.0,25520000.0,10000.0,90000.0,45480000.0
Singapore,SGP,1993,20000.0,-60000.0,129999.0,650000.0,7390000.0,500000.0,4820000.0,30260000.0,10000.0,90000.0,42670000.0
Singapore,SGP,1994,30000.0,-60000.0,180000.0,660000.0,7420000.0,540000.0,5250000.0,31600000.0,10000.0,100000.0,44310000.0
Singapore,SGP,1995,30000.0,-60000.0,190000.0,519999.0,7900000.0,470000.0,5770000.0,30900000.0,10000.0,100000.0,43940000.0
Singapore,SGP,1996,30000.0,-60000.0,200000.0,550000.0,8100000.0,400000.0,5220000.0,32430000.0,10000.0,100000.0,51170000.0
Singapore,SGP,1997,20000.0,-60000.0,200000.0,690000.0,8300000.0,380000.0,5180000.0,31950000.0,10000.0,140000.0,59050000.0
Singapore,SGP,1998,20000.0,-60000.0,210000.0,460000.0,9410000.0,350000.0,5190000.0,31070000.0,10000.0,150000.0,62740000.0
Singapore,SGP,1999,20000.0,-60000.0,220000.0,450000.0,9610000.0,330000.0,5250000.0,31790000.0,10000.0,150000.0,70510000.0
Singapore,SGP,2000,20000.0,-60000.0,220000.0,460000.0,9810000.0,3260000.0,5340000.0,33080002.0,10000.0,160000.0,70830000.0
Singapore,SGP,2001,20000.0,-20000.0,220000.0,460000.0,10080000.0,3460000.0,5440000.0,32710000.0,10000.0,160000.0,75890000.0
Singapore,SGP,2002,10000.0,-20000.0,220000.0,540000.0,10350000.0,3680000.0,5410000.0,31700000.0,10000.0,150000.0,75520000.0
Singapore,SGP,2003,20000.0,-20000.0,220000.0,460000.0,10310000.0,4370000.0,5420000.0,27930000.0,20000.0,140000.0,76050000.0
Singapore,SGP,2004,10000.0,-20000.0,210000.0,470000.0,10010000.0,4820000.0,5530000.0,28840000.0,30000.0,150000.0,87020000.0
Singapore,SGP,2005,10000.0,-20000.0,210000.0,370000.0,9750000.0,5190000.0,5720000.0,25640000.0,30000.0,150000.0,93870000.0
Singapore,SGP,2006,10000.0,-20000.0,210000.0,470000.0,9570000.0,5440000.0,5940000.0,25500000.0,30000.0,0.0,104020000.0
Singapore,SGP,2007,20000.0,-20000.0,200000.0,580000.0,9290000.0,5740000.0,6140000.0,26020000.0,30000.0,0.0,114590000.0
Singapore,SGP,2008,20000.0,-20000.0,200000.0,590000.0,9790000.0,5960000.0,6270000.0,25800000.0,40000.0,0.0,125580000.0
Singapore,SGP,2009,20000.0,-20000.0,200000.0,620000.0,10410000.0,8590000.0,6850000.0,22970000.0,30000.0,0.0,129770008.0
Singapore,SGP,2010,20000.0,-20000.0,200000.0,640000.0,10260000.0,9770000.0,6930000.0,25280000.0,30000.0,0.0,145760000.0
Singapore,SGP,2011,20000.0,70000.0,180000.0,620000.0,10500000.0,10320000.0,7400000.0,26640000.0,30000.0,0.0,154320000.0
Singapore,SGP,2012,20000.0,70000.0,170000.0,620000.0,11150000.0,10220000.0,7160000.0,25900000.0,40000.0,0.0,154880000.0
Singapore,SGP,2013,20000.0,70000.0,170000.0,640000.0,11860000.0,11730000.0,6650000.0,25090000.0,40000.0,0.0,155800000.0
Singapore,SGP,2014,20000.0,70000.0,170000.0,600000.0,12360000.0,12620000.0,6880000.0,24510000.0,50000.0,0.0,155100000.0
Singapore,SGP,2015,20000.0,70000.0,160000.0,610000.0,12870000.0,12820000.0,7370000.0,24840000.0,50000.0,0.0,164240000.0
Singapore,SGP,2016,20000.0,-80000.0,160000.0,610000.0,13410000.0,11660000.0,7560000.0,25360000.0,50000.0,10000.0,176450000.0
Singapore,SGP,2017,20000.0,-80000.0,160000.0,590000.0,13970000.0,14070000.0,6780000.0,26090000.0,50000.0,10000.0,184260000.0
Singapore,SGP,2018,20000.0,-80000.0,150000.0,590000.0,14540000.0,12320000.0,6520000.0,25840000.0,50000.0,10000.0,182920000.0
Singapore,SGP,2019,20000.0,-80000.0,90000.0,580000.0,15120000.0,12410000.0,6440000.0,25870000.0,50000.0,10000.0,176540000.0
Singapore,SGP,2020,20000.0,-80000.0,90000.0,580000.0,15710000.0,12300000.0,6310000.0,24690000.0,50000.0,10000.0,166660000.0
Singapore,SGP,2021,20000.0,0.0,80000.0,600000.0,16549999.0,13000000.0,6280000.0,25850000.0,60000.0,0.0,165780000.0
Singapore,SGP,2022,10000.0,0.0,80000.0,600000.0,17390000.0,13230000.0,6150000.0,25980000.0,50000.0,0.0,166480000.0
Singapore,SGP,2023,20000.0,0.0,80000.0,610000.0,18250000.0,13070000.0,5970000.0,25980000.0,60000.0,10000.0,183820000.0
Slovakia,SVK,1990,6510000.0,-9400000.0,1420000.0,15600000.0,1310000.0,15890000.0,4170000.0,17750000.0,2680000.0,1830000.0,0.0
Slovakia,SVK,1991,5740000.0,-9400000.0,1430000.0,11980000.0,1010000.0,14360000.0,3460000.0,17190000.0,2640000.0,1280000.0,0.0
Slovakia,SVK,1992,5160000.0,-9400000.0,1420000.0,10450000.0,2220000.0,13490000.0,3630000.0,16570000.0,2610000.0,950000.0,0.0
Slovakia,SVK,1993,4610000.0,-9400000.0,1420000.0,10170000.0,1710000.0,11220000.0,3000000.0,18130000.0,2510000.0,1030000.0,0.0
Slovakia,SVK,1994,4120000.0,-9400000.0,1310000.0,8690000.0,2160000.0,11710000.0,3430000.0,16350000.0,2480000.0,660000.0,100000.0
Slovakia,SVK,1995,3870000.0,-9400000.0,1310000.0,8460000.0,2320000.0,10500000.0,3880000.0,17990000.0,2440000.0,620000.0,120000.0
Slovakia,SVK,1996,3950000.0,-9400000.0,1310000.0,8610000.0,2370000.0,11230000.0,3600000.0,17290000.0,2400000.0,590000.0,120000.0
Slovakia,SVK,1997,3810000.0,-9400000.0,1330000.0,8400000.0,2430000.0,10840000.0,4200000.0,17280000.0,2300000.0,580000.0,110000.0
Slovakia,SVK,1998,3570000.0,-9400000.0,1350000.0,8670000.0,2870000.0,9760000.0,4270000.0,16600000.0,2350000.0,510000.0,90000.0
Slovakia,SVK,1999,3100000.0,-9400000.0,1370000.0,8540000.0,2660000.0,9220000.0,4340000.0,16490000.0,2290000.0,460000.0,60000.0
Slovakia,SVK,2000,3030000.0,-9400000.0,1390000.0,8229999.0,2250000.0,9870000.0,4159999.0,14420000.0,2060000.0,420000.0,80000.0
Slovakia,SVK,2001,3020000.0,-8370000.0,1410000.0,6760000.0,2440000.0,8570000.0,5450000.0,16440001.0,1910000.0,370000.0,90000.0
Slovakia,SVK,2002,2970000.0,-8370000.0,1420000.0,6500000.0,2350000.0,9150000.0,6260000.0,14960000.0,1800000.0,280000.0,140000.0
Slovakia,SVK,2003,2870000.0,-8370000.0,1440000.0,5610000.0,2260000.0,8830000.0,5740000.0,17130000.0,1650000.0,310000.0,100000.0
Slovakia,SVK,2004,2870000.0,-8370000.0,1460000.0,5520000.0,2760000.0,8319999.0,6030000.0,16230000.0,1620000.0,340000.0,80000.0
Slovakia,SVK,2005,2640000.0,-8370000.0,1480000.0,5990000.0,2790000.0,8420000.0,6630000.0,16080000.0,1490000.0,360000.0,120000.0
Slovakia,SVK,2006,2620000.0,-8370000.0,1500000.0,6090000.0,3230000.0,8410000.0,6240000.0,15680000.0,1310000.0,300000.0,120000.0
Slovakia,SVK,2007,2550000.0,-8370000.0,1510000.0,5680000.0,3200000.0,8279999.0,6830000.0,14880000.0,1200000.0,290000.0,150000.0
Slovakia,SVK,2008,2500000.0,-8370000.0,1520000.0,6230000.0,3300000.0,8020000.0,7470000.0,13730000.0,1250000.0,300000.0,190000.0
Slovakia,SVK,2009,2430000.0,-8370000.0,1560000.0,6570000.0,2750000.0,6450000.0,6460000.0,13210000.0,1100000.0,270000.0,140000.0
Slovakia,SVK,2010,2390000.0,-8370000.0,1600000.0,6910000.0,2320000.0,6820000.0,7310000.0,13810000.0,1090000.0,290000.0,120000.0
Slovakia,SVK,2011,2470000.0,-7580000.0,1630000.0,5460000.0,2310000.0,6760000.0,7270000.0,13600000.0,1039999.0,310000.0,129999.0
Slovakia,SVK,2012,2460000.0,-7580000.0,1640000.0,5050000.0,2079999.0,6910000.0,6610000.0,12940000.0,800000.0,290000.0,110000.0
Slovakia,SVK,2013,2520000.0,-7580000.0,1650000.0,5660000.0,2020000.0,7060000.0,6620000.0,12670000.0,810000.0,300000.0,120000.0
Slovakia,SVK,2014,2580000.0,-7570000.0,1630000.0,4440000.0,2120000.0,7270000.0,6210000.0,11360000.0,740000.0,320000.0,110000.0
Slovakia,SVK,2015,2520000.0,-7580000.0,1640000.0,4600000.0,2230000.0,7160000.0,6120000.0,11800000.0,610000.0,270000.0,129999.0
Slovakia,SVK,2016,2610000.0,-1430000.0,1630000.0,4470000.0,2180000.0,7350000.0,6900000.0,11700000.0,610000.0,280000.0,150000.0
Slovakia,SVK,2017,2470000.0,-1430000.0,1640000.0,4860000.0,2260000.0,7810000.0,7980000.0,11880000.0,570000.0,250000.0,120000.0
Slovakia,SVK,2018,2510000.0,-1430000.0,1640000.0,4520000.0,2200000.0,8440000.0,7910000.0,11060000.0,490000.0,240000.0,140000.0
Slovakia,SVK,2019,2470000.0,-1430000.0,1630000.0,4530000.0,2250000.0,7520000.0,8010000.0,9860000.0,510000.0,240000.0,140000.0
Slovakia,SVK,2020,2450000.0,-1430000.0,1610000.0,4300000.0,2250000.0,7260000.0,7160000.0,9150000.0,460000.0,250000.0,90000.0
Slovakia,SVK,2021,2380000.0,-1750000.0,1600000.0,5110000.0,2270000.0,8040000.0,7430000.0,10400000.0,470000.0,240000.0,70000.0
Slovakia,SVK,2022,2260000.0,-1750000.0,1610000.0,4560000.0,2330000.0,8189999.0,7650000.0,8029999.0,390000.0,240000.0,100000.0
Slovakia,SVK,2023,2240000.0,-1750000.0,1650000.0,4040000.0,2160000.0,7050000.0,7550000.0,9040000.0,390000.0,230000.0,90000.0
Slovenia,SVN,1990,2650000.0,-9390000.0,770000.0,2069999.0,240000.0,2630000.0,2700000.0,6330000.0,50000.0,20000.0,80000.0
Slovenia,SVN,1991,2510000.0,-9390000.0,760000.0,2630000.0,180000.0,2310000.0,2550000.0,5460000.0,50000.0,20000.0,20000.0
Slovenia,SVN,1992,2140000.0,-9390000.0,730000.0,2200000.0,560000.0,1850000.0,2630000.0,5970000.0,40000.0,10000.0,30000.0
Slovenia,SVN,1993,2130000.0,-9390000.0,710000.0,2510000.0,470000.0,1760000.0,3180000.0,6040000.0,40000.0,10000.0,50000.0
Slovenia,SVN,1994,2110000.0,-9390000.0,720000.0,2280000.0,560000.0,1980000.0,3540000.0,5640000.0,40000.0,0.0,50000.0
Slovenia,SVN,1995,2050000.0,-9390000.0,720000.0,2540000.0,590000.0,1850000.0,3950000.0,5940000.0,50000.0,10000.0,60000.0
Slovenia,SVN,1996,2020000.0,-9390000.0,730000.0,3080000.0,620000.0,1870000.0,4480000.0,5650000.0,50000.0,10000.0,50000.0
Slovenia,SVN,1997,2010000.0,-9390000.0,770000.0,2930000.0,630000.0,1940000.0,4690000.0,5960000.0,50000.0,10000.0,60000.0
Slovenia,SVN,1998,1960000.0,-9390000.0,810000.0,2970000.0,660000.0,1820000.0,3900000.0,6350000.0,50000.0,230000.0,60000.0
Slovenia,SVN,1999,1830000.0,-9360000.0,830000.0,3220000.0,670000.0,2000000.0,3690000.0,5530000.0,60000.0,230000.0,60000.0
Slovenia,SVN,2000,1860000.0,-9360000.0,860000.0,2340000.0,720000.0,2380000.0,3630000.0,5660000.0,50000.0,350000.0,70000.0
Slovenia,SVN,2001,1930000.0,-9370000.0,880000.0,2820000.0,740000.0,2120000.0,3790000.0,6150000.0,60000.0,350000.0,80000.0
Slovenia,SVN,2002,1880000.0,-9370000.0,860000.0,2840000.0,700000.0,1860000.0,3900000.0,6470000.0,60000.0,310000.0,90000.0
Slovenia,SVN,2003,1900000.0,-9370000.0,880000.0,2690000.0,730000.0,2160000.0,3960000.0,6170000.0,60000.0,310000.0,80000.0
Slovenia,SVN,2004,1790000.0,-9380000.0,880000.0,2630000.0,780000.0,2230000.0,4139999.0,6250000.0,60000.0,290000.0,60000.0
Slovenia,SVN,2005,1770000.0,-9380000.0,840000.0,2400000.0,820000.0,2380000.0,4420000.0,6300000.0,60000.0,290000.0,140000.0
Slovenia,SVN,2006,1750000.0,-9370000.0,800000.0,2170000.0,860000.0,2560000.0,4660000.0,6440000.0,60000.0,290000.0,170000.0
Slovenia,SVN,2007,1740000.0,-9380000.0,740000.0,1690000.0,880000.0,2290000.0,5270000.0,6540000.0,60000.0,320000.0,250000.0
Slovenia,SVN,2008,1780000.0,-9370000.0,660000.0,2069999.0,870000.0,2210000.0,6190000.0,6370000.0,70000.0,300000.0,310000.0
Slovenia,SVN,2009,1730000.0,-9370000.0,600000.0,1990000.0,700000.0,1880000.0,5200000.0,6100000.0,60000.0,270000.0,190000.0
Slovenia,SVN,2010,1740000.0,-9370000.0,590000.0,2089999.0,650000.0,1860000.0,5340000.0,6220000.0,60000.0,290000.0,140000.0
Slovenia,SVN,2011,1710000.0,3510000.0,590000.0,1820000.0,640000.0,1700000.0,5690000.0,6300000.0,50000.0,250000.0,170000.0
Slovenia,SVN,2012,1670000.0,3500000.0,570000.0,1530000.0,680000.0,1630000.0,5710000.0,6020000.0,50000.0,270000.0,230000.0
Slovenia,SVN,2013,1660000.0,3500000.0,540000.0,1420000.0,760000.0,1630000.0,5410000.0,5800000.0,50000.0,259999.0,270000.0
Slovenia,SVN,2014,1660000.0,3500000.0,500000.0,1150000.0,790000.0,1640000.0,5420000.0,4540000.0,50000.0,270000.0,259999.0
Slovenia,SVN,2015,1680000.0,3500000.0,500000.0,1260000.0,760000.0,1600000.0,5390000.0,4590000.0,50000.0,270000.0,280000.0
Slovenia,SVN,2016,1710000.0,1590000.0,500000.0,1340000.0,760000.0,1630000.0,5760000.0,4910000.0,50000.0,259999.0,450000.0
Slovenia,SVN,2017,1710000.0,1590000.0,480000.0,1210000.0,800000.0,1750000.0,5890000.0,4940000.0,50000.0,270000.0,570000.0
Slovenia,SVN,2018,1650000.0,1590000.0,440000.0,1110000.0,830000.0,1860000.0,5870000.0,4820000.0,50000.0,290000.0,820000.0
Slovenia,SVN,2019,1670000.0,1600000.0,430000.0,1050000.0,870000.0,1870000.0,5660000.0,4510000.0,50000.0,300000.0,690000.0
Slovenia,SVN,2020,1680000.0,1600000.0,410000.0,1080000.0,860000.0,1790000.0,4610000.0,4530000.0,50000.0,280000.0,400000.0
Slovenia,SVN,2021,1670000.0,-290000.0,390000.0,1000000.0,830000.0,1830000.0,5240000.0,4260000.0,50000.0,259999.0,310000.0
Slovenia,SVN,2022,1600000.0,-280000.0,380000.0,1050000.0,870000.0,1700000.0,5780000.0,3450000.0,50000.0,270000.0,70000.0
Slovenia,SVN,2023,1570000.0,-290000.0,380000.0,1000000.0,880000.0,1610000.0,5350000.0,3330000.0,40000.0,320000.0,60000.0
Solomon Islands,SLB,1990,60000.0,490000.0,10000.0,10000.0,0.0,20000.0,100000.0,30000.0,0.0,10000.0,20000.0
Solomon Islands,SLB,1991,60000.0,490000.0,10000.0,0.0,0.0,20000.0,100000.0,30000.0,0.0,10000.0,30000.0
Solomon Islands,SLB,1992,70000.0,490000.0,10000.0,0.0,0.0,20000.0,110000.0,30000.0,0.0,10000.0,30000.0
Solomon Islands,SLB,1993,70000.0,490000.0,10000.0,0.0,0.0,20000.0,120000.0,30000.0,0.0,10000.0,30000.0
Solomon Islands,SLB,1994,60000.0,490000.0,10000.0,0.0,0.0,20000.0,140000.0,30000.0,0.0,10000.0,30000.0
Solomon Islands,SLB,1995,60000.0,490000.0,10000.0,0.0,0.0,20000.0,140000.0,30000.0,0.0,10000.0,30000.0
Solomon Islands,SLB,1996,60000.0,490000.0,10000.0,0.0,0.0,20000.0,150000.0,30000.0,0.0,10000.0,30000.0
Solomon Islands,SLB,1997,60000.0,490000.0,10000.0,0.0,0.0,20000.0,150000.0,30000.0,0.0,10000.0,30000.0
Solomon Islands,SLB,1998,60000.0,490000.0,10000.0,0.0,0.0,20000.0,150000.0,40000.0,0.0,10000.0,30000.0
Solomon Islands,SLB,1999,60000.0,490000.0,10000.0,0.0,0.0,20000.0,150000.0,50000.0,0.0,10000.0,30000.0
Solomon Islands,SLB,2000,70000.0,490000.0,210000.0,0.0,0.0,20000.0,150000.0,60000.0,0.0,10000.0,30000.0
Solomon Islands,SLB,2001,60000.0,490000.0,10000.0,0.0,0.0,20000.0,160000.0,60000.0,0.0,10000.0,30000.0
Solomon Islands,SLB,2002,60000.0,490000.0,10000.0,0.0,0.0,20000.0,170000.0,60000.0,0.0,10000.0,30000.0
Solomon Islands,SLB,2003,70000.0,490000.0,10000.0,0.0,0.0,20000.0,180000.0,60000.0,0.0,10000.0,30000.0
Solomon Islands,SLB,2004,70000.0,490000.0,10000.0,0.0,0.0,20000.0,190000.0,60000.0,0.0,10000.0,30000.0
Solomon Islands,SLB,2005,70000.0,490000.0,10000.0,0.0,0.0,20000.0,190000.0,70000.0,0.0,10000.0,30000.0
Solomon Islands,SLB,2006,70000.0,490000.0,10000.0,0.0,0.0,20000.0,200000.0,70000.0,0.0,10000.0,30000.0
Solomon Islands,SLB,2007,70000.0,490000.0,10000.0,0.0,10000.0,20000.0,210000.0,80000.0,0.0,10000.0,30000.0
Solomon Islands,SLB,2008,70000.0,490000.0,10000.0,0.0,10000.0,20000.0,210000.0,80000.0,0.0,10000.0,30000.0
Solomon Islands,SLB,2009,70000.0,490000.0,10000.0,0.0,10000.0,20000.0,220000.0,80000.0,0.0,10000.0,30000.0
Solomon Islands,SLB,2010,70000.0,490000.0,10000.0,0.0,10000.0,20000.0,230000.0,80000.0,0.0,10000.0,30000.0
Solomon Islands,SLB,2011,80000.0,490000.0,10000.0,0.0,10000.0,20000.0,250000.0,70000.0,0.0,10000.0,30000.0
Solomon Islands,SLB,2012,80000.0,490000.0,10000.0,0.0,10000.0,20000.0,250000.0,70000.0,0.0,10000.0,30000.0
Solomon Islands,SLB,2013,80000.0,490000.0,10000.0,0.0,10000.0,20000.0,270000.0,80000.0,0.0,10000.0,40000.0
Solomon Islands,SLB,2014,80000.0,490000.0,10000.0,0.0,10000.0,20000.0,220000.0,80000.0,0.0,10000.0,30000.0
Solomon Islands,SLB,2015,80000.0,490000.0,10000.0,0.0,10000.0,20000.0,190000.0,80000.0,0.0,20000.0,30000.0
Solomon Islands,SLB,2016,80000.0,480000.0,10000.0,0.0,10000.0,20000.0,190000.0,70000.0,0.0,20000.0,30000.0
Solomon Islands,SLB,2017,80000.0,480000.0,10000.0,0.0,10000.0,20000.0,190000.0,70000.0,0.0,20000.0,30000.0
Solomon Islands,SLB,2018,90000.0,480000.0,10000.0,0.0,10000.0,20000.0,190000.0,70000.0,0.0,20000.0,30000.0
Solomon Islands,SLB,2019,80000.0,480000.0,10000.0,0.0,20000.0,20000.0,190000.0,70000.0,0.0,20000.0,30000.0
Solomon Islands,SLB,2020,80000.0,480000.0,10000.0,0.0,20000.0,20000.0,190000.0,70000.0,0.0,20000.0,20000.0
Solomon Islands,SLB,2021,80000.0,480000.0,10000.0,0.0,20000.0,20000.0,190000.0,70000.0,0.0,20000.0,20000.0
Solomon Islands,SLB,2022,80000.0,480000.0,10000.0,0.0,20000.0,20000.0,180000.0,70000.0,0.0,10000.0,20000.0
Solomon Islands,SLB,2023,80000.0,480000.0,10000.0,0.0,20000.0,20000.0,190000.0,70000.0,0.0,20000.0,20000.0
Somalia,SOM,1990,23690000.0,17270000.0,730000.0,60000.0,20000.0,60000.0,310000.0,270000.0,0.0,70000.0,220000.0
Somalia,SOM,1991,20650000.0,17270000.0,700000.0,60000.0,10000.0,60000.0,290000.0,270000.0,0.0,30000.0,210000.0
Somalia,SOM,1992,18560000.0,17270000.0,790000.0,60000.0,20000.0,60000.0,270000.0,259999.0,0.0,30000.0,200000.0
Somalia,SOM,1993,20570000.0,17270000.0,910000.0,40000.0,30000.0,60000.0,259999.0,240000.0,0.0,30000.0,210000.0
Somalia,SOM,1994,22510000.0,17270000.0,1030000.0,50000.0,40000.0,60000.0,240000.0,240000.0,0.0,30000.0,210000.0
Somalia,SOM,1995,23140000.0,17270000.0,1150000.0,50000.0,40000.0,50000.0,220000.0,230000.0,0.0,30000.0,220000.0
Somalia,SOM,1996,23660000.0,17270000.0,1270000.0,50000.0,30000.0,60000.0,210000.0,230000.0,0.0,30000.0,220000.0
Somalia,SOM,1997,24130000.0,17270000.0,1380000.0,50000.0,20000.0,60000.0,200000.0,220000.0,0.0,30000.0,220000.0
Somalia,SOM,1998,24030000.0,17270000.0,1500000.0,40000.0,20000.0,50000.0,180000.0,210000.0,0.0,30000.0,220000.0
Somalia,SOM,1999,24170000.0,17270000.0,1620000.0,30000.0,10000.0,60000.0,160000.0,200000.0,0.0,50000.0,220000.0
Somalia,SOM,2000,24390000.0,17270000.0,1740000.0,50000.0,0.0,60000.0,160000.0,200000.0,0.0,50000.0,240000.0
Somalia,SOM,2001,24880000.0,17260000.0,1860000.0,50000.0,30000.0,60000.0,180000.0,220000.0,0.0,60000.0,230000.0
Somalia,SOM,2002,25170000.0,17260000.0,1980000.0,50000.0,50000.0,60000.0,190000.0,230000.0,0.0,60000.0,220000.0
Somalia,SOM,2003,25340000.0,17260000.0,2100000.0,50000.0,80000.0,70000.0,210000.0,240000.0,0.0,60000.0,220000.0
Somalia,SOM,2004,25600000.0,17260000.0,2220000.0,60000.0,100000.0,70000.0,230000.0,240000.0,0.0,60000.0,230000.0
Somalia,SOM,2005,26040000.0,17260000.0,2340000.0,50000.0,120000.0,70000.0,230000.0,250000.0,0.0,60000.0,240000.0
Somalia,SOM,2006,24600000.0,17260000.0,2460000.0,60000.0,150000.0,80000.0,240000.0,250000.0,0.0,60000.0,240000.0
Somalia,SOM,2007,23350000.0,17260000.0,2580000.0,129999.0,190000.0,80000.0,259999.0,250000.0,0.0,,250000.0
Somalia,SOM,2008,23310000.0,17260000.0,2690000.0,129999.0,220000.0,80000.0,270000.0,259999.0,0.0,,259999.0
Somalia,SOM,2009,23270000.0,17260000.0,2810000.0,140000.0,250000.0,80000.0,280000.0,259999.0,0.0,,270000.0
Somalia,SOM,2010,23390000.0,17260000.0,2920000.0,140000.0,280000.0,10000.0,390000.0,270000.0,0.0,,270000.0
Somalia,SOM,2011,23490000.0,34660000.0,3030000.0,150000.0,290000.0,10000.0,400000.0,280000.0,0.0,,270000.0
Somalia,SOM,2012,23750000.0,34660000.0,3140000.0,150000.0,300000.0,10000.0,400000.0,290000.0,0.0,,290000.0
Somalia,SOM,2013,23770000.0,34660000.0,3260000.0,160000.0,310000.0,10000.0,400000.0,310000.0,0.0,,300000.0
Somalia,SOM,2014,23870000.0,34660000.0,3380000.0,160000.0,330000.0,10000.0,420000.0,320000.0,0.0,,310000.0
Somalia,SOM,2015,23880000.0,34660000.0,3510000.0,170000.0,340000.0,20000.0,430000.0,340000.0,0.0,,320000.0
Somalia,SOM,2016,23820000.0,182540000.0,3650000.0,170000.0,390000.0,20000.0,440000.0,350000.0,0.0,,320000.0
Somalia,SOM,2017,23670000.0,182540000.0,3790000.0,180000.0,440000.0,20000.0,450000.0,370000.0,0.0,,330000.0
Somalia,SOM,2018,23770000.0,182540000.0,3940000.0,190000.0,490000.0,30000.0,460000.0,380000.0,0.0,,340000.0
Somalia,SOM,2019,23890000.0,182540000.0,4090000.0,190000.0,530000.0,30000.0,470000.0,400000.0,0.0,,340000.0
Somalia,SOM,2020,23950000.0,182540000.0,4240000.0,200000.0,580000.0,60000.0,519999.0,390000.0,0.0,,320000.0
Somalia,SOM,2021,23730000.0,3730000.0,4400000.0,210000.0,620000.0,80000.0,510000.0,390000.0,0.0,,360000.0
Somalia,SOM,2022,23520000.0,3730000.0,4560000.0,300000.0,650000.0,80000.0,540000.0,390000.0,0.0,,370000.0
Somalia,SOM,2023,23490000.0,3730000.0,4720000.0,310000.0,690000.0,80000.0,550000.0,410000.0,0.0,,380000.0
South Africa,ZAF,1990,32970002.0,-13180000.0,19910000.0,18220000.0,7690000.0,54640000.0,30330000.0,145880000.0,28830000.0,3060000.0,7190000.0
South Africa,ZAF,1991,33169998.0,-13180000.0,20310000.0,18870000.0,7560000.0,49310000.0,30370000.0,145420000.0,29360000.0,3140000.0,7780000.0
South Africa,ZAF,1992,32550000.0,-13180000.0,20710000.0,18850000.0,7330000.0,43350000.0,30870000.0,147730000.0,29000000.0,3100000.0,9910000.0
South Africa,ZAF,1993,32180000.0,-13180000.0,21110000.0,22380000.0,7500000.0,35830000.0,31100000.0,157560000.0,31480000.0,4840000.0,9320000.0
South Africa,ZAF,1994,31440000.0,-13180000.0,21510000.0,21530000.0,7650000.0,36760000.0,32240002.0,161460000.0,32689998.0,5170000.0,10070000.0
South Africa,ZAF,1995,31240000.0,-13180000.0,20420000.0,19930000.0,8620000.0,37620000.0,36190000.0,169530000.0,34420000.0,5720000.0,12120000.0
South Africa,ZAF,1996,32640000.0,-12010000.0,19320000.0,18570000.0,10970000.0,41800000.0,35290000.0,177480000.0,34470000.0,5670000.0,12350000.0
South Africa,ZAF,1997,33090000.0,-12010000.0,18230000.0,19020000.0,11690000.0,45560000.0,36220000.0,187400000.0,36760000.0,5260000.0,10380000.0
South Africa,ZAF,1998,33810000.0,-10820000.0,17130000.0,18520000.0,11290000.0,48110000.0,35880000.0,194460000.0,37260000.0,4490000.0,12100000.0
South Africa,ZAF,1999,33529998.0,-11730000.0,16040001.0,17380000.0,10940000.0,41310000.0,36360000.0,184470000.0,37430000.0,4070000.0,13310000.0
South Africa,ZAF,2000,33500000.0,-12980000.0,14950000.0,11690000.0,10420000.0,41050000.0,36160000.0,191990000.0,37810000.0,3710000.0,11520000.0
South Africa,ZAF,2001,32730000.0,-13560000.0,13350000.0,15440000.0,9580000.0,36980000.0,36990000.0,227600000.0,37060000.0,3870000.0,11520000.0
South Africa,ZAF,2002,34030000.0,-13550000.0,16590000.0,18510000.0,11240000.0,40320000.0,37800000.0,230820000.0,36500000.0,3950000.0,10740000.0
South Africa,ZAF,2003,32050000.0,-13360000.0,17430000.0,20380000.0,10180000.0,42600000.0,40020000.0,245930000.0,39390000.0,3970000.0,11110000.0
South Africa,ZAF,2004,31420000.0,-13530000.0,18280000.0,22770000.0,11100000.0,49610000.0,42340000.0,261450016.0,40320000.0,3920000.0,9980000.0
South Africa,ZAF,2005,32520000.0,-13220000.0,19160000.0,24420000.0,11250000.0,53530000.0,44290000.0,251240000.0,40370000.0,3610000.0,10890000.0
South Africa,ZAF,2006,31380000.0,-13510000.0,20070000.0,27160000.0,11870000.0,49650000.0,45460000.0,252610000.0,40460000.0,4170000.0,10670000.0
South Africa,ZAF,2007,32330002.0,-13180000.0,20990000.0,33230000.0,12760000.0,43220000.0,49950000.0,265870000.0,40890000.0,4510000.0,11030000.0
South Africa,ZAF,2008,32759998.0,-13360000.0,21910000.0,35780000.0,11740000.0,44370000.0,48210000.0,293709984.0,41540000.0,4890000.0,12630000.0
South Africa,ZAF,2009,32770000.0,-13490000.0,22910000.0,34510000.0,11890000.0,61680000.0,46200000.0,256620000.0,41120000.0,4810000.0,11470000.0
South Africa,ZAF,2010,32860000.0,-13420000.0,23900000.0,15960000.0,11480000.0,51950000.0,47650000.0,302850016.0,41900000.0,6030000.0,14210000.0
South Africa,ZAF,2011,32619998.0,-13190000.0,3790000.0,18470000.0,10270000.0,44970000.0,49980000.0,287989984.0,41780000.0,6880000.0,14660000.0
South Africa,ZAF,2012,33189998.0,-13180000.0,3810000.0,27730000.0,10290000.0,46030000.0,50040000.0,296220000.0,42580000.0,7540000.0,14740000.0
South Africa,ZAF,2013,32169998.0,-13190000.0,3830000.0,28920000.0,10550000.0,52110000.0,54950000.0,295700000.0,42160000.0,7940000.0,14850000.0
South Africa,ZAF,2014,32110000.0,-13120000.0,3860000.0,29230000.0,10710000.0,53860000.0,52430000.0,307140000.0,42880000.0,8080000.0,14900000.0
South Africa,ZAF,2015,30970000.0,-13240000.0,3910000.0,26020000.0,11200000.0,49710000.0,54860000.0,288130016.0,42250000.0,7500000.0,15280000.0
South Africa,ZAF,2016,29610000.0,47140000.0,3910000.0,23560000.0,12010000.0,49580000.0,52620000.0,291010016.0,42170000.0,6860000.0,13910000.0
South Africa,ZAF,2017,31030000.0,47210000.0,4050000.0,37150000.0,12310000.0,46540000.0,56760000.0,284809984.0,42270000.0,8910000.0,14610000.0
South Africa,ZAF,2018,30740000.0,47510000.0,4110000.0,27870000.0,12800000.0,54720000.0,55480000.0,291820000.0,42200000.0,7950000.0,14430000.0
South Africa,ZAF,2019,29930000.0,47220000.0,4170000.0,19290000.0,13290000.0,52100000.0,52290000.0,312109984.0,42120000.0,7280000.0,14040000.0
South Africa,ZAF,2020,30020000.0,47190000.0,4250000.0,18100000.0,13430000.0,49700000.0,44690000.0,303560000.0,40720000.0,6610000.0,10980000.0
South Africa,ZAF,2021,32259998.0,-74210000.0,4270000.0,18010000.0,14660000.0,46800000.0,49700000.0,291660000.0,38320000.0,7310000.0,9300000.0
South Africa,ZAF,2022,30590000.0,-74280000.0,4210000.0,17710000.0,14860000.0,44510000.0,49110000.0,254400000.0,37740000.0,7320000.0,9880000.0
South Africa,ZAF,2023,31490000.0,-74250000.0,4240000.0,17740000.0,15320000.0,46360000.0,48970000.0,248020000.0,37670000.0,7420000.0,10560000.0
South America,OWID_SAM,1990,681129984.0,2063520000.0,79010000.0,69160000.0,39200000.0,115170000.0,190640000.0,125430000.0,225800000.0,22090000.0,14870000.0
South America,OWID_SAM,1991,691960000.0,2063520000.0,79790000.0,68190000.0,42080000.0,122080000.0,198630000.0,123790000.0,238630000.0,22200000.0,15510000.0
South America,OWID_SAM,1992,704190016.0,2063520000.0,82850000.0,69440000.0,40570000.0,122720000.0,203840000.0,128900000.0,242870000.0,23690000.0,16380000.0
South America,OWID_SAM,1993,708160000.0,2064270080.0,85200000.0,70470000.0,43220000.0,129410000.0,214600000.0,128720000.0,240090000.0,25500000.0,17790000.0
South America,OWID_SAM,1994,723430016.0,2064270080.0,87250000.0,69960000.0,44630000.0,135090000.0,220980000.0,128640000.0,240410000.0,30270000.0,18770000.0
South America,OWID_SAM,1995,732769984.0,2064690048.0,91330000.0,71510000.0,46940000.0,142730000.0,239560000.0,136610000.0,265860000.0,29150000.0,20410000.0
South America,OWID_SAM,1996,711440000.0,2065010048.0,95150000.0,72590000.0,47360000.0,153960000.0,260940000.0,149930000.0,290620000.0,30519998.0,21930000.0
South America,OWID_SAM,1997,720390016.0,2070369920.0,99100000.0,72360000.0,49150000.0,166530000.0,268980000.0,165450000.0,310160000.0,31870000.0,23700000.0
South America,OWID_SAM,1998,728889984.0,2084099968.0,104140000.0,73490000.0,50790000.0,164700000.0,278890016.0,176210000.0,308100000.0,28560000.0,22370000.0
South America,OWID_SAM,1999,734129984.0,2085200000.0,109400000.0,77750000.0,50450000.0,160480000.0,270720000.0,186500000.0,294470016.0,29740000.0,27990000.0
South America,OWID_SAM,2000,739580032.0,2051680000.0,113880000.0,78610000.0,48860000.0,168980000.0,268950016.0,192540000.0,296180000.0,30770000.0,30030000.0
South America,OWID_SAM,2001,762769984.0,1451010048.0,117070000.0,78100000.0,48600000.0,167670000.0,270550016.0,195090000.0,298449984.0,32200000.0,31120000.0
South America,OWID_SAM,2002,794280000.0,1464569984.0,121430000.0,78370000.0,51740000.0,172870000.0,270830016.0,190430000.0,276230016.0,31740000.0,32860000.0
South America,OWID_SAM,2003,829969984.0,1459420032.0,126360000.0,76480000.0,52220000.0,172890000.0,266250000.0,196790000.0,267230000.0,32940000.0,30590000.0
South America,OWID_SAM,2004,858209984.0,1474579968.0,128450000.0,78650000.0,58170000.0,180500000.0,283740000.0,215900000.0,290009984.0,35560000.0,34300000.0
South America,OWID_SAM,2005,866569984.0,1471110016.0,131820000.0,79360000.0,62560000.0,180370000.0,293189984.0,221720000.0,302569984.0,36960000.0,35290000.0
South America,OWID_SAM,2006,861009984.0,1458169984.0,137900000.0,79120000.0,71310000.0,177770000.0,304320000.0,227250000.0,301470016.0,36640000.0,35560000.0
South America,OWID_SAM,2007,877070016.0,1481980032.0,142240000.0,85670000.0,70870000.0,176290000.0,321320000.0,234640000.0,299440000.0,40050000.0,37080000.0
South America,OWID_SAM,2008,867189952.0,1454189952.0,147360000.0,83820000.0,75990000.0,179120000.0,336390016.0,260770000.0,312310016.0,42230000.0,42190000.0
South America,OWID_SAM,2009,859710016.0,1445400064.0,152320000.0,82920000.0,79420000.0,164850000.0,331809984.0,253960000.0,299269984.0,41120000.0,38130000.0
South America,OWID_SAM,2010,882600000.0,1490620032.0,160310000.0,87140000.0,84040000.0,197920000.0,359100000.0,271120000.0,299720000.0,42000000.0,40920000.0
South America,OWID_SAM,2011,875259968.0,704939968.0,164110000.0,88070000.0,86010000.0,210280000.0,388500000.0,267230000.0,309310016.0,42150000.0,42430000.0
South America,OWID_SAM,2012,880960000.0,709720000.0,167780000.0,89220000.0,89550000.0,201370000.0,412369984.0,301229984.0,338190016.0,42470000.0,44310000.0
South America,OWID_SAM,2013,879099968.0,699600000.0,174480000.0,90170000.0,89870000.0,206620000.0,426180000.0,327689984.0,346360000.0,47540000.0,39710000.0
South America,OWID_SAM,2014,888819968.0,701699968.0,176750000.0,89020000.0,90170000.0,201990000.0,429550016.0,348709984.0,351440000.0,47250000.0,40160000.0
South America,OWID_SAM,2015,886009984.0,711100032.0,178470000.0,87340000.0,88240000.0,186620000.0,418289984.0,349750016.0,342430016.0,46780000.0,38880000.0
South America,OWID_SAM,2016,894500032.0,1108060032.0,184620000.0,88740000.0,85500000.0,177190000.0,423269984.0,328609984.0,326780000.0,45820000.0,35920000.0
South America,OWID_SAM,2017,907840000.0,1113340032.0,189510000.0,86170000.0,87220000.0,183230000.0,423280000.0,317420000.0,297510016.0,46650000.0,37060000.0
South America,OWID_SAM,2018,896649984.0,1101159936.0,193070000.0,87910000.0,88450000.0,173780000.0,414680000.0,284190016.0,271889984.0,45650000.0,37870000.0
South America,OWID_SAM,2019,916560000.0,1122519936.0,196910000.0,85190000.0,92600000.0,169250000.0,417080000.0,267240000.0,256540000.0,44160000.0,37690000.0
South America,OWID_SAM,2020,938019968.0,1125849984.0,198070000.0,84530000.0,97450000.0,157170000.0,353680000.0,246270000.0,212870000.0,42150000.0,26660000.0
South America,OWID_SAM,2021,952289984.0,1312809984.0,199810000.0,85520000.0,105560000.0,170770000.0,404630016.0,279200000.0,219100000.0,45310000.0,28580000.0
South America,OWID_SAM,2022,973000000.0,1312909952.0,201530000.0,90670000.0,108340000.0,178590000.0,433840000.0,238320000.0,228180000.0,47440000.0,35820000.0
South America,OWID_SAM,2023,976760000.0,1312119936.0,210650000.0,90250000.0,111540000.0,175740000.0,440989984.0,226990000.0,230870000.0,46180000.0,36730000.0
South Korea,KOR,1990,15680000.0,-42380000.0,11470000.0,62990000.0,18960000.0,52330000.0,44600000.0,66860000.0,16320000.0,8880000.0,6230000.0
South Korea,KOR,1991,15560000.0,-42380000.0,12520000.0,60310000.0,22640000.0,61740000.0,50020000.0,79820000.0,14330000.0,9770000.0,9210000.0
South Korea,KOR,1992,15880000.0,-42380000.0,13370000.0,61000000.0,27010000.0,66640000.0,55630000.0,90500000.0,11500000.0,10230000.0,11890000.0
South Korea,KOR,1993,16250000.0,-42380000.0,13680000.0,63100000.0,30980000.0,72400000.0,62760000.0,102000000.0,9230000.0,11290000.0,14530000.0
South Korea,KOR,1994,16330000.0,-42380000.0,14670000.0,61400000.0,33730000.0,77380000.0,65960000.0,116000000.0,7440000.0,15060000.0,20740000.0
South Korea,KOR,1995,16530001.0,-42380000.0,14990000.0,66699996.0,35710000.0,77300000.0,74040000.0,128000000.0,5900000.0,16719999.0,23870000.0
South Korea,KOR,1996,16840000.0,-42380000.0,15300000.0,70400000.0,36920000.0,74820000.0,78060000.0,150000000.0,5290000.0,16219999.0,29200000.0
South Korea,KOR,1997,17010000.0,-42390000.0,15550000.0,71100000.0,39180000.0,73230000.0,79810000.0,169000000.0,5010000.0,16030001.0,32080002.0
South Korea,KOR,1998,16110001.0,-42390000.0,14380000.0,53900000.0,33550000.0,63030000.0,66640000.0,153000000.0,4780000.0,13350000.0,32279998.0
South Korea,KOR,1999,15340000.0,-42380000.0,14320000.0,63700000.0,36540000.0,70060000.0,73410000.0,165000000.0,4730000.0,15240000.0,33910000.0
South Korea,KOR,2000,14730000.0,-42360000.0,14330000.0,60700000.0,39040000.0,78460000.0,79500000.0,187000000.0,4840000.0,14480000.0,32800000.0
South Korea,KOR,2001,14360000.0,-60110000.0,14960000.0,57300000.0,42520000.0,77610000.0,82790000.0,199000000.0,4520000.0,14830000.0,32029998.0
South Korea,KOR,2002,14080000.0,-60110000.0,15050000.0,57700000.0,46390000.0,80640000.0,88270000.0,205000000.0,4190000.0,14110000.0,31970000.0
South Korea,KOR,2003,13970000.0,-60100000.0,15100000.0,56900000.0,52620000.0,82570000.0,90220000.0,210000000.0,4179999.0,13280000.0,35220000.0
South Korea,KOR,2004,14330000.0,-60100000.0,13600000.0,53900000.0,55790000.0,79810000.0,90820000.0,235000000.0,4220000.0,12050000.0,36780000.0
South Korea,KOR,2005,14630000.0,-60100000.0,13520000.0,56900000.0,54160000.0,81100000.0,87940000.0,232000000.0,3980000.0,12030000.0,41290000.0
South Korea,KOR,2006,14270000.0,-60110000.0,13020000.0,51850000.0,57620000.0,78010000.0,87850000.0,246680000.0,4020000.0,11010000.0,42950000.0
South Korea,KOR,2007,14770000.0,-60110000.0,12250000.0,50180000.0,57510000.0,82550000.0,90610000.0,258630000.0,4260000.0,10970000.0,41070000.0
South Korea,KOR,2008,14670000.0,-60110000.0,12020000.0,50300000.0,61090000.0,84970000.0,86140000.0,273000000.0,4110000.0,9620000.0,41230000.0
South Korea,KOR,2009,14790000.0,-60100000.0,12120000.0,49500000.0,63280000.0,81010000.0,87070000.0,285000000.0,3920000.0,10020000.0,38480000.0
South Korea,KOR,2010,15070000.0,-60110000.0,11850000.0,52740000.0,67350000.0,93440000.0,88710000.0,325170016.0,3740000.0,10720000.0,41430000.0
South Korea,KOR,2011,14640000.0,-50450000.0,11610000.0,52300000.0,68900000.0,92970000.0,87210000.0,357000000.0,3920000.0,10380000.0,40730000.0
South Korea,KOR,2012,15090000.0,-50460000.0,11110000.0,50900000.0,69000000.0,84680000.0,89680000.0,362000000.0,3950000.0,10340000.0,39980000.0
South Korea,KOR,2013,14730000.0,-50460000.0,11020000.0,48800000.0,71400000.0,80470000.0,93050000.0,363000000.0,3770000.0,10410000.0,40040000.0
South Korea,KOR,2014,14360000.0,-50450000.0,11180000.0,43940000.0,73320000.0,73940000.0,94620000.0,359450016.0,3550000.0,9000000.0,40530000.0
South Korea,KOR,2015,14540000.0,-50470000.0,11970000.0,46520000.0,75340000.0,80550000.0,100730000.0,355989984.0,3460000.0,8800000.0,43960000.0
South Korea,KOR,2016,14550000.0,-48060000.0,11920000.0,49430000.0,80280000.0,75860000.0,103590000.0,358609984.0,3490000.0,7240000.0,49210000.0
South Korea,KOR,2017,14560000.0,-48060000.0,12390000.0,49820000.0,84080000.0,77310000.0,105780000.0,375989984.0,3450000.0,7990000.0,48410000.0
South Korea,KOR,2018,14680000.0,-48060000.0,12270000.0,50230000.0,86560000.0,78520000.0,103860000.0,399460000.0,3400000.0,7630000.0,47080000.0
South Korea,KOR,2019,14820000.0,-48060000.0,12130000.0,47040000.0,89720000.0,71450000.0,108530000.0,378049984.0,3220000.0,7430000.0,44000000.0
South Korea,KOR,2020,15160000.0,-48060000.0,11990000.0,47270000.0,90600000.0,70060000.0,101120000.0,343480000.0,3140000.0,7470000.0,41530000.0
South Korea,KOR,2021,15450000.0,-45860000.0,11850000.0,46120000.0,95710000.0,74800000.0,105490000.0,359269984.0,3240000.0,6700000.0,42280000.0
South Korea,KOR,2022,15770000.0,-45760000.0,11720000.0,45190000.0,99700000.0,66400000.0,108440000.0,347929984.0,3120000.0,5990000.0,47670000.0
South Korea,KOR,2023,15370000.0,-45850000.0,11660000.0,42030000.0,103490000.0,62740000.0,108000000.0,336160000.0,2860000.0,5560000.0,51300000.0
South Sudan,SSD,1990,26000000.0,107300000.0,2030000.0,0.0,0.0,0.0,0.0,0.0,0.0,0.0,0.0
South Sudan,SSD,1991,26880000.0,107300000.0,2079999.0,0.0,0.0,0.0,0.0,0.0,0.0,0.0,0.0
South Sudan,SSD,1992,29350000.0,107300000.0,2120000.0,0.0,0.0,0.0,0.0,0.0,0.0,0.0,0.0
South Sudan,SSD,1993,31410000.0,107300000.0,2150000.0,0.0,0.0,0.0,0.0,0.0,0.0,0.0,0.0
South Sudan,SSD,1994,33300000.0,107300000.0,2210000.0,0.0,0.0,0.0,0.0,0.0,0.0,0.0,0.0
South Sudan,SSD,1995,34000000.0,110020000.0,2290000.0,0.0,0.0,0.0,0.0,0.0,0.0,0.0,0.0
South Sudan,SSD,1996,35990000.0,144600000.0,2350000.0,0.0,0.0,0.0,0.0,0.0,0.0,0.0,0.0
South Sudan,SSD,1997,37230000.0,216530000.0,2410000.0,0.0,0.0,0.0,0.0,0.0,0.0,0.0,0.0
South Sudan,SSD,1998,39330000.0,274970016.0,2460000.0,0.0,0.0,0.0,0.0,0.0,0.0,0.0,0.0
South Sudan,SSD,1999,40410000.0,297070016.0,2530000.0,0.0,0.0,0.0,0.0,0.0,0.0,0.0,0.0
South Sudan,SSD,2000,42780000.0,226920000.0,2650000.0,0.0,0.0,0.0,0.0,0.0,0.0,0.0,0.0
South Sudan,SSD,2001,39020000.0,107720000.0,2770000.0,0.0,0.0,0.0,0.0,0.0,0.0,0.0,0.0
South Sudan,SSD,2002,41540000.0,99310000.0,2900000.0,0.0,0.0,0.0,0.0,0.0,0.0,0.0,0.0
South Sudan,SSD,2003,42480000.0,105240000.0,3030000.0,0.0,0.0,0.0,0.0,0.0,0.0,0.0,0.0
South Sudan,SSD,2004,43310000.0,107500000.0,3170000.0,0.0,0.0,0.0,0.0,0.0,0.0,0.0,0.0
South Sudan,SSD,2005,44970000.0,113930000.0,3330000.0,0.0,0.0,0.0,0.0,0.0,0.0,0.0,0.0
South Sudan,SSD,2006,43040000.0,100510000.0,3490000.0,0.0,0.0,0.0,0.0,0.0,0.0,0.0,0.0
South Sudan,SSD,2007,45230000.0,111530000.0,3660000.0,0.0,0.0,0.0,0.0,0.0,0.0,0.0,0.0
South Sudan,SSD,2008,44910000.0,110000000.0,3840000.0,0.0,0.0,0.0,0.0,0.0,0.0,0.0,0.0
South Sudan,SSD,2009,45720000.0,102530000.0,4010000.0,0.0,0.0,0.0,0.0,0.0,0.0,0.0,0.0
South Sudan,SSD,2010,43730000.0,102930000.0,4230000.0,0.0,0.0,0.0,0.0,0.0,0.0,0.0,0.0
South Sudan,SSD,2011,43570000.0,106020000.0,4460000.0,0.0,0.0,0.0,0.0,0.0,0.0,0.0,0.0
South Sudan,SSD,2012,47230000.0,9990000.0,4660000.0,180000.0,0.0,20000.0,970000.0,380000.0,519999.0,60000.0,120000.0
South Sudan,SSD,2013,46050000.0,10310000.0,4890000.0,170000.0,0.0,10000.0,950000.0,450000.0,1680000.0,50000.0,120000.0
South Sudan,SSD,2014,46560000.0,10660000.0,5150000.0,170000.0,0.0,10000.0,970000.0,490000.0,2620000.0,50000.0,120000.0
South Sudan,SSD,2015,47150000.0,9520000.0,5410000.0,180000.0,0.0,30000.0,1039999.0,810000.0,2440000.0,90000.0,220000.0
South Sudan,SSD,2016,48300000.0,10910000.0,5360000.0,170000.0,20000.0,30000.0,960000.0,670000.0,2270000.0,80000.0,220000.0
South Sudan,SSD,2017,46080000.0,10800000.0,5170000.0,200000.0,40000.0,50000.0,750000.0,640000.0,2370000.0,70000.0,240000.0
South Sudan,SSD,2018,52320000.0,10980000.0,5050000.0,220000.0,70000.0,30000.0,980000.0,670000.0,2280000.0,90000.0,250000.0
South Sudan,SSD,2019,43520000.0,10460000.0,5080000.0,220000.0,90000.0,30000.0,980000.0,720000.0,2750000.0,90000.0,240000.0
South Sudan,SSD,2020,50520000.0,12990000.0,5160000.0,220000.0,110000.0,30000.0,940000.0,710000.0,2520000.0,80000.0,160000.0
South Sudan,SSD,2021,47790000.0,11280000.0,5230000.0,220000.0,120000.0,30000.0,970000.0,710000.0,2340000.0,90000.0,240000.0
South Sudan,SSD,2022,45320000.0,10890000.0,5320000.0,230000.0,129999.0,30000.0,920000.0,680000.0,2190000.0,80000.0,240000.0
South Sudan,SSD,2023,47550000.0,10680000.0,5410000.0,230000.0,129999.0,30000.0,940000.0,690000.0,2460000.0,80000.0,240000.0
Spain,ESP,1990,39210000.0,-83150000.0,12750000.0,17200000.0,21740000.0,41320000.0,64629996.0,78060000.0,2450000.0,4240000.0,15070000.0
Spain,ESP,1991,39000000.0,-83150000.0,12920000.0,19200000.0,20390000.0,42840000.0,67310000.0,79250000.0,2060000.0,4610000.0,16420000.0
Spain,ESP,1992,37520000.0,-83150000.0,13170000.0,19900000.0,20090000.0,40210000.0,70950000.0,88870000.0,2270000.0,4970000.0,17330000.0
Spain,ESP,1993,37660000.0,-83150000.0,13340000.0,19000000.0,18320000.0,38650000.0,69930000.0,78270000.0,2079999.0,5150000.0,16010000.0
Spain,ESP,1994,37880000.0,-83150000.0,13720000.0,20000000.0,22830000.0,41960000.0,72310000.0,80200000.0,1960000.0,5370000.0,15700000.0
Spain,ESP,1995,37700000.0,-83150000.0,14010000.0,19800000.0,26430000.0,42830000.0,73550000.0,89340000.0,1760000.0,5490000.0,16320000.0
Spain,ESP,1996,40000000.0,-83100000.0,14210000.0,20900000.0,27580000.0,39140000.0,78620000.0,76870000.0,1950000.0,5460000.0,21370000.0
Spain,ESP,1997,41080000.0,-82900000.0,14640000.0,20900000.0,30220000.0,44700000.0,78570000.0,89240000.0,2040000.0,5390000.0,25390000.0
Spain,ESP,1998,42660000.0,-82980000.0,14630000.0,21500000.0,30720000.0,44430000.0,86090000.0,88640000.0,1720000.0,4870000.0,26750000.0
Spain,ESP,1999,42780000.0,-83060000.0,14810000.0,22800000.0,34040000.0,41550000.0,90430000.0,106760000.0,1670000.0,5540000.0,26530000.0
Spain,ESP,2000,43420000.0,-82960000.0,14900000.0,24600000.0,36000000.0,47390000.0,92420000.0,110910000.0,1710000.0,6510000.0,27520000.0
Spain,ESP,2001,43610000.0,-31100000.0,14990000.0,25400000.0,29770000.0,51410000.0,96660000.0,103660000.0,1790000.0,5990000.0,29990000.0
Spain,ESP,2002,43720000.0,-31060000.0,15130000.0,25900000.0,27070000.0,51490000.0,98460000.0,118760000.0,1660000.0,5960000.0,30130000.0
Spain,ESP,2003,44890000.0,-30980000.0,14740000.0,26600000.0,30130000.0,54210000.0,103530000.0,113940000.0,1770000.0,7830000.0,30930000.0
Spain,ESP,2004,44550000.0,-31030000.0,14170000.0,28700000.0,29570000.0,54610000.0,107940000.0,122610000.0,1530000.0,8960000.0,32560002.0
Spain,ESP,2005,42550000.0,-30990000.0,14370000.0,29700000.0,31430000.0,55380000.0,111790000.0,132149992.0,1400000.0,8319999.0,34850000.0
Spain,ESP,2006,42380000.0,-30920000.0,14800000.0,28400000.0,33940000.0,43890000.0,115390000.0,130450000.0,1560000.0,10550000.0,36370000.0
Spain,ESP,2007,43500000.0,-31050000.0,15270000.0,27800000.0,35590000.0,48250000.0,118480000.0,138180000.0,1560000.0,8940000.0,37500000.0
Spain,ESP,2008,39870000.0,-31080000.0,15180000.0,27000000.0,33720000.0,44940000.0,112210000.0,121710000.0,1520000.0,7720000.0,38540000.0
Spain,ESP,2009,40230000.0,-31050000.0,16549999.0,26700000.0,29120000.0,37610000.0,103540000.0,105090000.0,1470000.0,7520000.0,37640000.0
Spain,ESP,2010,40540000.0,-31080000.0,15290000.0,28400000.0,29170000.0,39620000.0,100670000.0,89840000.0,1400000.0,8180000.0,36240000.0
Spain,ESP,2011,39150000.0,-7980000.0,15900000.0,26200000.0,26210000.0,38700000.0,94140000.0,103080000.0,1340000.0,7480000.0,38670000.0
Spain,ESP,2012,38290000.0,-7940000.0,15750000.0,25900000.0,25190000.0,35740000.0,84740000.0,111110000.0,990000.0,7660000.0,37890000.0
Spain,ESP,2013,39090000.0,-7990000.0,15050000.0,25100000.0,23940000.0,35120000.0,83330000.0,87650000.0,1340000.0,8189999.0,34060000.0
Spain,ESP,2014,40580000.0,-7990000.0,14050000.0,23600000.0,25130000.0,32710000.0,83790000.0,88530000.0,980000.0,7670000.0,36140000.0
Spain,ESP,2015,41690000.0,-7970000.0,14910000.0,25400000.0,19020000.0,31310000.0,86880000.0,100940000.0,1000000.0,6780000.0,35660000.0
Spain,ESP,2016,41650000.0,-13350000.0,14430000.0,25100000.0,19000000.0,33500000.0,90170000.0,86510000.0,970000.0,6670000.0,36490000.0
Spain,ESP,2017,42270000.0,-13310000.0,14200000.0,24900000.0,17140000.0,34910000.0,93110000.0,98440000.0,900000.0,7100000.0,34940000.0
Spain,ESP,2018,41420000.0,-13380000.0,14090000.0,26400000.0,15740000.0,35210000.0,94290000.0,88640000.0,1140000.0,7520000.0,36540000.0
Spain,ESP,2019,41220000.0,-13350000.0,13600000.0,24600000.0,15030000.0,35550000.0,95630000.0,72840000.0,820000.0,7530000.0,37400000.0
Spain,ESP,2020,43600000.0,-13360000.0,13310000.0,24200000.0,13390000.0,32890000.0,75450000.0,56860000.0,950000.0,8069999.0,24930000.0
Spain,ESP,2021,42160000.0,1800000.0,13000000.0,25100000.0,13840000.0,34560000.0,88440000.0,58500000.0,940000.0,8189999.0,28690000.0
Spain,ESP,2022,39320000.0,1940000.0,13070000.0,23300000.0,13290000.0,29710000.0,94790000.0,65650000.0,900000.0,7820000.0,38320000.0
Spain,ESP,2023,38130000.0,1890000.0,13180000.0,21870000.0,13690000.0,28790000.0,92220000.0,53730000.0,900000.0,7210000.0,39270000.0
Sri Lanka,LKA,1990,7300000.0,3270000.0,4130000.0,3710000.0,200000.0,450000.0,2550000.0,150000.0,0.0,530000.0,1230000.0
Sri Lanka,LKA,1991,6650000.0,3270000.0,4139999.0,3740000.0,200000.0,410000.0,2570000.0,320000.0,0.0,510000.0,980000.0
Sri Lanka,LKA,1992,6840000.0,3270000.0,7530000.0,3780000.0,370000.0,650000.0,2860000.0,790000.0,0.0,600000.0,960000.0
Sri Lanka,LKA,1993,7060000.0,3260000.0,10710000.0,3780000.0,320000.0,700000.0,3060000.0,420000.0,0.0,600000.0,1110000.0
Sri Lanka,LKA,1994,7360000.0,3260000.0,13690000.0,3770000.0,420000.0,660000.0,3550000.0,440000.0,0.0,660000.0,1110000.0
Sri Lanka,LKA,1995,7250000.0,3270000.0,11890000.0,3720000.0,410000.0,519999.0,3770000.0,350000.0,0.0,700000.0,1110000.0
Sri Lanka,LKA,1996,6410000.0,3310000.0,10080000.0,3770000.0,430000.0,790000.0,5170000.0,1210000.0,0.0,720000.0,1260000.0
Sri Lanka,LKA,1997,6400000.0,3280000.0,8279999.0,3830000.0,450000.0,870000.0,4750000.0,1510000.0,0.0,700000.0,880000.0
Sri Lanka,LKA,1998,5490000.0,3300000.0,6470000.0,3830000.0,420000.0,1060000.0,4960000.0,1330000.0,0.0,740000.0,830000.0
Sri Lanka,LKA,1999,5960000.0,3310000.0,4670000.0,3830000.0,460000.0,1080000.0,5500000.0,1560000.0,0.0,760000.0,750000.0
Sri Lanka,LKA,2000,5720000.0,3270000.0,2860000.0,3750000.0,480000.0,920000.0,5250000.0,3320000.0,0.0,900000.0,840000.0
Sri Lanka,LKA,2001,5480000.0,2390000.0,3030000.0,3750000.0,540000.0,960000.0,5320000.0,3080000.0,0.0,930000.0,710000.0
Sri Lanka,LKA,2002,5760000.0,2390000.0,3190000.0,3650000.0,519999.0,1000000.0,5420000.0,3510000.0,0.0,900000.0,820000.0
Sri Lanka,LKA,2003,5890000.0,2400000.0,3340000.0,3720000.0,590000.0,1300000.0,5770000.0,3960000.0,0.0,750000.0,720000.0
Sri Lanka,LKA,2004,5430000.0,2390000.0,3480000.0,3700000.0,700000.0,960000.0,5960000.0,4460000.0,0.0,820000.0,790000.0
Sri Lanka,LKA,2005,6210000.0,2390000.0,3610000.0,3800000.0,760000.0,1320000.0,6440000.0,4660000.0,0.0,840000.0,1500000.0
Sri Lanka,LKA,2006,6170000.0,2390000.0,3740000.0,3830000.0,810000.0,1290000.0,6110000.0,3400000.0,0.0,830000.0,1410000.0
Sri Lanka,LKA,2007,5840000.0,2370000.0,3870000.0,3840000.0,870000.0,1260000.0,6700000.0,4110000.0,0.0,710000.0,870000.0
Sri Lanka,LKA,2008,6860000.0,2360000.0,3990000.0,3890000.0,920000.0,1200000.0,6140000.0,4030000.0,0.0,570000.0,950000.0
Sri Lanka,LKA,2009,6400000.0,2360000.0,4120000.0,4000000.0,980000.0,1140000.0,5620000.0,4130000.0,0.0,550000.0,870000.0
Sri Lanka,LKA,2010,6830000.0,2360000.0,4230000.0,4130000.0,950000.0,1160000.0,7060000.0,3420000.0,0.0,610000.0,1010000.0
Sri Lanka,LKA,2011,7140000.0,2940000.0,4340000.0,3450000.0,1050000.0,1140000.0,7540000.0,5180000.0,0.0,610000.0,1900000.0
Sri Lanka,LKA,2012,6930000.0,2930000.0,4450000.0,3350000.0,1100000.0,1270000.0,8170000.0,6500000.0,0.0,519999.0,2200000.0
Sri Lanka,LKA,2013,7020000.0,2920000.0,4550000.0,3260000.0,1070000.0,1150000.0,7900000.0,4060000.0,0.0,370000.0,2130000.0
Sri Lanka,LKA,2014,6380000.0,2910000.0,4650000.0,3210000.0,1070000.0,1140000.0,8210000.0,6820000.0,0.0,360000.0,2820000.0
Sri Lanka,LKA,2015,7020000.0,2900000.0,4740000.0,3150000.0,1240000.0,1470000.0,9440000.0,6780000.0,0.0,390000.0,2490000.0
Sri Lanka,LKA,2016,6370000.0,-300000.0,4830000.0,3120000.0,1440000.0,1000000.0,11550000.0,8680000.0,0.0,530000.0,3600000.0
Sri Lanka,LKA,2017,5240000.0,-300000.0,4910000.0,3120000.0,1530000.0,860000.0,10700000.0,9490000.0,0.0,490000.0,3560000.0
Sri Lanka,LKA,2018,6060000.0,-300000.0,4980000.0,3120000.0,1580000.0,1000000.0,10190000.0,8149999.0,0.0,650000.0,3560000.0
Sri Lanka,LKA,2019,6180000.0,-320000.0,5050000.0,3180000.0,1830000.0,1060000.0,10440000.0,9700000.0,0.0,640000.0,3310000.0
Sri Lanka,LKA,2020,7170000.0,-320000.0,5110000.0,3290000.0,2079999.0,930000.0,9100000.0,9480000.0,10000.0,550000.0,1750000.0
Sri Lanka,LKA,2021,6780000.0,1890000.0,5170000.0,3220000.0,2290000.0,1350000.0,10360000.0,8310000.0,10000.0,320000.0,2260000.0
Sri Lanka,LKA,2022,6630000.0,1890000.0,5230000.0,2980000.0,2900000.0,1010000.0,9010000.0,7670000.0,10000.0,90000.0,2380000.0
Sri Lanka,LKA,2023,6800000.0,1890000.0,5290000.0,2940000.0,2930000.0,910000.0,7700000.0,7520000.0,10000.0,200000.0,2710000.0
Sudan,SDN,1990,42060000.0,-96670000.0,600000.0,2700000.0,90000.0,740000.0,4040000.0,510000.0,20000.0,10000.0,120000.0
Sudan,SDN,1991,43480000.0,-96670000.0,600000.0,2760000.0,90000.0,920000.0,3190000.0,580000.0,20000.0,10000.0,120000.0
Sudan,SDN,1992,47480000.0,-96670000.0,760000.0,2780000.0,120000.0,710000.0,3180000.0,510000.0,20000.0,10000.0,120000.0
Sudan,SDN,1993,50810000.0,-96670000.0,910000.0,2810000.0,120000.0,70000.0,2089999.0,890000.0,50000.0,0.0,120000.0
Sudan,SDN,1994,53860000.0,-96670000.0,1050000.0,3180000.0,80000.0,840000.0,3040000.0,670000.0,90000.0,0.0,129999.0
Sudan,SDN,1995,55000000.0,-99110000.0,1190000.0,3220000.0,180000.0,510000.0,2850000.0,890000.0,100000.0,0.0,129999.0
Sudan,SDN,1996,58200000.0,-130270008.0,1430000.0,3440000.0,180000.0,240000.0,2700000.0,1020000.0,180000.0,0.0,140000.0
Sudan,SDN,1997,60220000.0,-195080000.0,1670000.0,3540000.0,140000.0,630000.0,3190000.0,1130000.0,250000.0,0.0,129999.0
Sudan,SDN,1998,63620000.0,-247720000.0,1910000.0,3640000.0,110000.0,500000.0,3040000.0,930000.0,340000.0,0.0,129999.0
Sudan,SDN,1999,65370004.0,-267630000.0,2150000.0,3890000.0,120000.0,710000.0,2490000.0,1130000.0,670000.0,570000.0,320000.0
Sudan,SDN,2000,69190000.0,-204430000.0,2390000.0,3760000.0,90000.0,620000.0,2700000.0,1470000.0,1060000.0,720000.0,360000.0
Sudan,SDN,2001,63110000.0,-97050000.0,2560000.0,3810000.0,150000.0,540000.0,3490000.0,1520000.0,1550000.0,420000.0,410000.0
Sudan,SDN,2002,67180000.0,-89470000.0,2730000.0,4020000.0,190000.0,530000.0,4000000.0,2150000.0,1700000.0,650000.0,430000.0
Sudan,SDN,2003,68720000.0,-94810000.0,2890000.0,4290000.0,259999.0,540000.0,3860000.0,2370000.0,1610000.0,680000.0,410000.0
Sudan,SDN,2004,70040000.0,-96850000.0,3050000.0,4520000.0,310000.0,590000.0,4260000.0,2550000.0,2360000.0,870000.0,390000.0
Sudan,SDN,2005,72740000.0,-102640000.0,3200000.0,4850000.0,360000.0,940000.0,5060000.0,2760000.0,2650000.0,880000.0,370000.0
Sudan,SDN,2006,69610000.0,-90550000.0,3360000.0,5260000.0,360000.0,1480000.0,6080000.0,3450000.0,2980000.0,1000000.0,320000.0
Sudan,SDN,2007,73160000.0,-100480000.0,3520000.0,4940000.0,460000.0,1710000.0,6640000.0,3520000.0,3400000.0,1030000.0,300000.0
Sudan,SDN,2008,72640000.0,-99100000.0,3670000.0,4880000.0,490000.0,1530000.0,7920000.0,3900000.0,3020000.0,710000.0,450000.0
Sudan,SDN,2009,73950000.0,-92360000.0,3830000.0,5100000.0,690000.0,2400000.0,8040000.0,3280000.0,3150000.0,570000.0,500000.0
Sudan,SDN,2010,70730000.0,-92730000.0,3980000.0,5230000.0,1250000.0,3180000.0,9110000.0,1650000.0,3230000.0,710000.0,580000.0
Sudan,SDN,2011,70480000.0,-95510000.0,4060000.0,5590000.0,1680000.0,1890000.0,9100000.0,2200000.0,5850000.0,210000.0,660000.0
Sudan,SDN,2012,75250000.0,-140000.0,4210000.0,5590000.0,1900000.0,1760000.0,8830000.0,2089999.0,3550000.0,380000.0,690000.0
Sudan,SDN,2013,75740000.0,-150000.0,4360000.0,5710000.0,1960000.0,1270000.0,9230000.0,1940000.0,3810000.0,400000.0,440000.0
Sudan,SDN,2014,75540000.0,-150000.0,4510000.0,5700000.0,1960000.0,1310000.0,9630000.0,2320000.0,3970000.0,410000.0,400000.0
Sudan,SDN,2015,76310000.0,-150000.0,4670000.0,5730000.0,2069999.0,1330000.0,10170000.0,4139999.0,4070000.0,420000.0,580000.0
Sudan,SDN,2016,77740000.0,-45720000.0,4820000.0,5730000.0,2250000.0,1500000.0,11590000.0,4950000.0,3040000.0,450000.0,650000.0
Sudan,SDN,2017,77600000.0,-45720000.0,4990000.0,5780000.0,2310000.0,1400000.0,11630000.0,5100000.0,2780000.0,450000.0,730000.0
Sudan,SDN,2018,78010000.0,-45720000.0,5160000.0,5820000.0,2370000.0,1540000.0,11770000.0,4830000.0,2730000.0,420000.0,690000.0
Sudan,SDN,2019,77930000.0,-45720000.0,5330000.0,6310000.0,2430000.0,1650000.0,12030000.0,4480000.0,2340000.0,490000.0,600000.0
Sudan,SDN,2020,80100000.0,-45710000.0,5500000.0,6060000.0,930000.0,1540000.0,10940000.0,4710000.0,2010000.0,390000.0,440000.0
Sudan,SDN,2021,77570000.0,45810000.0,5680000.0,6050000.0,980000.0,1300000.0,12660000.0,5270000.0,2040000.0,410000.0,590000.0
Sudan,SDN,2022,74970000.0,45810000.0,5860000.0,6190000.0,1039999.0,1270000.0,12360000.0,3490000.0,1880000.0,400000.0,660000.0
Sudan,SDN,2023,77340000.0,45810000.0,6050000.0,5970000.0,1090000.0,850000.0,9060000.0,2050000.0,1580000.0,280000.0,370000.0
Suriname,SUR,1990,690000.0,-2060000.0,50000.0,0.0,310000.0,0.0,0.0,0.0,0.0,0.0,0.0
Suriname,SUR,1991,750000.0,-2060000.0,50000.0,0.0,300000.0,0.0,0.0,0.0,0.0,0.0,0.0
Suriname,SUR,1992,830000.0,-2060000.0,50000.0,0.0,310000.0,0.0,0.0,0.0,0.0,0.0,0.0
Suriname,SUR,1993,750000.0,-1990000.0,60000.0,0.0,300000.0,0.0,0.0,0.0,0.0,0.0,0.0
Suriname,SUR,1994,760000.0,-1990000.0,60000.0,0.0,290000.0,0.0,0.0,0.0,0.0,0.0,0.0
Suriname,SUR,1995,780000.0,-1950000.0,60000.0,0.0,300000.0,0.0,0.0,0.0,0.0,0.0,0.0
Suriname,SUR,1996,790000.0,-1880000.0,70000.0,0.0,310000.0,0.0,0.0,0.0,0.0,0.0,0.0
Suriname,SUR,1997,720000.0,-1870000.0,70000.0,0.0,290000.0,0.0,0.0,0.0,0.0,0.0,0.0
Suriname,SUR,1998,710000.0,-1820000.0,70000.0,0.0,250000.0,0.0,0.0,0.0,0.0,0.0,0.0
Suriname,SUR,1999,710000.0,-1810000.0,70000.0,0.0,90000.0,0.0,0.0,0.0,0.0,0.0,0.0
Suriname,SUR,2000,640000.0,-1820000.0,70000.0,120000.0,50000.0,680000.0,300000.0,280000.0,160000.0,140000.0,70000.0
Suriname,SUR,2001,680000.0,3060000.0,80000.0,120000.0,50000.0,690000.0,300000.0,330000.0,160000.0,110000.0,70000.0
Suriname,SUR,2002,510000.0,3060000.0,80000.0,80000.0,60000.0,60000.0,440000.0,290000.0,160000.0,259999.0,90000.0
Suriname,SUR,2003,600000.0,3080000.0,80000.0,80000.0,70000.0,60000.0,470000.0,370000.0,170000.0,270000.0,100000.0
Suriname,SUR,2004,610000.0,3230000.0,80000.0,80000.0,70000.0,60000.0,490000.0,480000.0,190000.0,300000.0,100000.0
Suriname,SUR,2005,530000.0,3220000.0,80000.0,80000.0,80000.0,70000.0,519999.0,700000.0,190000.0,330000.0,110000.0
Suriname,SUR,2006,560000.0,3220000.0,90000.0,80000.0,90000.0,70000.0,550000.0,510000.0,200000.0,340000.0,110000.0
Suriname,SUR,2007,530000.0,3220000.0,90000.0,80000.0,90000.0,70000.0,550000.0,420000.0,220000.0,310000.0,120000.0
Suriname,SUR,2008,600000.0,3220000.0,90000.0,80000.0,100000.0,70000.0,590000.0,410000.0,250000.0,320000.0,120000.0
Suriname,SUR,2009,680000.0,3220000.0,90000.0,90000.0,100000.0,60000.0,600000.0,440000.0,250000.0,280000.0,129999.0
Suriname,SUR,2010,680000.0,3220000.0,90000.0,90000.0,110000.0,70000.0,690000.0,560000.0,250000.0,370000.0,129999.0
Suriname,SUR,2011,700000.0,3660000.0,100000.0,90000.0,129999.0,60000.0,590000.0,930000.0,250000.0,300000.0,140000.0
Suriname,SUR,2012,660000.0,3660000.0,100000.0,100000.0,150000.0,80000.0,710000.0,1150000.0,250000.0,410000.0,140000.0
Suriname,SUR,2013,670000.0,3660000.0,100000.0,100000.0,150000.0,60000.0,640000.0,1180000.0,240000.0,300000.0,150000.0
Suriname,SUR,2014,720000.0,3660000.0,100000.0,100000.0,129999.0,70000.0,690000.0,1430000.0,240000.0,350000.0,150000.0
Suriname,SUR,2015,680000.0,3660000.0,100000.0,110000.0,140000.0,70000.0,690000.0,1530000.0,250000.0,340000.0,160000.0
Suriname,SUR,2016,720000.0,10080000.0,100000.0,140000.0,129999.0,110000.0,1030000.0,1220000.0,259999.0,500000.0,140000.0
Suriname,SUR,2017,710000.0,10070000.0,100000.0,120000.0,150000.0,90000.0,850000.0,980000.0,259999.0,440000.0,140000.0
Suriname,SUR,2018,640000.0,10070000.0,110000.0,120000.0,160000.0,80000.0,700000.0,900000.0,259999.0,380000.0,140000.0
Suriname,SUR,2019,690000.0,10080000.0,110000.0,120000.0,180000.0,100000.0,910000.0,1090000.0,259999.0,470000.0,140000.0
Suriname,SUR,2020,700000.0,10080000.0,110000.0,110000.0,200000.0,100000.0,830000.0,1090000.0,250000.0,490000.0,120000.0
Suriname,SUR,2021,660000.0,12430000.0,110000.0,120000.0,210000.0,110000.0,940000.0,1100000.0,240000.0,480000.0,129999.0
Suriname,SUR,2022,590000.0,12460000.0,110000.0,120000.0,220000.0,110000.0,970000.0,1200000.0,230000.0,490000.0,140000.0
Suriname,SUR,2023,640000.0,12470000.0,120000.0,120000.0,230000.0,110000.0,970000.0,860000.0,220000.0,470000.0,150000.0
Sweden,SWE,1990,8960000.0,-16580000.0,4070000.0,9510000.0,2730000.0,12210000.0,20390000.0,9800000.0,70000.0,1520000.0,3230000.0
Sweden,SWE,1991,8580000.0,-16580000.0,4130000.0,9130000.0,2640000.0,11690000.0,20090000.0,11990000.0,80000.0,1560000.0,3630000.0
Sweden,SWE,1992,8800000.0,-16580000.0,4130000.0,9340000.0,2420000.0,13610000.0,20890000.0,11710000.0,90000.0,1490000.0,4050000.0
Sweden,SWE,1993,9060000.0,-16580000.0,4000000.0,8820000.0,2460000.0,14700000.0,19960000.0,11950000.0,90000.0,1360000.0,4600000.0
Sweden,SWE,1994,8990000.0,-16590000.0,3850000.0,9250000.0,2520000.0,14990000.0,20690000.0,12500000.0,90000.0,1350000.0,5170000.0
Sweden,SWE,1995,8710000.0,-16559999.0,3840000.0,9130000.0,2780000.0,15180000.0,20890000.0,11780000.0,90000.0,1400000.0,5150000.0
Sweden,SWE,1996,8850000.0,-16559999.0,3800000.0,9940000.0,2690000.0,15640000.0,20640000.0,16280001.0,90000.0,1420000.0,5360000.0
Sweden,SWE,1997,8830000.0,-16540001.0,3770000.0,8910000.0,2710000.0,14500000.0,20870000.0,12040000.0,90000.0,1430000.0,6070000.0
Sweden,SWE,1998,8590000.0,-16500000.0,3700000.0,8319999.0,2850000.0,14550000.0,21160000.0,12970000.0,90000.0,1700000.0,6940000.0
Sweden,SWE,1999,8470000.0,-16410000.0,3550000.0,8189999.0,2950000.0,14630000.0,21610000.0,11760000.0,100000.0,1320000.0,6930000.0
Sweden,SWE,2000,8380000.0,-16230000.0,3450000.0,6560000.0,3110000.0,14020000.0,21760000.0,9850000.0,90000.0,1270000.0,6470000.0
Sweden,SWE,2001,8229999.0,-15850000.0,3390000.0,6500000.0,3100000.0,12520000.0,21680000.0,10610000.0,100000.0,1230000.0,6610000.0
Sweden,SWE,2002,8170000.0,-15830000.0,3180000.0,6080000.0,3120000.0,12900000.0,21900000.0,11750000.0,100000.0,1500000.0,5460000.0
Sweden,SWE,2003,8080000.0,-15750000.0,3010000.0,6090000.0,3080000.0,12540000.0,22210000.0,13070000.0,100000.0,1500000.0,6740000.0
Sweden,SWE,2004,8140000.0,-15600000.0,2980000.0,4640000.0,3240000.0,12600000.0,22620000.0,12520000.0,100000.0,1360000.0,8000000.0
Sweden,SWE,2005,8000000.0,-15400000.0,2790000.0,4230000.0,3350000.0,11080000.0,21550000.0,11450000.0,100000.0,1800000.0,8149999.0
Sweden,SWE,2006,7870000.0,-15330000.0,2690000.0,3530000.0,3470000.0,10170000.0,21670000.0,11700000.0,100000.0,1590000.0,8700000.0
Sweden,SWE,2007,7850000.0,-15260000.0,2460000.0,3280000.0,3230000.0,10210000.0,21830000.0,10100000.0,90000.0,1700000.0,8640000.0
Sweden,SWE,2008,7970000.0,-15160000.0,2150000.0,2920000.0,3220000.0,9710000.0,21380000.0,10430000.0,100000.0,1570000.0,8920000.0
Sweden,SWE,2009,7680000.0,-14990000.0,2030000.0,2630000.0,2840000.0,7230000.0,20850000.0,10670000.0,110000.0,1490000.0,8980000.0
Sweden,SWE,2010,7800000.0,-14730000.0,1910000.0,2760000.0,3030000.0,9310000.0,21220000.0,13250000.0,129999.0,1560000.0,8390000.0
Sweden,SWE,2011,7860000.0,-31010000.0,1770000.0,2700000.0,2810000.0,8970000.0,20930000.0,10630000.0,110000.0,1460000.0,7770000.0
Sweden,SWE,2012,7700000.0,-30950000.0,1620000.0,2550000.0,2800000.0,8240000.0,19890000.0,10000000.0,100000.0,1460000.0,7570000.0
Sweden,SWE,2013,7750000.0,-30940000.0,1520000.0,2270000.0,2650000.0,7780000.0,19400000.0,9630000.0,90000.0,1460000.0,7540000.0
Sweden,SWE,2014,7920000.0,-30810000.0,1380000.0,2140000.0,2720000.0,7320000.0,18930000.0,9390000.0,90000.0,1340000.0,7700000.0
Sweden,SWE,2015,7870000.0,-30840000.0,1270000.0,2100000.0,2830000.0,7540000.0,19010000.0,9300000.0,80000.0,1220000.0,8040000.0
Sweden,SWE,2016,7830000.0,1540000.0,1160000.0,2010000.0,2870000.0,7200000.0,18110000.0,10150000.0,90000.0,1160000.0,8870000.0
Sweden,SWE,2017,7970000.0,1680000.0,1100000.0,1950000.0,2780000.0,7260000.0,17960000.0,10080000.0,100000.0,1080000.0,10160000.0
Sweden,SWE,2018,7710000.0,2170000.0,1030000.0,1860000.0,2830000.0,7260000.0,17210000.0,8720000.0,90000.0,970000.0,8510000.0
Sweden,SWE,2019,7780000.0,2450000.0,920000.0,1850000.0,2500000.0,7380000.0,17340000.0,7940000.0,90000.0,1050000.0,9160000.0
Sweden,SWE,2020,7720000.0,2480000.0,860000.0,1900000.0,2350000.0,7220000.0,15840000.0,8430000.0,110000.0,930000.0,9130000.0
Sweden,SWE,2021,7530000.0,9820000.0,760000.0,1850000.0,2380000.0,7520000.0,16090000.0,10450000.0,90000.0,930000.0,9120000.0
Sweden,SWE,2022,7530000.0,9840000.0,730000.0,1550000.0,2460000.0,7420000.0,14470000.0,9660000.0,70000.0,900000.0,8580000.0
Sweden,SWE,2023,7350000.0,9840000.0,700000.0,1380000.0,2490000.0,7440000.0,14390000.0,9000000.0,70000.0,870000.0,7540000.0
Switzerland,CHE,1990,7360000.0,-3450000.0,2150000.0,16760000.0,3310000.0,6710000.0,14930000.0,2500000.0,450000.0,570000.0,3110000.0
Switzerland,CHE,1991,7280000.0,-3450000.0,2030000.0,17790000.0,2970000.0,7130000.0,15380000.0,3010000.0,470000.0,860000.0,2960000.0
Switzerland,CHE,1992,7150000.0,-3450000.0,2010000.0,17830000.0,2790000.0,6790000.0,15740000.0,3140000.0,490000.0,850000.0,3190000.0
Switzerland,CHE,1993,7020000.0,-3460000.0,1940000.0,17260000.0,2630000.0,6650000.0,14690000.0,2800000.0,500000.0,990000.0,3370000.0
Switzerland,CHE,1994,7030000.0,-3470000.0,1860000.0,16170000.0,2850000.0,6330000.0,15040000.0,2990000.0,500000.0,790000.0,3580000.0
Switzerland,CHE,1995,6930000.0,-3480000.0,1830000.0,17130000.0,2900000.0,6640000.0,14780000.0,2860000.0,500000.0,870000.0,3740000.0
Switzerland,CHE,1996,6890000.0,-3480000.0,1800000.0,17890000.0,2790000.0,6440000.0,14800000.0,2940000.0,500000.0,1020000.0,3910000.0
Switzerland,CHE,1997,6650000.0,-3490000.0,1750000.0,16840000.0,2710000.0,6050000.0,15280000.0,3140000.0,490000.0,670000.0,4070000.0
Switzerland,CHE,1998,6590000.0,-3480000.0,1710000.0,17410000.0,2770000.0,6080000.0,15430000.0,3660000.0,480000.0,930000.0,4250000.0
Switzerland,CHE,1999,6410000.0,-3480000.0,1670000.0,17540000.0,2860000.0,6500000.0,15410000.0,3430000.0,460000.0,900000.0,4440000.0
Switzerland,CHE,2000,6320000.0,-3480000.0,1640000.0,16070000.0,3160000.0,5890000.0,17020000.0,3290000.0,440000.0,580000.0,4690000.0
Switzerland,CHE,2001,6410000.0,-1780000.0,1640000.0,16850000.0,3240000.0,6190000.0,16700001.0,3440000.0,430000.0,1080000.0,4530000.0
Switzerland,CHE,2002,6260000.0,-1810000.0,1630000.0,16080000.0,3360000.0,5610000.0,16719999.0,3520000.0,420000.0,800000.0,4020000.0
Switzerland,CHE,2003,6160000.0,-1830000.0,1570000.0,16930000.0,3300000.0,5880000.0,16840000.0,3540000.0,410000.0,860000.0,3660000.0
Switzerland,CHE,2004,6090000.0,-1840000.0,1560000.0,16740000.0,3540000.0,5870000.0,16940000.0,3920000.0,410000.0,920000.0,3500000.0
Switzerland,CHE,2005,6180000.0,-1840000.0,1530000.0,17270000.0,3710000.0,5830000.0,17020000.0,4020000.0,400000.0,740000.0,3580000.0
Switzerland,CHE,2006,6210000.0,-1840000.0,1500000.0,16400000.0,3780000.0,6160000.0,17140000.0,4130000.0,380000.0,660000.0,3770000.0
Switzerland,CHE,2007,6170000.0,-1840000.0,1460000.0,14580000.0,3890000.0,6040000.0,17490000.0,3790000.0,370000.0,630000.0,3970000.0
Switzerland,CHE,2008,6290000.0,-1840000.0,1420000.0,15510000.0,3860000.0,5610000.0,17900000.0,3890000.0,360000.0,660000.0,4240000.0
Switzerland,CHE,2009,6200000.0,-1840000.0,1370000.0,15280000.0,3690000.0,5080000.0,17690000.0,3610000.0,360000.0,650000.0,4080000.0
Switzerland,CHE,2010,6180000.0,-1840000.0,1340000.0,16450001.0,3890000.0,5330000.0,17620000.0,3780000.0,370000.0,630000.0,4260000.0
Switzerland,CHE,2011,6120000.0,-670000.0,1310000.0,13150000.0,3890000.0,4990000.0,17400000.0,3600000.0,350000.0,610000.0,4580000.0
Switzerland,CHE,2012,6040000.0,-670000.0,1280000.0,14490000.0,3810000.0,5080000.0,17560000.0,3570000.0,330000.0,570000.0,4650000.0
Switzerland,CHE,2013,6040000.0,-660000.0,1250000.0,15350000.0,3860000.0,5180000.0,17500000.0,3680000.0,330000.0,580000.0,4670000.0
Switzerland,CHE,2014,6050000.0,-660000.0,1230000.0,12040000.0,3840000.0,5060000.0,17330000.0,3550000.0,320000.0,470000.0,4760000.0
Switzerland,CHE,2015,5990000.0,-660000.0,1200000.0,12910000.0,3760000.0,4860000.0,16600000.0,3070000.0,310000.0,460000.0,4910000.0
Switzerland,CHE,2016,5960000.0,900000.0,1180000.0,13380000.0,3700000.0,4950000.0,16440001.0,3140000.0,290000.0,440000.0,5140000.0
Switzerland,CHE,2017,5920000.0,900000.0,1150000.0,12760000.0,3810000.0,4790000.0,16150000.0,3190000.0,270000.0,540000.0,5310000.0
Switzerland,CHE,2018,5890000.0,900000.0,1130000.0,11710000.0,3720000.0,4630000.0,16219999.0,3180000.0,270000.0,490000.0,5570000.0
Switzerland,CHE,2019,5750000.0,880000.0,1100000.0,11750000.0,3770000.0,4530000.0,16170000.0,3220000.0,259999.0,440000.0,5620000.0
Switzerland,CHE,2020,5750000.0,880000.0,1070000.0,10910000.0,3630000.0,4400000.0,14820000.0,3170000.0,259999.0,470000.0,2069999.0
Switzerland,CHE,2021,5740000.0,880000.0,1039999.0,12150000.0,3750000.0,4570000.0,15000000.0,3080000.0,259999.0,519999.0,2340000.0
Switzerland,CHE,2022,5720000.0,880000.0,1030000.0,9800000.0,3750000.0,4159999.0,14830000.0,3020000.0,230000.0,450000.0,4159999.0
Switzerland,CHE,2023,5720000.0,880000.0,1010000.0,9410000.0,3800000.0,3710000.0,14860000.0,3060000.0,230000.0,480000.0,5000000.0
Syria,SYR,1990,6220000.0,-1520000.0,1780000.0,2940000.0,1970000.0,2980000.0,7420000.0,7960000.0,59510000.0,6190000.0,3760000.0
Syria,SYR,1991,6180000.0,-1520000.0,1820000.0,3140000.0,1780000.0,3680000.0,7790000.0,8040000.0,72930000.0,7410000.0,3940000.0
Syria,SYR,1992,6150000.0,-1520000.0,2320000.0,3140000.0,1950000.0,3920000.0,7320000.0,8440000.0,84310000.0,5710000.0,4090000.0
Syria,SYR,1993,5330000.0,-1520000.0,2800000.0,3250000.0,2330000.0,4240000.0,7680000.0,8700000.0,91510000.0,4650000.0,4020000.0
Syria,SYR,1994,5740000.0,-1520000.0,3270000.0,3380000.0,2380000.0,4650000.0,7700000.0,10480000.0,94850000.0,3430000.0,4130000.0
Syria,SYR,1995,6190000.0,-1520000.0,3720000.0,3490000.0,2310000.0,4990000.0,7680000.0,11510000.0,97340000.0,3690000.0,4130000.0
Syria,SYR,1996,6400000.0,-1530000.0,4170000.0,4130000.0,2370000.0,5330000.0,9000000.0,12670000.0,94110000.0,3380000.0,3970000.0
Syria,SYR,1997,6590000.0,-1530000.0,4590000.0,4360000.0,2550000.0,4850000.0,9200000.0,13550000.0,91970000.0,2830000.0,4030000.0
Syria,SYR,1998,7050000.0,-1530000.0,5010000.0,4340000.0,2510000.0,6090000.0,9510000.0,14720000.0,91180000.0,3150000.0,4150000.0
Syria,SYR,1999,6860000.0,-1530000.0,5420000.0,4380000.0,2750000.0,5840000.0,8170000.0,15760000.0,91680000.0,2650000.0,4139999.0
Syria,SYR,2000,6700000.0,-1530000.0,5820000.0,4570000.0,2510000.0,5380000.0,8630000.0,16309999.0,90800000.0,2380000.0,4170000.0
Syria,SYR,2001,6040000.0,-1700000.0,6210000.0,4460000.0,3360000.0,5570000.0,8210000.0,17110000.0,87180000.0,3810000.0,3890000.0
Syria,SYR,2002,6540000.0,-1700000.0,6600000.0,4480000.0,3830000.0,5360000.0,8910000.0,18830000.0,88780000.0,2490000.0,3970000.0
Syria,SYR,2003,7190000.0,-1700000.0,6980000.0,3370000.0,4510000.0,5750000.0,8029999.0,20360000.0,85830000.0,2760000.0,3720000.0
Syria,SYR,2004,7750000.0,-1700000.0,7360000.0,5310000.0,5080000.0,4510000.0,10550000.0,20300000.0,67260000.0,2089999.0,3960000.0
Syria,SYR,2005,8550000.0,-1700000.0,7740000.0,7380000.0,5670000.0,6330000.0,13900000.0,23290000.0,62620000.0,2940000.0,3570000.0
Syria,SYR,2006,9150000.0,-1700000.0,8149999.0,7730000.0,6540000.0,6900000.0,14770000.0,24830000.0,59010000.0,2860000.0,3840000.0
Syria,SYR,2007,9420000.0,-1690000.0,8620000.0,7550000.0,7390000.0,7550000.0,15800000.0,26510000.0,56780000.0,2990000.0,3460000.0
Syria,SYR,2008,8420000.0,-1700000.0,9070000.0,7620000.0,8279999.0,7610000.0,16010000.0,28100000.0,55290000.0,2970000.0,3400000.0
Syria,SYR,2009,7970000.0,-1700000.0,9470000.0,6040000.0,8990000.0,6040000.0,13420000.0,29580000.0,56520000.0,2310000.0,3600000.0
Syria,SYR,2010,6840000.0,-1700000.0,9880000.0,5530000.0,10100000.0,7460000.0,13250000.0,29290000.0,57640000.0,2200000.0,3600000.0
Syria,SYR,2011,7770000.0,-1610000.0,10270000.0,5720000.0,9990000.0,8160000.0,13220000.0,30000000.0,52260000.0,2250000.0,3120000.0
Syria,SYR,2012,7630000.0,-1590000.0,10600000.0,4700000.0,10610000.0,7240000.0,10820000.0,23000000.0,29880000.0,1720000.0,1510000.0
Syria,SYR,2013,7080000.0,-1600000.0,10790000.0,2890000.0,10010000.0,4710000.0,6450000.0,16110001.0,14070000.0,1060000.0,1200000.0
Syria,SYR,2014,6920000.0,-1610000.0,10880000.0,2690000.0,9450000.0,5590000.0,5990000.0,13750000.0,10190000.0,980000.0,1070000.0
Syria,SYR,2015,6570000.0,-1600000.0,10970000.0,2550000.0,9740000.0,4080000.0,5640000.0,13000000.0,9720000.0,880000.0,1039999.0
Syria,SYR,2016,6280000.0,-1380000.0,11070000.0,2250000.0,11190000.0,2440000.0,5080000.0,12620000.0,8610000.0,770000.0,960000.0
Syria,SYR,2017,5360000.0,-1380000.0,11200000.0,2200000.0,12280000.0,2810000.0,4870000.0,13720000.0,13490000.0,780000.0,1010000.0
Syria,SYR,2018,5290000.0,-1380000.0,11350000.0,2860000.0,13360000.0,3380000.0,6320000.0,15880000.0,10230000.0,1030000.0,1090000.0
Syria,SYR,2019,5910000.0,-1380000.0,11560000.0,2500000.0,14690000.0,2990000.0,5540000.0,16070000.0,12580000.0,910000.0,1039999.0
Syria,SYR,2020,6270000.0,-1380000.0,11770000.0,2280000.0,16059999.0,2760000.0,5050000.0,15720000.0,13890000.0,830000.0,1020000.0
Syria,SYR,2021,6110000.0,-1880000.0,11990000.0,2150000.0,17360000.0,2770000.0,4750000.0,13400000.0,14400000.0,790000.0,1010000.0
Syria,SYR,2022,6290000.0,-1880000.0,12250000.0,2180000.0,18140000.0,2780000.0,4800000.0,12850000.0,14690000.0,770000.0,1050000.0
Syria,SYR,2023,6890000.0,-1880000.0,12560000.0,2380000.0,19070000.0,2950000.0,5260000.0,13640000.0,15240000.0,850000.0,1090000.0
Tajikistan,TJK,1990,4900000.0,270000.0,970000.0,0.0,350000.0,0.0,760000.0,1540000.0,1180000.0,8860000.0,50000.0
Tajikistan,TJK,1991,4730000.0,270000.0,970000.0,0.0,330000.0,0.0,760000.0,1540000.0,1150000.0,7990000.0,50000.0
Tajikistan,TJK,1992,4210000.0,270000.0,890000.0,0.0,3530000.0,0.0,380000.0,1690000.0,1110000.0,5490000.0,50000.0
Tajikistan,TJK,1993,3800000.0,270000.0,860000.0,0.0,2210000.0,0.0,300000.0,1290000.0,1060000.0,3480000.0,50000.0
Tajikistan,TJK,1994,3730000.0,270000.0,830000.0,0.0,1960000.0,0.0,200000.0,720000.0,590000.0,2040000.0,20000.0
Tajikistan,TJK,1995,3580000.0,270000.0,830000.0,0.0,1820000.0,0.0,190000.0,560000.0,420000.0,1730000.0,20000.0
Tajikistan,TJK,1996,3390000.0,270000.0,860000.0,0.0,1540000.0,0.0,140000.0,580000.0,220000.0,1510000.0,20000.0
Tajikistan,TJK,1997,3370000.0,270000.0,860000.0,0.0,1560000.0,0.0,140000.0,700000.0,220000.0,1680000.0,20000.0
Tajikistan,TJK,1998,3180000.0,270000.0,860000.0,0.0,1460000.0,0.0,120000.0,700000.0,110000.0,1960000.0,20000.0
Tajikistan,TJK,1999,3120000.0,270000.0,640000.0,0.0,1570000.0,0.0,60000.0,700000.0,170000.0,1780000.0,20000.0
Tajikistan,TJK,2000,3100000.0,270000.0,640000.0,0.0,1700000.0,0.0,40000.0,570000.0,200000.0,1580000.0,10000.0
Tajikistan,TJK,2001,3150000.0,0.0,670000.0,0.0,1450000.0,0.0,90000.0,550000.0,220000.0,1480000.0,10000.0
Tajikistan,TJK,2002,3270000.0,0.0,670000.0,0.0,1880000.0,0.0,129999.0,470000.0,170000.0,1510000.0,20000.0
Tajikistan,TJK,2003,3370000.0,0.0,700000.0,0.0,1280000.0,0.0,100000.0,510000.0,200000.0,1500000.0,10000.0
Tajikistan,TJK,2004,3580000.0,0.0,730000.0,0.0,1650000.0,0.0,140000.0,590000.0,110000.0,1800000.0,20000.0
Tajikistan,TJK,2005,3820000.0,0.0,730000.0,0.0,1500000.0,0.0,129999.0,590000.0,110000.0,1650000.0,30000.0
Tajikistan,TJK,2006,4120000.0,0.0,730000.0,0.0,1570000.0,0.0,170000.0,590000.0,110000.0,1810000.0,60000.0
Tajikistan,TJK,2007,4270000.0,0.0,760000.0,0.0,1790000.0,0.0,259999.0,310000.0,80000.0,2570000.0,70000.0
Tajikistan,TJK,2008,4930000.0,0.0,760000.0,0.0,1150000.0,0.0,259999.0,200000.0,80000.0,2520000.0,80000.0
Tajikistan,TJK,2009,5290000.0,0.0,800000.0,0.0,1050000.0,0.0,250000.0,80000.0,60000.0,2010000.0,80000.0
Tajikistan,TJK,2010,5380000.0,0.0,800000.0,0.0,1010000.0,0.0,280000.0,40000.0,60000.0,2020000.0,90000.0
Tajikistan,TJK,2011,5520000.0,290000.0,110000.0,0.0,610000.0,0.0,300000.0,40000.0,60000.0,2120000.0,100000.0
Tajikistan,TJK,2012,5850000.0,290000.0,110000.0,0.0,590000.0,100000.0,900000.0,50000.0,80000.0,1890000.0,100000.0
Tajikistan,TJK,2013,6080000.0,290000.0,120000.0,0.0,630000.0,70000.0,930000.0,70000.0,90000.0,1990000.0,110000.0
Tajikistan,TJK,2014,6190000.0,290000.0,129999.0,0.0,990000.0,50000.0,1570000.0,220000.0,150000.0,2250000.0,190000.0
Tajikistan,TJK,2015,6460000.0,290000.0,129999.0,0.0,1100000.0,60000.0,1360000.0,290000.0,150000.0,2580000.0,140000.0
Tajikistan,TJK,2016,6620000.0,-20000.0,140000.0,940000.0,1390000.0,750000.0,1320000.0,530000.0,200000.0,1420000.0,100000.0
Tajikistan,TJK,2017,6730000.0,-20000.0,150000.0,910000.0,1940000.0,1180000.0,1210000.0,970000.0,259999.0,1080000.0,60000.0
Tajikistan,TJK,2018,6750000.0,-20000.0,160000.0,880000.0,2300000.0,1590000.0,1250000.0,1500000.0,290000.0,1110000.0,90000.0
Tajikistan,TJK,2019,7210000.0,-20000.0,160000.0,850000.0,2490000.0,1620000.0,1390000.0,1860000.0,310000.0,1310000.0,129999.0
Tajikistan,TJK,2020,7310000.0,-20000.0,160000.0,1020000.0,2510000.0,1320000.0,1730000.0,2069999.0,310000.0,1250000.0,80000.0
Tajikistan,TJK,2021,7490000.0,-30000.0,170000.0,1140000.0,2550000.0,1410000.0,1900000.0,1800000.0,320000.0,1300000.0,50000.0
Tajikistan,TJK,2022,7710000.0,-30000.0,170000.0,1120000.0,2610000.0,1360000.0,2270000.0,1800000.0,320000.0,1210000.0,90000.0
Tajikistan,TJK,2023,7690000.0,-30000.0,170000.0,1220000.0,2630000.0,1480000.0,2540000.0,1410000.0,310000.0,1320000.0,120000.0
Tanzania,TZA,1990,32520000.0,62750000.0,2250000.0,5690000.0,250000.0,400000.0,720000.0,290000.0,10000.0,120000.0,310000.0
Tanzania,TZA,1991,32720002.0,62750000.0,2280000.0,5850000.0,240000.0,410000.0,670000.0,290000.0,10000.0,129999.0,290000.0
Tanzania,TZA,1992,32689998.0,62750000.0,2320000.0,6000000.0,240000.0,420000.0,700000.0,290000.0,10000.0,140000.0,280000.0
Tanzania,TZA,1993,33080002.0,62750000.0,2360000.0,6320000.0,240000.0,470000.0,730000.0,350000.0,10000.0,200000.0,220000.0
Tanzania,TZA,1994,33150002.0,62750000.0,2410000.0,7870000.0,150000.0,460000.0,730000.0,440000.0,10000.0,540000.0,230000.0
Tanzania,TZA,1995,36480000.0,62760000.0,2580000.0,8290000.0,259999.0,460000.0,920000.0,590000.0,10000.0,680000.0,259999.0
Tanzania,TZA,1996,34660000.0,57010000.0,2720000.0,8600000.0,320000.0,500000.0,1230000.0,430000.0,10000.0,670000.0,259999.0
Tanzania,TZA,1997,34300000.0,57060000.0,2860000.0,8650000.0,280000.0,450000.0,1200000.0,480000.0,10000.0,660000.0,259999.0
Tanzania,TZA,1998,37890000.0,57780000.0,3010000.0,8920000.0,340000.0,519999.0,1420000.0,110000.0,10000.0,670000.0,250000.0
Tanzania,TZA,1999,38860000.0,56820000.0,3160000.0,9240000.0,360000.0,570000.0,1180000.0,190000.0,10000.0,760000.0,259999.0
Tanzania,TZA,2000,36130000.0,56200000.0,3320000.0,9760000.0,370000.0,600000.0,1490000.0,330000.0,10000.0,740000.0,259999.0
Tanzania,TZA,2001,36790000.0,60520000.0,3460000.0,10130000.0,400000.0,519999.0,1780000.0,160000.0,10000.0,810000.0,290000.0
Tanzania,TZA,2002,40820000.0,62250000.0,3620000.0,10570000.0,450000.0,510000.0,2240000.0,120000.0,10000.0,870000.0,310000.0
Tanzania,TZA,2003,45060000.0,66300004.0,3760000.0,11020000.0,519999.0,500000.0,2360000.0,120000.0,20000.0,960000.0,330000.0
Tanzania,TZA,2004,43720000.0,65050004.0,3940000.0,11130000.0,570000.0,630000.0,2450000.0,1250000.0,40000.0,970000.0,360000.0
Tanzania,TZA,2005,46110000.0,68660000.0,4120000.0,11660000.0,600000.0,780000.0,2820000.0,1360000.0,100000.0,1080000.0,310000.0
Tanzania,TZA,2006,43160000.0,64809996.0,4270000.0,12010000.0,610000.0,970000.0,2910000.0,1590000.0,120000.0,1120000.0,330000.0
Tanzania,TZA,2007,45490000.0,64720000.0,4430000.0,12080000.0,710000.0,730000.0,2900000.0,1390000.0,129999.0,1110000.0,300000.0
Tanzania,TZA,2008,47240000.0,65930000.0,4580000.0,12280000.0,770000.0,570000.0,3150000.0,1240000.0,129999.0,1150000.0,220000.0
Tanzania,TZA,2009,47810000.0,66920000.0,4760000.0,12570000.0,850000.0,519999.0,3080000.0,1210000.0,150000.0,1210000.0,270000.0
Tanzania,TZA,2010,50270000.0,66830000.0,4940000.0,12810000.0,1010000.0,790000.0,3610000.0,1470000.0,180000.0,1260000.0,320000.0
Tanzania,TZA,2011,52200000.0,65050004.0,5140000.0,13100000.0,1039999.0,1140000.0,4520000.0,1920000.0,200000.0,1340000.0,370000.0
Tanzania,TZA,2012,53790000.0,66339996.0,5350000.0,12680000.0,1120000.0,940000.0,5880000.0,2490000.0,230000.0,1240000.0,400000.0
Tanzania,TZA,2013,56310000.0,63290000.0,5550000.0,13190000.0,1050000.0,990000.0,6480000.0,2850000.0,240000.0,1340000.0,370000.0
Tanzania,TZA,2014,57410000.0,63000000.0,5750000.0,12970000.0,1230000.0,1620000.0,5910000.0,2420000.0,230000.0,1280000.0,410000.0
Tanzania,TZA,2015,59940000.0,65760004.0,5950000.0,13300000.0,1360000.0,2050000.0,6670000.0,3030000.0,250000.0,1340000.0,400000.0
Tanzania,TZA,2016,61820000.0,73440000.0,6170000.0,13650000.0,1740000.0,1850000.0,7800000.0,2330000.0,320000.0,1370000.0,410000.0
Tanzania,TZA,2017,61290000.0,73840000.0,6370000.0,13770000.0,1810000.0,2190000.0,7330000.0,2460000.0,330000.0,1390000.0,480000.0
Tanzania,TZA,2018,63440000.0,71090000.0,6580000.0,14040000.0,1930000.0,2230000.0,7640000.0,2590000.0,370000.0,1420000.0,519999.0
Tanzania,TZA,2019,66500000.0,70930000.0,6800000.0,14860000.0,2740000.0,4370000.0,6410000.0,3070000.0,410000.0,1590000.0,580000.0
Tanzania,TZA,2020,71310000.0,69600000.0,7050000.0,15020000.0,2750000.0,3900000.0,6200000.0,2960000.0,370000.0,1590000.0,330000.0
Tanzania,TZA,2021,73440000.0,70710000.0,7290000.0,15180000.0,2780000.0,4460000.0,7260000.0,3510000.0,420000.0,1580000.0,410000.0
Tanzania,TZA,2022,75830000.0,68690000.0,7520000.0,15340000.0,3210000.0,5020000.0,8100000.0,4200000.0,480000.0,1590000.0,500000.0
Tanzania,TZA,2023,76790000.0,67770000.0,7770000.0,15870000.0,3220000.0,4640000.0,8109999.0,4400000.0,510000.0,1620000.0,590000.0
Thailand,THA,1990,68080000.0,6610000.0,1230000.0,6440000.0,6990000.0,15040000.0,28590000.0,30760000.0,2620000.0,5640000.0,6770000.0
Thailand,THA,1991,70610000.0,6610000.0,1250000.0,6530000.0,6590000.0,16740000.0,29370000.0,37130000.0,3140000.0,5730000.0,7000000.0
Thailand,THA,1992,72200000.0,6610000.0,1410000.0,6640000.0,8900000.0,19500000.0,31190000.0,40510000.0,3350000.0,5930000.0,8490000.0
Thailand,THA,1993,72950000.0,6610000.0,1540000.0,6710000.0,12810000.0,23870000.0,36680000.0,43850000.0,3880000.0,5040000.0,8700000.0
Thailand,THA,1994,73030000.0,6610000.0,1640000.0,6790000.0,14180000.0,28180000.0,40790000.0,48370000.0,4720000.0,4930000.0,9830000.0
Thailand,THA,1995,70910000.0,6530000.0,2340000.0,6850000.0,16230000.0,32310002.0,48580000.0,52910000.0,4970000.0,4920000.0,9950000.0
Thailand,THA,1996,70090000.0,5540000.0,3050000.0,7110000.0,18320000.0,36460000.0,53090000.0,60600000.0,5860000.0,5580000.0,9580000.0
Thailand,THA,1997,71080000.0,5490000.0,3760000.0,7170000.0,20460000.0,33390000.0,52900000.0,65140000.0,6720000.0,8250000.0,10240000.0
Thailand,THA,1998,67700000.0,8120000.0,4470000.0,6920000.0,14510000.0,28570000.0,45830000.0,62490000.0,7090000.0,7910000.0,8960000.0
Thailand,THA,1999,69230000.0,6150000.0,5170000.0,7390000.0,17380000.0,31870000.0,47340000.0,62270000.0,7740000.0,8940000.0,9700000.0
Thailand,THA,2000,67510000.0,5160000.0,5880000.0,7830000.0,16690001.0,31300000.0,46260000.0,64320000.0,8790000.0,8740000.0,9850000.0
Thailand,THA,2001,68850000.0,4350000.0,6580000.0,8120000.0,19620000.0,34100000.0,47420000.0,67600000.0,9200000.0,8910000.0,10530000.0
Thailand,THA,2002,67800000.0,5560000.0,7290000.0,8250000.0,22670000.0,38310000.0,50160000.0,69720000.0,9850000.0,9480000.0,10970000.0
Thailand,THA,2003,71920000.0,5500000.0,8000000.0,8410000.0,21170000.0,38720000.0,53390000.0,72510000.0,10850000.0,10300000.0,11840000.0
Thailand,THA,2004,71350000.0,10090000.0,8710000.0,8810000.0,22700000.0,43860000.0,57320000.0,79760000.0,11370000.0,11000000.0,13680000.0
Thailand,THA,2005,72350000.0,6750000.0,9420000.0,8780000.0,25390000.0,46320000.0,57320000.0,84720000.0,12630000.0,10000000.0,14410000.0
Thailand,THA,2006,72740000.0,5510000.0,10110000.0,9030000.0,27400000.0,49110000.0,53760000.0,86430000.0,13120000.0,10400000.0,14840000.0
Thailand,THA,2007,77460000.0,8850000.0,10810000.0,9750000.0,29200000.0,41890000.0,56850000.0,96210000.0,13890000.0,10800000.0,15800000.0
Thailand,THA,2008,77080000.0,6000000.0,11530000.0,10570000.0,27630000.0,46310000.0,53240000.0,99370000.0,15010000.0,10800000.0,15210000.0
Thailand,THA,2009,80750000.0,7040000.0,12270000.0,10830000.0,27870000.0,45500000.0,56320000.0,88720000.0,14690000.0,10600000.0,14320000.0
Thailand,THA,2010,84780000.0,6770000.0,13010000.0,11970000.0,28700000.0,50810000.0,57110000.0,99490000.0,16070000.0,10700000.0,14580000.0
Thailand,THA,2011,83540000.0,4910000.0,13710000.0,12610000.0,30030000.0,44910000.0,60040000.0,99140000.0,15990000.0,11500000.0,14250000.0
Thailand,THA,2012,83110000.0,6670000.0,14430000.0,13660000.0,32189998.0,49590000.0,62140000.0,107670000.0,18730000.0,11800000.0,13390000.0
Thailand,THA,2013,80820000.0,5230000.0,15140000.0,11740000.0,33950000.0,51420000.0,61620000.0,116630000.0,19010000.0,12200000.0,14250000.0
Thailand,THA,2014,74480000.0,8229999.0,15280000.0,11410000.0,36370000.0,51260000.0,59940000.0,115230000.0,19040000.0,12200000.0,14530000.0
Thailand,THA,2015,68050000.0,6720000.0,15410000.0,10820000.0,38280000.0,58220000.0,63550000.0,112110000.0,19180000.0,12160000.0,15850000.0
Thailand,THA,2016,74330000.0,-14050000.0,15530000.0,9270000.0,41950000.0,52790000.0,67660000.0,112570000.0,19170000.0,9320000.0,16860000.0
Thailand,THA,2017,75630000.0,-13810000.0,15650000.0,9490000.0,41920000.0,54470000.0,73640000.0,108280000.0,18590000.0,8279999.0,17180000.0
Thailand,THA,2018,73490000.0,-15510000.0,15760000.0,9830000.0,42640000.0,49570000.0,74060000.0,107410000.0,18190000.0,8960000.0,18750000.0
Thailand,THA,2019,68710000.0,-12530000.0,15860000.0,9620000.0,43110000.0,55270000.0,75520000.0,110290000.0,18250000.0,9140000.0,18310000.0
Thailand,THA,2020,75060000.0,-12170000.0,15950000.0,8590000.0,43380000.0,54970000.0,74790000.0,103040000.0,16700001.0,7190000.0,8050000.0
Thailand,THA,2021,75630000.0,49100000.0,16020000.0,8279999.0,44290000.0,51990000.0,69840000.0,104370000.0,15960000.0,6930000.0,7330000.0
Thailand,THA,2022,78260000.0,46360000.0,16090000.0,8400000.0,45820000.0,56440000.0,80810000.0,106300000.0,14630000.0,6690000.0,11080000.0
Thailand,THA,2023,82600000.0,48970000.0,16180000.0,8229999.0,45760000.0,50250000.0,83370000.0,100720000.0,14270000.0,7010000.0,14170000.0
Togo,TGO,1990,1950000.0,460000.0,340000.0,580000.0,410000.0,20000.0,440000.0,70000.0,0.0,0.0,110000.0
Togo,TGO,1991,1810000.0,460000.0,350000.0,580000.0,410000.0,60000.0,330000.0,100000.0,0.0,0.0,90000.0
Togo,TGO,1992,1660000.0,460000.0,360000.0,600000.0,380000.0,10000.0,280000.0,40000.0,0.0,0.0,80000.0
Togo,TGO,1993,1630000.0,460000.0,360000.0,580000.0,390000.0,0.0,170000.0,60000.0,0.0,0.0,40000.0
Togo,TGO,1994,1600000.0,460000.0,360000.0,610000.0,330000.0,110000.0,330000.0,110000.0,0.0,0.0,80000.0
Togo,TGO,1995,1470000.0,460000.0,380000.0,640000.0,410000.0,70000.0,400000.0,60000.0,0.0,0.0,129999.0
Togo,TGO,1996,1620000.0,519999.0,390000.0,660000.0,420000.0,160000.0,670000.0,50000.0,0.0,0.0,150000.0
Togo,TGO,1997,1900000.0,550000.0,410000.0,660000.0,110000.0,100000.0,440000.0,50000.0,0.0,0.0,140000.0
Togo,TGO,1998,2260000.0,660000.0,420000.0,690000.0,380000.0,120000.0,500000.0,140000.0,0.0,0.0,180000.0
Togo,TGO,1999,1960000.0,760000.0,430000.0,820000.0,620000.0,300000.0,590000.0,90000.0,0.0,0.0,40000.0
Togo,TGO,2000,2110000.0,480000.0,450000.0,860000.0,330000.0,270000.0,440000.0,100000.0,0.0,0.0,50000.0
Togo,TGO,2001,1770000.0,450000.0,460000.0,820000.0,420000.0,210000.0,300000.0,190000.0,0.0,0.0,50000.0
Togo,TGO,2002,2010000.0,430000.0,470000.0,870000.0,530000.0,200000.0,490000.0,50000.0,0.0,0.0,50000.0
Togo,TGO,2003,2120000.0,440000.0,490000.0,960000.0,800000.0,150000.0,720000.0,40000.0,0.0,0.0,110000.0
Togo,TGO,2004,1920000.0,440000.0,500000.0,910000.0,820000.0,170000.0,660000.0,80000.0,0.0,0.0,140000.0
Togo,TGO,2005,2760000.0,460000.0,519999.0,990000.0,870000.0,90000.0,630000.0,70000.0,0.0,0.0,160000.0
Togo,TGO,2006,2370000.0,450000.0,530000.0,950000.0,790000.0,80000.0,590000.0,110000.0,0.0,0.0,120000.0
Togo,TGO,2007,2069999.0,430000.0,550000.0,970000.0,730000.0,40000.0,660000.0,90000.0,0.0,0.0,100000.0
Togo,TGO,2008,2280000.0,420000.0,570000.0,990000.0,620000.0,70000.0,890000.0,30000.0,0.0,0.0,200000.0
Togo,TGO,2009,2410000.0,420000.0,580000.0,1080000.0,720000.0,150000.0,1970000.0,40000.0,10000.0,0.0,250000.0
Togo,TGO,2010,2350000.0,420000.0,600000.0,1120000.0,750000.0,230000.0,1640000.0,70000.0,10000.0,0.0,270000.0
Togo,TGO,2011,2860000.0,430000.0,620000.0,1160000.0,830000.0,200000.0,1520000.0,20000.0,10000.0,0.0,250000.0
Togo,TGO,2012,2630000.0,420000.0,640000.0,1200000.0,820000.0,150000.0,1290000.0,60000.0,10000.0,0.0,270000.0
Togo,TGO,2013,2960000.0,420000.0,650000.0,1240000.0,690000.0,270000.0,760000.0,90000.0,10000.0,0.0,270000.0
Togo,TGO,2014,2570000.0,420000.0,670000.0,1270000.0,670000.0,290000.0,410000.0,250000.0,10000.0,0.0,259999.0
Togo,TGO,2015,3010000.0,420000.0,690000.0,1150000.0,1050000.0,30000.0,720000.0,190000.0,10000.0,0.0,100000.0
Togo,TGO,2016,2950000.0,420000.0,710000.0,1350000.0,1090000.0,120000.0,630000.0,540000.0,10000.0,0.0,170000.0
Togo,TGO,2017,2970000.0,420000.0,730000.0,1180000.0,1070000.0,80000.0,660000.0,310000.0,10000.0,0.0,200000.0
Togo,TGO,2018,3060000.0,420000.0,740000.0,1220000.0,960000.0,150000.0,1030000.0,240000.0,10000.0,0.0,210000.0
Togo,TGO,2019,3060000.0,440000.0,760000.0,1280000.0,1290000.0,160000.0,940000.0,240000.0,20000.0,0.0,180000.0
Togo,TGO,2020,3420000.0,440000.0,780000.0,1320000.0,1270000.0,150000.0,1280000.0,259999.0,20000.0,0.0,180000.0
Togo,TGO,2021,3370000.0,-410000.0,800000.0,1360000.0,1350000.0,160000.0,1300000.0,300000.0,20000.0,0.0,310000.0
Togo,TGO,2022,3840000.0,-410000.0,820000.0,1400000.0,1400000.0,180000.0,1260000.0,350000.0,20000.0,0.0,320000.0
Togo,TGO,2023,3650000.0,-420000.0,850000.0,1530000.0,1430000.0,180000.0,1320000.0,280000.0,20000.0,0.0,360000.0
Tonga,TON,1990,80000.0,0.0,30000.0,10000.0,0.0,,60000.0,20000.0,0.0,,20000.0
Tonga,TON,1991,80000.0,0.0,30000.0,10000.0,0.0,,70000.0,20000.0,0.0,,10000.0
Tonga,TON,1992,80000.0,0.0,30000.0,10000.0,0.0,,50000.0,20000.0,0.0,,10000.0
Tonga,TON,1993,80000.0,0.0,30000.0,10000.0,0.0,,60000.0,20000.0,0.0,,0.0
Tonga,TON,1994,80000.0,0.0,100000.0,10000.0,0.0,,70000.0,20000.0,0.0,,0.0
Tonga,TON,1995,70000.0,0.0,90000.0,10000.0,0.0,,70000.0,20000.0,0.0,,10000.0
Tonga,TON,1996,70000.0,0.0,90000.0,10000.0,0.0,,50000.0,20000.0,0.0,,10000.0
Tonga,TON,1997,70000.0,0.0,80000.0,10000.0,0.0,,70000.0,20000.0,0.0,,10000.0
Tonga,TON,1998,70000.0,0.0,70000.0,20000.0,0.0,,60000.0,20000.0,0.0,,10000.0
Tonga,TON,1999,80000.0,0.0,70000.0,20000.0,0.0,,70000.0,20000.0,0.0,,10000.0
Tonga,TON,2000,80000.0,0.0,60000.0,20000.0,0.0,,60000.0,30000.0,0.0,,0.0
Tonga,TON,2001,80000.0,0.0,60000.0,10000.0,0.0,,60000.0,30000.0,0.0,,0.0
Tonga,TON,2002,80000.0,0.0,50000.0,10000.0,0.0,,70000.0,30000.0,0.0,,0.0
Tonga,TON,2003,80000.0,0.0,50000.0,10000.0,0.0,,80000.0,30000.0,0.0,,0.0
Tonga,TON,2004,80000.0,0.0,50000.0,10000.0,0.0,,70000.0,30000.0,0.0,,0.0
Tonga,TON,2005,80000.0,0.0,50000.0,10000.0,0.0,,80000.0,30000.0,0.0,,10000.0
Tonga,TON,2006,80000.0,0.0,50000.0,10000.0,0.0,,90000.0,30000.0,0.0,,10000.0
Tonga,TON,2007,80000.0,0.0,30000.0,10000.0,0.0,,80000.0,30000.0,0.0,,0.0
Tonga,TON,2008,80000.0,0.0,30000.0,10000.0,0.0,,70000.0,30000.0,0.0,,0.0
Tonga,TON,2009,80000.0,0.0,30000.0,20000.0,0.0,,70000.0,40000.0,0.0,0.0,0.0
Tonga,TON,2010,80000.0,0.0,30000.0,10000.0,0.0,,80000.0,30000.0,0.0,0.0,10000.0
Tonga,TON,2011,80000.0,0.0,30000.0,10000.0,0.0,,70000.0,30000.0,0.0,,10000.0
Tonga,TON,2012,80000.0,0.0,30000.0,10000.0,0.0,,70000.0,30000.0,0.0,,10000.0
Tonga,TON,2013,80000.0,0.0,30000.0,10000.0,0.0,,80000.0,30000.0,0.0,,0.0
Tonga,TON,2014,80000.0,0.0,30000.0,10000.0,0.0,,70000.0,30000.0,0.0,,10000.0
Tonga,TON,2015,80000.0,0.0,30000.0,10000.0,0.0,,70000.0,30000.0,0.0,,20000.0
Tonga,TON,2016,80000.0,0.0,30000.0,10000.0,0.0,,100000.0,40000.0,0.0,,10000.0
Tonga,TON,2017,80000.0,0.0,20000.0,10000.0,0.0,,100000.0,40000.0,0.0,,10000.0
Tonga,TON,2018,80000.0,0.0,20000.0,10000.0,0.0,,90000.0,40000.0,0.0,,10000.0
Tonga,TON,2019,80000.0,0.0,20000.0,10000.0,0.0,,120000.0,40000.0,0.0,,0.0
Tonga,TON,2020,80000.0,0.0,20000.0,10000.0,0.0,,90000.0,40000.0,0.0,,0.0
Tonga,TON,2021,80000.0,0.0,20000.0,10000.0,0.0,,90000.0,40000.0,0.0,,0.0
Tonga,TON,2022,80000.0,0.0,20000.0,10000.0,0.0,,100000.0,50000.0,0.0,,0.0
Tonga,TON,2023,80000.0,0.0,20000.0,10000.0,0.0,,100000.0,50000.0,0.0,,0.0
Trinidad and Tobago,TTO,1990,230000.0,129999.0,770000.0,160000.0,600000.0,1710000.0,1390000.0,4710000.0,13730000.0,0.0,310000.0
Trinidad and Tobago,TTO,1991,230000.0,129999.0,330000.0,160000.0,630000.0,1240000.0,1460000.0,5020000.0,13640000.0,0.0,290000.0
Trinidad and Tobago,TTO,1992,220000.0,129999.0,340000.0,210000.0,560000.0,1270000.0,1400000.0,5310000.0,13000000.0,40000.0,370000.0
Trinidad and Tobago,TTO,1993,210000.0,129999.0,340000.0,210000.0,620000.0,1200000.0,1250000.0,5230000.0,7870000.0,40000.0,340000.0
Trinidad and Tobago,TTO,1994,200000.0,129999.0,340000.0,190000.0,620000.0,1380000.0,1320000.0,5230000.0,3400000.0,0.0,320000.0
Trinidad and Tobago,TTO,1995,200000.0,129999.0,340000.0,170000.0,630000.0,1530000.0,1370000.0,5150000.0,2820000.0,0.0,340000.0
Trinidad and Tobago,TTO,1996,230000.0,129999.0,340000.0,160000.0,660000.0,1650000.0,1420000.0,5320000.0,3430000.0,0.0,200000.0
Trinidad and Tobago,TTO,1997,220000.0,129999.0,340000.0,190000.0,690000.0,1780000.0,1550000.0,5660000.0,3100000.0,0.0,220000.0
Trinidad and Tobago,TTO,1998,210000.0,140000.0,340000.0,200000.0,670000.0,1780000.0,1600000.0,5960000.0,2970000.0,0.0,230000.0
Trinidad and Tobago,TTO,1999,210000.0,129999.0,350000.0,190000.0,710000.0,1870000.0,1610000.0,5870000.0,3300000.0,0.0,1340000.0
Trinidad and Tobago,TTO,2000,230000.0,140000.0,350000.0,500000.0,740000.0,2010000.0,1680000.0,5620000.0,3740000.0,0.0,1550000.0
Trinidad and Tobago,TTO,2001,210000.0,120000.0,350000.0,490000.0,880000.0,2560000.0,1680000.0,6480000.0,3950000.0,0.0,1580000.0
Trinidad and Tobago,TTO,2002,259999.0,120000.0,350000.0,530000.0,1120000.0,2480000.0,1730000.0,7580000.0,4380000.0,0.0,2150000.0
Trinidad and Tobago,TTO,2003,230000.0,129999.0,360000.0,470000.0,1270000.0,2740000.0,1730000.0,10120000.0,5390000.0,0.0,2210000.0
Trinidad and Tobago,TTO,2004,250000.0,120000.0,360000.0,460000.0,1410000.0,2640000.0,2100000.0,10600000.0,5630000.0,0.0,3220000.0
Trinidad and Tobago,TTO,2005,250000.0,120000.0,360000.0,430000.0,1600000.0,3100000.0,2200000.0,11370000.0,6400000.0,0.0,2720000.0
Trinidad and Tobago,TTO,2006,250000.0,120000.0,360000.0,460000.0,1840000.0,2730000.0,2690000.0,13600000.0,7260000.0,0.0,2680000.0
Trinidad and Tobago,TTO,2007,250000.0,129999.0,370000.0,460000.0,2060000.0,3590000.0,2840000.0,13000000.0,7270000.0,0.0,2710000.0
Trinidad and Tobago,TTO,2008,250000.0,120000.0,380000.0,470000.0,2260000.0,3040000.0,3070000.0,12900000.0,7270000.0,0.0,2660000.0
Trinidad and Tobago,TTO,2009,259999.0,129999.0,390000.0,500000.0,2450000.0,2580000.0,3120000.0,12380000.0,7050000.0,0.0,2600000.0
Trinidad and Tobago,TTO,2010,259999.0,129999.0,400000.0,430000.0,3030000.0,3370000.0,3280000.0,14000000.0,7110000.0,0.0,1940000.0
Trinidad and Tobago,TTO,2011,270000.0,129999.0,410000.0,390000.0,3100000.0,3280000.0,3260000.0,14720000.0,7270000.0,0.0,2160000.0
Trinidad and Tobago,TTO,2012,270000.0,129999.0,420000.0,340000.0,3000000.0,3380000.0,3190000.0,13860000.0,7510000.0,0.0,1930000.0
Trinidad and Tobago,TTO,2013,280000.0,129999.0,420000.0,420000.0,3310000.0,3420000.0,3050000.0,14550000.0,7500000.0,0.0,2540000.0
Trinidad and Tobago,TTO,2014,280000.0,129999.0,420000.0,410000.0,3530000.0,3430000.0,3430000.0,14090000.0,7270000.0,0.0,2089999.0
Trinidad and Tobago,TTO,2015,290000.0,129999.0,420000.0,430000.0,3740000.0,2930000.0,3450000.0,13900000.0,6730000.0,0.0,2360000.0
Trinidad and Tobago,TTO,2016,280000.0,129999.0,420000.0,390000.0,3850000.0,2060000.0,3100000.0,12240000.0,5840000.0,0.0,3000000.0
Trinidad and Tobago,TTO,2017,250000.0,129999.0,420000.0,390000.0,3990000.0,2110000.0,3120000.0,12120000.0,5840000.0,0.0,2370000.0
Trinidad and Tobago,TTO,2018,259999.0,120000.0,430000.0,390000.0,4139999.0,1960000.0,2560000.0,12370000.0,6030000.0,0.0,1920000.0
Trinidad and Tobago,TTO,2019,259999.0,129999.0,430000.0,380000.0,4300000.0,2040000.0,2840000.0,11470000.0,6060000.0,0.0,820000.0
Trinidad and Tobago,TTO,2020,270000.0,120000.0,430000.0,440000.0,4440000.0,1720000.0,2360000.0,10430000.0,5270000.0,0.0,450000.0
Trinidad and Tobago,TTO,2021,259999.0,120000.0,430000.0,440000.0,4670000.0,1910000.0,2280000.0,8540000.0,4780000.0,0.0,480000.0
Trinidad and Tobago,TTO,2022,270000.0,120000.0,430000.0,410000.0,4860000.0,1850000.0,2610000.0,8920000.0,4950000.0,0.0,610000.0
Trinidad and Tobago,TTO,2023,270000.0,120000.0,430000.0,490000.0,5060000.0,1840000.0,2580000.0,8830000.0,4770000.0,0.0,620000.0
Tunisia,TUN,1990,3680000.0,-860000.0,660000.0,2150000.0,3140000.0,3400000.0,2550000.0,4000000.0,3100000.0,690000.0,650000.0
Tunisia,TUN,1991,4000000.0,-860000.0,670000.0,2290000.0,3200000.0,3090000.0,2620000.0,4400000.0,2920000.0,730000.0,519999.0
Tunisia,TUN,1992,3950000.0,-860000.0,900000.0,2370000.0,3110000.0,3420000.0,2690000.0,4650000.0,3690000.0,770000.0,680000.0
Tunisia,TUN,1993,4139999.0,-860000.0,1130000.0,2680000.0,3310000.0,3090000.0,3020000.0,4710000.0,2980000.0,830000.0,760000.0
Tunisia,TUN,1994,3810000.0,-860000.0,1340000.0,2710000.0,3330000.0,2910000.0,3160000.0,4760000.0,2450000.0,910000.0,870000.0
Tunisia,TUN,1995,3740000.0,-860000.0,1520000.0,2850000.0,3270000.0,2930000.0,3260000.0,4740000.0,2380000.0,940000.0,820000.0
Tunisia,TUN,1996,4270000.0,-860000.0,1690000.0,2990000.0,3340000.0,3150000.0,3390000.0,5010000.0,2380000.0,960000.0,840000.0
Tunisia,TUN,1997,4020000.0,-860000.0,1870000.0,3130000.0,3240000.0,3160000.0,3580000.0,5400000.0,2330000.0,900000.0,940000.0
Tunisia,TUN,1998,4260000.0,-860000.0,2040000.0,3170000.0,3300000.0,3310000.0,3690000.0,5760000.0,2520000.0,950000.0,1000000.0
Tunisia,TUN,1999,4400000.0,-860000.0,2220000.0,3280000.0,3040000.0,3320000.0,3920000.0,6220000.0,2710000.0,970000.0,1050000.0
Tunisia,TUN,2000,4510000.0,-850000.0,2390000.0,3350000.0,3320000.0,3630000.0,4110000.0,6330000.0,2540000.0,1050000.0,930000.0
Tunisia,TUN,2001,4490000.0,-850000.0,2530000.0,3450000.0,3360000.0,3730000.0,4220000.0,6900000.0,2480000.0,1080000.0,880000.0
Tunisia,TUN,2002,4420000.0,-850000.0,2650000.0,3540000.0,3450000.0,3670000.0,4330000.0,6920000.0,2490000.0,970000.0,730000.0
Tunisia,TUN,2003,4410000.0,-850000.0,2770000.0,3630000.0,3730000.0,4410000.0,4470000.0,5750000.0,2390000.0,1020000.0,680000.0
Tunisia,TUN,2004,4520000.0,-850000.0,2890000.0,3880000.0,4230000.0,4640000.0,4510000.0,5910000.0,2520000.0,1060000.0,770000.0
Tunisia,TUN,2005,4660000.0,-850000.0,3000000.0,3950000.0,4179999.0,4580000.0,4680000.0,6160000.0,2620000.0,1080000.0,720000.0
Tunisia,TUN,2006,4710000.0,-850000.0,3100000.0,3790000.0,4340000.0,5020000.0,4650000.0,6660000.0,2840000.0,1039999.0,720000.0
Tunisia,TUN,2007,4840000.0,-850000.0,3210000.0,3860000.0,4610000.0,5030000.0,4900000.0,7190000.0,3240000.0,1039999.0,750000.0
Tunisia,TUN,2008,4620000.0,-850000.0,3310000.0,3930000.0,4780000.0,5040000.0,4750000.0,7270000.0,3620000.0,1140000.0,830000.0
Tunisia,TUN,2009,4800000.0,-850000.0,3400000.0,3390000.0,4850000.0,4430000.0,5830000.0,7620000.0,3520000.0,1070000.0,640000.0
Tunisia,TUN,2010,4690000.0,-850000.0,3490000.0,3150000.0,5110000.0,4630000.0,6990000.0,8450000.0,3540000.0,1060000.0,800000.0
Tunisia,TUN,2011,4710000.0,6150000.0,3580000.0,3140000.0,4250000.0,4240000.0,6520000.0,8330000.0,3970000.0,990000.0,770000.0
Tunisia,TUN,2012,4660000.0,6150000.0,3670000.0,3200000.0,4950000.0,4670000.0,6480000.0,9090000.0,4600000.0,1010000.0,920000.0
Tunisia,TUN,2013,4480000.0,6160000.0,3750000.0,3360000.0,5860000.0,4800000.0,6180000.0,9250000.0,4270000.0,1039999.0,920000.0
Tunisia,TUN,2014,4610000.0,6160000.0,3830000.0,3380000.0,5900000.0,5360000.0,6460000.0,9710000.0,4179999.0,1110000.0,870000.0
Tunisia,TUN,2015,4560000.0,6150000.0,3910000.0,3480000.0,5660000.0,5360000.0,6860000.0,9720000.0,3580000.0,1160000.0,640000.0
Tunisia,TUN,2016,4610000.0,-400000.0,3980000.0,3440000.0,5470000.0,5200000.0,7220000.0,9130000.0,3000000.0,1190000.0,680000.0
Tunisia,TUN,2017,4520000.0,-380000.0,4060000.0,3610000.0,5430000.0,5190000.0,7760000.0,9290000.0,2600000.0,1290000.0,810000.0
Tunisia,TUN,2018,4500000.0,-400000.0,4130000.0,3700000.0,5680000.0,4900000.0,7780000.0,9470000.0,2620000.0,1310000.0,920000.0
Tunisia,TUN,2019,4490000.0,-400000.0,4200000.0,3760000.0,5260000.0,4930000.0,7470000.0,9840000.0,2360000.0,1260000.0,970000.0
Tunisia,TUN,2020,4480000.0,-400000.0,4270000.0,3650000.0,6060000.0,4440000.0,7240000.0,9660000.0,2240000.0,1190000.0,340000.0
Tunisia,TUN,2021,4690000.0,90000.0,4340000.0,3770000.0,5760000.0,4850000.0,8130000.0,9870000.0,2590000.0,1260000.0,430000.0
Tunisia,TUN,2022,4510000.0,90000.0,4400000.0,3860000.0,5540000.0,4830000.0,8279999.0,9330000.0,2520000.0,1230000.0,690000.0
Tunisia,TUN,2023,4290000.0,90000.0,4460000.0,3750000.0,5630000.0,4550000.0,7860000.0,9100000.0,2110000.0,1170000.0,780000.0
Turkey,TUR,1990,44090000.0,-16930000.0,11940000.0,26810000.0,11880000.0,32910000.0,28500000.0,39460000.0,4890000.0,5940000.0,920000.0
Turkey,TUR,1991,41850000.0,-16930000.0,12190000.0,27340000.0,13360000.0,34730000.0,27180000.0,41510000.0,4610000.0,5870000.0,1130000.0
Turkey,TUR,1992,43030000.0,-16930000.0,12420000.0,29720000.0,14690000.0,33310002.0,27760000.0,44730000.0,4560000.0,6000000.0,1140000.0
Turkey,TUR,1993,43610000.0,-16930000.0,12680000.0,28780000.0,14460000.0,33300000.0,33020000.0,45120000.0,4460000.0,7260000.0,1270000.0
Turkey,TUR,1994,40890000.0,-16930000.0,12970000.0,24550000.0,14590000.0,30470000.0,32070000.0,50590000.0,4330000.0,7290000.0,1130000.0
Turkey,TUR,1995,40350000.0,-16930000.0,13340000.0,29210000.0,15500000.0,33840000.0,36020000.0,51870000.0,4360000.0,7860000.0,1380000.0
Turkey,TUR,1996,40360000.0,-16930000.0,13670000.0,29520000.0,16059999.0,42270000.0,37860000.0,57670000.0,4400000.0,8189999.0,1380000.0
Turkey,TUR,1997,40190000.0,-16930000.0,14190000.0,31000000.0,16540001.0,45730000.0,35170000.0,63220000.0,4790000.0,8130000.0,1850000.0
Turkey,TUR,1998,40300000.0,-16930000.0,14590000.0,27600000.0,16700001.0,47230000.0,32500000.0,67680000.0,5180000.0,8050000.0,2000000.0
Turkey,TUR,1999,39900000.0,-16930000.0,15100000.0,26640000.0,15950000.0,41550000.0,34110000.0,71940000.0,6280000.0,8279999.0,2380000.0
Turkey,TUR,2000,39340000.0,-16930000.0,15570000.0,28530000.0,16490000.0,58310000.0,35550000.0,75000000.0,6770000.0,8279999.0,2850000.0
Turkey,TUR,2001,36500000.0,-42960000.0,16080000.0,25130000.0,16420000.0,42610000.0,34060000.0,76630000.0,6290000.0,8250000.0,2310000.0
Turkey,TUR,2002,35910000.0,-42960000.0,16580000.0,26910000.0,17110000.0,53340000.0,35850000.0,71580000.0,5950000.0,9010000.0,4290000.0
Turkey,TUR,2003,35730000.0,-42960000.0,16980000.0,30690000.0,17770000.0,60240000.0,35880000.0,72340000.0,5700000.0,8130000.0,4680000.0
Turkey,TUR,2004,35420000.0,-42960000.0,17540000.0,33259998.0,19220000.0,58900000.0,36490000.0,73760000.0,5620000.0,9140000.0,6090000.0
Turkey,TUR,2005,36070000.0,-42960000.0,17890000.0,36670000.0,21910000.0,55220000.0,37730000.0,81200000.0,6320000.0,9220000.0,6650000.0
Turkey,TUR,2006,37060000.0,-42940000.0,18360000.0,38370000.0,24140000.0,63410000.0,42530000.0,90240000.0,6720000.0,9850000.0,6080000.0
Turkey,TUR,2007,36680000.0,-42950000.0,18610000.0,41320000.0,26330000.0,63250000.0,48390000.0,106700000.0,8810000.0,10790000.0,6160000.0
Turkey,TUR,2008,35330000.0,-42930000.0,18740000.0,54900000.0,28520000.0,37710000.0,45580000.0,114240000.0,9320000.0,14140000.0,6030000.0
Turkey,TUR,2009,37010000.0,-42960000.0,18760000.0,53010000.0,30610000.0,41810000.0,45170000.0,112260000.0,8990000.0,13460000.0,5160000.0
Turkey,TUR,2010,35830000.0,-42960000.0,19040000.0,52310000.0,34980000.0,48910000.0,44280000.0,112810000.0,9070000.0,13950000.0,4840000.0
Turkey,TUR,2011,36700000.0,-59660000.0,19410000.0,55380000.0,36890000.0,52300000.0,44900000.0,123170000.0,10010000.0,15400000.0,3990000.0
Turkey,TUR,2012,40200000.0,-59660000.0,19210000.0,57760000.0,37580000.0,54310000.0,52080000.0,126960000.0,10370000.0,11370000.0,3700000.0
Turkey,TUR,2013,44210000.0,-59660000.0,18160000.0,52060000.0,40270000.0,46660000.0,58380000.0,121050000.0,9400000.0,10780000.0,6950000.0
Turkey,TUR,2014,44810000.0,-59670000.0,17990000.0,50400000.0,41330000.0,48160000.0,62120000.0,138670000.0,11280000.0,11410000.0,11100000.0
Turkey,TUR,2015,45630000.0,-59670000.0,18660000.0,55190000.0,40760000.0,50800000.0,73880000.0,133880008.0,5980000.0,8910000.0,13470000.0
Turkey,TUR,2016,47500000.0,10230000.0,18200000.0,56050000.0,43880000.0,51260000.0,80620000.0,146590000.0,9450000.0,8109999.0,13120000.0
Turkey,TUR,2017,47170000.0,10240000.0,17690000.0,60910000.0,45940000.0,69040000.0,84370000.0,158590000.0,7330000.0,9500000.0,13410000.0
Turkey,TUR,2018,51240000.0,10230000.0,18090000.0,51510000.0,46260000.0,73010000.0,84920000.0,159110000.0,8390000.0,9560000.0,14380000.0
Turkey,TUR,2019,53610000.0,10260000.0,17510000.0,57960000.0,40030000.0,67380000.0,85090000.0,149370000.0,10640000.0,9890000.0,16150000.0
Turkey,TUR,2020,58150000.0,10260000.0,17710000.0,62450000.0,49310000.0,73610000.0,80340000.0,142660000.0,9400000.0,10320000.0,7360000.0
Turkey,TUR,2021,57030000.0,-6750000.0,15880000.0,62840000.0,53380000.0,81730000.0,91140000.0,158350000.0,11180000.0,10090000.0,9920000.0
Turkey,TUR,2022,54050000.0,-6900000.0,15940000.0,62720000.0,49340000.0,74210000.0,91830000.0,154490000.0,10370000.0,10080000.0,14000000.0
Turkey,TUR,2023,54700000.0,-6900000.0,16090000.0,60170000.0,48050000.0,74340000.0,99090000.0,152320000.0,10290000.0,10050000.0,15410000.0
Turkmenistan,TKM,1990,6340000.0,-40000.0,390000.0,8690000.0,180000.0,730000.0,9930000.0,13080000.0,102500000.0,12450000.0,770000.0
Turkmenistan,TKM,1991,6130000.0,-40000.0,400000.0,7350000.0,200000.0,660000.0,8890000.0,11690000.0,102270000.0,9400000.0,1030000.0
Turkmenistan,TKM,1992,4030000.0,-40000.0,410000.0,2770000.0,650000.0,330000.0,6970000.0,5910000.0,68420000.0,11860000.0,930000.0
Turkmenistan,TKM,1993,4810000.0,-40000.0,420000.0,4780000.0,690000.0,470000.0,7160000.0,8310000.0,80090000.0,5600000.0,680000.0
Turkmenistan,TKM,1994,4950000.0,-40000.0,860000.0,10500000.0,519999.0,640000.0,4320000.0,11220000.0,50920000.0,6050000.0,670000.0
Turkmenistan,TKM,1995,5140000.0,-40000.0,820000.0,11220000.0,400000.0,670000.0,4050000.0,11820000.0,50680000.0,5630000.0,620000.0
Turkmenistan,TKM,1996,5280000.0,-40000.0,770000.0,8610000.0,410000.0,540000.0,4560000.0,9600000.0,51700000.0,6340000.0,700000.0
Turkmenistan,TKM,1997,4850000.0,-40000.0,730000.0,10190000.0,410000.0,550000.0,2740000.0,9820000.0,35080000.0,6580000.0,790000.0
Turkmenistan,TKM,1998,4660000.0,-40000.0,680000.0,9850000.0,350000.0,519999.0,3340000.0,9360000.0,36510000.0,7500000.0,930000.0
Turkmenistan,TKM,1999,5360000.0,-40000.0,640000.0,11580000.0,350000.0,640000.0,4240000.0,11420000.0,50340000.0,7890000.0,1010000.0
Turkmenistan,TKM,2000,6150000.0,-40000.0,590000.0,7670000.0,360000.0,650000.0,6600000.0,14140000.0,74270000.0,7790000.0,990000.0
Turkmenistan,TKM,2001,6540000.0,-220000.0,740000.0,7370000.0,380000.0,530000.0,6710000.0,14970000.0,75940000.0,7890000.0,1000000.0
Turkmenistan,TKM,2002,7460000.0,-220000.0,890000.0,7270000.0,430000.0,380000.0,7670000.0,15310000.0,81960000.0,8770000.0,1140000.0
Turkmenistan,TKM,2003,8550000.0,-220000.0,1039999.0,9010000.0,450000.0,590000.0,8319999.0,16000000.0,92520000.0,9850000.0,1300000.0
Turkmenistan,TKM,2004,9080000.0,-220000.0,1190000.0,10060000.0,500000.0,810000.0,8400000.0,17340000.0,96910000.0,10220000.0,1300000.0
Turkmenistan,TKM,2005,9660000.0,-220000.0,1170000.0,10210000.0,670000.0,780000.0,8900000.0,18620000.0,99310000.0,9880000.0,1360000.0
Turkmenistan,TKM,2006,10450000.0,-220000.0,1150000.0,10790000.0,870000.0,820000.0,8850000.0,19360000.0,97940000.0,9670000.0,1270000.0
Turkmenistan,TKM,2007,9900000.0,-220000.0,1130000.0,14380000.0,920000.0,800000.0,9720000.0,21100000.0,104950000.0,10260000.0,1360000.0
Turkmenistan,TKM,2008,10770000.0,-220000.0,1110000.0,13500000.0,1050000.0,1050000.0,9680000.0,22280000.0,110550000.0,10220000.0,1430000.0
Turkmenistan,TKM,2009,10320000.0,-220000.0,1090000.0,13380000.0,1140000.0,1480000.0,7370000.0,18730000.0,72980000.0,9250000.0,1490000.0
Turkmenistan,TKM,2010,10470000.0,-220000.0,1070000.0,15390000.0,1190000.0,1530000.0,8430000.0,21590000.0,81070000.0,10280000.0,1640000.0
Turkmenistan,TKM,2011,10260000.0,0.0,570000.0,15960000.0,1490000.0,1880000.0,10140000.0,22280000.0,109340000.0,11050000.0,1490000.0
Turkmenistan,TKM,2012,10800000.0,0.0,590000.0,15830000.0,1660000.0,1840000.0,10560000.0,22190000.0,116670000.0,11530000.0,1290000.0
Turkmenistan,TKM,2013,11430000.0,0.0,600000.0,14120000.0,1710000.0,1110000.0,11300000.0,20320000.0,127180000.0,11440000.0,1410000.0
Turkmenistan,TKM,2014,11670000.0,0.0,610000.0,13150000.0,1950000.0,680000.0,12360000.0,19200000.0,125140000.0,11290000.0,1460000.0
Turkmenistan,TKM,2015,12240000.0,0.0,620000.0,16559999.0,2220000.0,860000.0,11510000.0,20900000.0,125930000.0,11140000.0,1350000.0
Turkmenistan,TKM,2016,12030000.0,0.0,640000.0,16350000.0,2330000.0,850000.0,11200000.0,21430000.0,120480000.0,10520000.0,940000.0
Turkmenistan,TKM,2017,11980000.0,0.0,650000.0,16150000.0,2400000.0,840000.0,11560000.0,25840000.0,119000000.0,11090000.0,890000.0
Turkmenistan,TKM,2018,12110000.0,0.0,660000.0,18430000.0,2089999.0,960000.0,11230000.0,26930000.0,119580000.0,10770000.0,1030000.0
Turkmenistan,TKM,2019,12060000.0,0.0,670000.0,17710000.0,2010000.0,940000.0,11120000.0,25270000.0,151150000.0,11440000.0,960000.0
Turkmenistan,TKM,2020,13040000.0,0.0,680000.0,16430000.0,1850000.0,1160000.0,10920000.0,23280000.0,106700000.0,11770000.0,200000.0
Turkmenistan,TKM,2021,12520000.0,0.0,690000.0,17590000.0,1900000.0,15510000.0,10890000.0,27140000.0,112170000.0,11870000.0,100000.0
Turkmenistan,TKM,2022,13110000.0,0.0,700000.0,17940000.0,1950000.0,15820000.0,11080000.0,27650000.0,112810000.0,12070000.0,270000.0
Turkmenistan,TKM,2023,13160000.0,0.0,710000.0,17770000.0,1960000.0,16299999.0,11170000.0,28490000.0,136650000.0,12020000.0,440000.0
Tuvalu,TUV,1990,10000.0,0.0,0.0,0.0,0.0,,0.0,0.0,0.0,0.0,0.0
Tuvalu,TUV,1991,10000.0,0.0,0.0,0.0,0.0,,0.0,0.0,0.0,0.0,0.0
Tuvalu,TUV,1992,10000.0,0.0,0.0,0.0,0.0,,0.0,0.0,0.0,0.0,0.0
Tuvalu,TUV,1993,10000.0,0.0,0.0,0.0,0.0,,0.0,0.0,0.0,0.0,0.0
Tuvalu,TUV,1994,10000.0,0.0,0.0,0.0,0.0,,0.0,0.0,0.0,0.0,0.0
Tuvalu,TUV,1995,10000.0,0.0,0.0,0.0,0.0,,0.0,0.0,0.0,0.0,0.0
Tuvalu,TUV,1996,10000.0,0.0,0.0,0.0,0.0,,0.0,0.0,0.0,0.0,0.0
Tuvalu,TUV,1997,10000.0,0.0,0.0,0.0,0.0,,0.0,0.0,0.0,0.0,0.0
Tuvalu,TUV,1998,10000.0,0.0,0.0,0.0,0.0,,0.0,0.0,0.0,0.0,0.0
Tuvalu,TUV,1999,10000.0,0.0,0.0,0.0,0.0,,0.0,0.0,0.0,0.0,0.0
Tuvalu,TUV,2000,10000.0,0.0,0.0,0.0,0.0,,0.0,0.0,0.0,0.0,0.0
Tuvalu,TUV,2001,10000.0,0.0,0.0,0.0,0.0,,0.0,0.0,0.0,0.0,0.0
Tuvalu,TUV,2002,10000.0,0.0,0.0,0.0,0.0,,10000.0,0.0,0.0,0.0,0.0
Tuvalu,TUV,2003,10000.0,0.0,0.0,0.0,0.0,,0.0,0.0,0.0,0.0,0.0
Tuvalu,TUV,2004,10000.0,0.0,0.0,0.0,0.0,,10000.0,0.0,0.0,0.0,0.0
Tuvalu,TUV,2005,10000.0,0.0,0.0,0.0,0.0,,10000.0,0.0,0.0,0.0,0.0
Tuvalu,TUV,2006,10000.0,0.0,0.0,0.0,0.0,,10000.0,0.0,0.0,0.0,0.0
Tuvalu,TUV,2007,10000.0,0.0,0.0,0.0,0.0,,10000.0,0.0,0.0,0.0,0.0
Tuvalu,TUV,2008,10000.0,0.0,0.0,0.0,0.0,,0.0,0.0,0.0,0.0,0.0
Tuvalu,TUV,2009,10000.0,0.0,0.0,0.0,0.0,,10000.0,0.0,0.0,0.0,0.0
Tuvalu,TUV,2010,10000.0,0.0,0.0,0.0,0.0,,0.0,0.0,0.0,0.0,0.0
Tuvalu,TUV,2011,10000.0,0.0,0.0,0.0,0.0,,10000.0,0.0,0.0,0.0,0.0
Tuvalu,TUV,2012,10000.0,0.0,0.0,0.0,0.0,,0.0,0.0,0.0,0.0,0.0
Tuvalu,TUV,2013,10000.0,0.0,0.0,0.0,0.0,,0.0,0.0,0.0,0.0,0.0
Tuvalu,TUV,2014,10000.0,0.0,0.0,0.0,0.0,,0.0,0.0,0.0,0.0,0.0
Tuvalu,TUV,2015,10000.0,0.0,0.0,0.0,0.0,,0.0,0.0,0.0,0.0,0.0
Tuvalu,TUV,2016,10000.0,0.0,0.0,0.0,0.0,,0.0,0.0,0.0,0.0,0.0
Tuvalu,TUV,2017,10000.0,0.0,0.0,0.0,0.0,,0.0,0.0,0.0,0.0,0.0
Tuvalu,TUV,2018,10000.0,0.0,0.0,0.0,0.0,,0.0,0.0,0.0,0.0,0.0
Tuvalu,TUV,2019,10000.0,0.0,0.0,0.0,0.0,,0.0,10000.0,0.0,0.0,0.0
Tuvalu,TUV,2020,10000.0,0.0,0.0,0.0,0.0,,0.0,10000.0,0.0,0.0,0.0
Tuvalu,TUV,2021,10000.0,0.0,0.0,0.0,0.0,,0.0,10000.0,0.0,0.0,0.0
Tuvalu,TUV,2022,10000.0,0.0,0.0,0.0,0.0,,0.0,10000.0,0.0,0.0,0.0
Tuvalu,TUV,2023,10000.0,0.0,0.0,0.0,0.0,,0.0,10000.0,0.0,0.0,0.0
Uganda,UGA,1990,10760000.0,33980000.0,200000.0,4760000.0,20000.0,180000.0,610000.0,0.0,0.0,20000.0,50000.0
Uganda,UGA,1991,11160000.0,33980000.0,200000.0,4890000.0,30000.0,180000.0,630000.0,0.0,0.0,10000.0,50000.0
Uganda,UGA,1992,11350000.0,33980000.0,230000.0,5040000.0,30000.0,190000.0,630000.0,0.0,0.0,20000.0,60000.0
Uganda,UGA,1993,11670000.0,33980000.0,259999.0,5130000.0,30000.0,210000.0,620000.0,0.0,0.0,10000.0,60000.0
Uganda,UGA,1994,11350000.0,33980000.0,280000.0,5240000.0,20000.0,190000.0,570000.0,0.0,0.0,10000.0,60000.0
Uganda,UGA,1995,11600000.0,34010000.0,420000.0,5320000.0,40000.0,240000.0,740000.0,0.0,0.0,10000.0,60000.0
Uganda,UGA,1996,12070000.0,34150000.0,560000.0,5460000.0,90000.0,259999.0,760000.0,0.0,0.0,10000.0,60000.0
Uganda,UGA,1997,12770000.0,34630000.0,690000.0,5550000.0,100000.0,280000.0,790000.0,0.0,0.0,10000.0,40000.0
Uganda,UGA,1998,13730000.0,34810000.0,830000.0,5610000.0,110000.0,320000.0,900000.0,0.0,0.0,10000.0,90000.0
Uganda,UGA,1999,13070000.0,35140000.0,970000.0,5650000.0,120000.0,340000.0,910000.0,0.0,0.0,10000.0,100000.0
Uganda,UGA,2000,13210000.0,34600000.0,1110000.0,5730000.0,120000.0,320000.0,930000.0,0.0,0.0,10000.0,110000.0
Uganda,UGA,2001,13260000.0,18200000.0,1200000.0,5830000.0,140000.0,310000.0,940000.0,0.0,0.0,10000.0,110000.0
Uganda,UGA,2002,13800000.0,18140000.0,1280000.0,6060000.0,160000.0,390000.0,950000.0,0.0,0.0,10000.0,120000.0
Uganda,UGA,2003,15320000.0,18170000.0,1370000.0,6200000.0,160000.0,440000.0,980000.0,0.0,0.0,20000.0,120000.0
Uganda,UGA,2004,15210000.0,18140000.0,1440000.0,6330000.0,170000.0,460000.0,1010000.0,10000.0,0.0,20000.0,120000.0
Uganda,UGA,2005,16719999.0,18160000.0,1520000.0,6590000.0,180000.0,620000.0,1039999.0,60000.0,0.0,20000.0,120000.0
Uganda,UGA,2006,14930000.0,18120000.0,1600000.0,6710000.0,190000.0,630000.0,1150000.0,320000.0,0.0,20000.0,120000.0
Uganda,UGA,2007,17130000.0,18110000.0,1690000.0,6830000.0,170000.0,770000.0,1220000.0,450000.0,0.0,140000.0,240000.0
Uganda,UGA,2008,23340000.0,18140000.0,1780000.0,7000000.0,210000.0,810000.0,1410000.0,500000.0,10000.0,70000.0,250000.0
Uganda,UGA,2009,23140000.0,18100000.0,1870000.0,7250000.0,230000.0,830000.0,1560000.0,710000.0,10000.0,140000.0,259999.0
Uganda,UGA,2010,24570000.0,18100000.0,1960000.0,7460000.0,360000.0,900000.0,1310000.0,800000.0,10000.0,140000.0,270000.0
Uganda,UGA,2011,24290000.0,18110000.0,2040000.0,7800000.0,430000.0,950000.0,1680000.0,770000.0,10000.0,90000.0,390000.0
Uganda,UGA,2012,25760000.0,18160000.0,2120000.0,8080000.0,460000.0,1039999.0,2100000.0,240000.0,10000.0,120000.0,430000.0
Uganda,UGA,2013,25690000.0,18120000.0,2200000.0,8470000.0,400000.0,1120000.0,2250000.0,30000.0,10000.0,120000.0,430000.0
Uganda,UGA,2014,26480000.0,18150000.0,2270000.0,8710000.0,430000.0,1220000.0,2500000.0,110000.0,10000.0,140000.0,480000.0
Uganda,UGA,2015,28090000.0,18140000.0,2340000.0,9180000.0,390000.0,1470000.0,2810000.0,90000.0,10000.0,170000.0,330000.0
Uganda,UGA,2016,29010000.0,37430000.0,2420000.0,9440000.0,420000.0,1440000.0,3020000.0,100000.0,10000.0,190000.0,310000.0
Uganda,UGA,2017,28820000.0,37460000.0,2510000.0,9580000.0,420000.0,1510000.0,3190000.0,90000.0,10000.0,330000.0,320000.0
Uganda,UGA,2018,29660000.0,37440000.0,2600000.0,9690000.0,430000.0,1640000.0,3480000.0,270000.0,10000.0,490000.0,350000.0
Uganda,UGA,2019,29270000.0,37510000.0,2710000.0,9540000.0,510000.0,1670000.0,3610000.0,120000.0,10000.0,510000.0,350000.0
Uganda,UGA,2020,30420000.0,37420000.0,2820000.0,10080000.0,620000.0,1700000.0,3480000.0,100000.0,10000.0,500000.0,180000.0
Uganda,UGA,2021,30940000.0,11340000.0,2920000.0,10490000.0,750000.0,1880000.0,3870000.0,110000.0,10000.0,560000.0,259999.0
Uganda,UGA,2022,31000000.0,11340000.0,3030000.0,10860000.0,720000.0,1860000.0,3810000.0,129999.0,10000.0,530000.0,320000.0
Uganda,UGA,2023,30770000.0,11340000.0,3130000.0,11230000.0,720000.0,2079999.0,4210000.0,160000.0,10000.0,590000.0,420000.0
Ukraine,UKR,1990,99040000.0,-39370000.0,13460000.0,57040000.0,8580000.0,195520000.0,56350000.0,357450016.0,180500000.0,27160000.0,6220000.0
Ukraine,UKR,1991,95760000.0,-39370000.0,13470000.0,46850000.0,7410000.0,197270000.0,67790000.0,319720000.0,159710000.0,24320000.0,5610000.0
Ukraine,UKR,1992,86760000.0,-39260000.0,13420000.0,52760000.0,15260000.0,189130000.0,41900000.0,273120000.0,150370000.0,12420000.0,2200000.0
Ukraine,UKR,1993,80500000.0,-39260000.0,13330000.0,56950000.0,11830000.0,133119992.0,36240000.0,260299984.0,130570008.0,9900000.0,940000.0
Ukraine,UKR,1994,77150000.0,-39270000.0,13050000.0,54520000.0,9430000.0,97500000.0,32960000.0,220550000.0,110940000.0,8109999.0,580000.0
Ukraine,UKR,1995,70900000.0,-39180000.0,13040000.0,55370000.0,7040000.0,98370000.0,34060000.0,204260000.0,99750000.0,6680000.0,480000.0
Ukraine,UKR,1996,63180000.0,-39320000.0,12930000.0,57950000.0,6030000.0,87370000.0,30800000.0,165100000.0,87040000.0,5000000.0,890000.0
Ukraine,UKR,1997,57380000.0,-39360000.0,12870000.0,49260000.0,6650000.0,83570000.0,36730000.0,153310000.0,87100000.0,5270000.0,870000.0
Ukraine,UKR,1998,49470000.0,-39330000.0,12850000.0,43270000.0,6440000.0,79140000.0,34330000.0,147280000.0,86090000.0,4660000.0,660000.0
Ukraine,UKR,1999,45900000.0,-39480000.0,12820000.0,46420000.0,6390000.0,81170000.0,28710000.0,145040000.0,90810000.0,3840000.0,890000.0
Ukraine,UKR,2000,43110000.0,-39570000.0,12880000.0,44430000.0,6560000.0,80940000.0,27510000.0,140260000.0,91790000.0,3900000.0,790000.0
Ukraine,UKR,2001,40440000.0,-15080000.0,13010000.0,43140000.0,8400000.0,88320000.0,29110000.0,135620000.0,91730000.0,3780000.0,760000.0
Ukraine,UKR,2002,40960000.0,-15130000.0,13120000.0,44360000.0,11000000.0,88920000.0,30380000.0,135410000.0,91470000.0,4060000.0,910000.0
Ukraine,UKR,2003,39600000.0,-15250000.0,13210000.0,41740000.0,13520000.0,98020000.0,29810000.0,154510000.0,90490000.0,4220000.0,1120000.0
Ukraine,UKR,2004,36110000.0,-15470000.0,13410000.0,42290000.0,15540000.0,96560000.0,31860000.0,128640000.0,90530000.0,5160000.0,1130000.0
Ukraine,UKR,2005,33730000.0,-15420000.0,13560000.0,38420000.0,15440000.0,75440000.0,31290000.0,138710000.0,90720000.0,8400000.0,1130000.0
Ukraine,UKR,2006,32860000.0,-15510000.0,13750000.0,44190000.0,16100000.0,82020000.0,30950000.0,138390000.0,88740000.0,4660000.0,1010000.0
Ukraine,UKR,2007,32300000.0,-15580000.0,14000000.0,39230000.0,17950000.0,84090000.0,40790000.0,139620000.0,91690000.0,4220000.0,860000.0
Ukraine,UKR,2008,32570000.0,-15680000.0,13850000.0,39010000.0,14860000.0,75750000.0,40760000.0,136900000.0,90650000.0,4440000.0,790000.0
Ukraine,UKR,2009,29980000.0,-15620000.0,13750000.0,35650000.0,6850000.0,56330000.0,34150000.0,120380000.0,81680000.0,4159999.0,730000.0
Ukraine,UKR,2010,30030000.0,-15670000.0,13900000.0,37560000.0,8790000.0,61460000.0,34650000.0,129670000.0,84290000.0,4330000.0,830000.0
Ukraine,UKR,2011,30970000.0,-7980000.0,13890000.0,38850000.0,13860000.0,65300004.0,34390000.0,137820000.0,91470000.0,4830000.0,740000.0
Ukraine,UKR,2012,30380000.0,-7960000.0,13820000.0,37950000.0,12150000.0,60650000.0,31950000.0,140330000.0,90080000.0,4660000.0,920000.0
Ukraine,UKR,2013,32290000.0,-7900000.0,14080000.0,37440000.0,8760000.0,57080000.0,32029998.0,136790000.0,90220000.0,4880000.0,380000.0
Ukraine,UKR,2014,31530000.0,-7800000.0,13820000.0,31920000.0,7780000.0,55710000.0,27490000.0,115960000.0,70280000.0,4430000.0,400000.0
Ukraine,UKR,2015,29620000.0,-7740000.0,13740000.0,24330000.0,7020000.0,41880000.0,23560000.0,94600000.0,50280000.0,4360000.0,370000.0
Ukraine,UKR,2016,30260000.0,-13810000.0,13950000.0,26380000.0,7870000.0,37750000.0,24820000.0,105360000.0,48950000.0,4870000.0,480000.0
Ukraine,UKR,2017,30730000.0,-13820000.0,13880000.0,25080000.0,9450000.0,31500000.0,25900000.0,86320000.0,38950000.0,3910000.0,780000.0
Ukraine,UKR,2018,30700000.0,-13750000.0,13820000.0,27010000.0,13410000.0,35720000.0,25630000.0,91000000.0,40870000.0,3950000.0,930000.0
Ukraine,UKR,2019,30760000.0,-13670000.0,13820000.0,22130000.0,15340000.0,35460000.0,27200000.0,83130000.0,39570000.0,4139999.0,380000.0
Ukraine,UKR,2020,30920000.0,-13560000.0,13570000.0,21330000.0,15830000.0,35280000.0,22170000.0,80770000.0,36490000.0,3460000.0,100000.0
Ukraine,UKR,2021,31360000.0,7510000.0,13320000.0,20530000.0,16790000.0,33870000.0,26000000.0,77190000.0,29980000.0,3690000.0,170000.0
Ukraine,UKR,2022,25590000.0,7600000.0,4280000.0,15840000.0,15480000.0,11550000.0,1660000.0,51180000.0,25830000.0,22300000.0,310000.0
Ukraine,UKR,2023,23200000.0,7560000.0,3960000.0,15270000.0,15590000.0,12040000.0,1850000.0,52240000.0,23900000.0,23650000.0,200000.0
United Arab Emirates,ARE,1990,550000.0,-10000.0,1030000.0,4470000.0,2340000.0,22520000.0,11530000.0,13630000.0,25510000.0,0.0,29340000.0
United Arab Emirates,ARE,1991,610000.0,-10000.0,1050000.0,4510000.0,2650000.0,29170000.0,11860000.0,13890000.0,26690000.0,0.0,40330000.0
United Arab Emirates,ARE,1992,670000.0,-10000.0,1730000.0,4490000.0,2810000.0,25400000.0,12050000.0,14900000.0,27350000.0,10000.0,40190000.0
United Arab Emirates,ARE,1993,720000.0,-10000.0,2410000.0,4510000.0,2870000.0,25390000.0,12860000.0,17150000.0,28160000.0,10000.0,41020000.0
United Arab Emirates,ARE,1994,790000.0,-10000.0,3090000.0,4650000.0,3350000.0,29640000.0,12740000.0,18840000.0,30680000.0,10000.0,44190000.0
United Arab Emirates,ARE,1995,840000.0,-10000.0,3150000.0,5610000.0,3760000.0,30800000.0,13390000.0,20160000.0,30910000.0,10000.0,44090000.0
United Arab Emirates,ARE,1996,900000.0,-10000.0,3210000.0,6900000.0,3870000.0,31120000.0,13560000.0,21490000.0,32200000.0,0.0,43450000.0
United Arab Emirates,ARE,1997,940000.0,-10000.0,3280000.0,7230000.0,3870000.0,33009998.0,13490000.0,23230000.0,31680000.0,0.0,44140000.0
United Arab Emirates,ARE,1998,1000000.0,-10000.0,3340000.0,7310000.0,4670000.0,32380002.0,13480000.0,25540000.0,30830000.0,0.0,43940000.0
United Arab Emirates,ARE,1999,1060000.0,-10000.0,3400000.0,7080000.0,4860000.0,31900000.0,13870000.0,28150000.0,28980000.0,0.0,42110000.0
United Arab Emirates,ARE,2000,1100000.0,-10000.0,3470000.0,7620000.0,4440000.0,26430000.0,15190000.0,31000000.0,31000000.0,0.0,40010000.0
United Arab Emirates,ARE,2001,1150000.0,-90000.0,4700000.0,10030000.0,4290000.0,32119998.0,16670000.0,34370000.0,30710000.0,0.0,37750000.0
United Arab Emirates,ARE,2002,1250000.0,-90000.0,5930000.0,12610000.0,5030000.0,25400000.0,19210000.0,37990000.0,28510000.0,0.0,35640000.0
United Arab Emirates,ARE,2003,1320000.0,-90000.0,7160000.0,13360000.0,5050000.0,22770000.0,21360000.0,41990000.0,31640000.0,0.0,40220000.0
United Arab Emirates,ARE,2004,1320000.0,-90000.0,8390000.0,14970000.0,5850000.0,19120000.0,21560000.0,50050000.0,32189998.0,10000.0,45490000.0
United Arab Emirates,ARE,2005,1460000.0,-90000.0,9620000.0,16379999.0,6160000.0,18780000.0,23270000.0,53450000.0,34080000.0,10000.0,47060000.0
United Arab Emirates,ARE,2006,1510000.0,-90000.0,9990000.0,16850000.0,7600000.0,17460000.0,24470000.0,57040000.0,35740000.0,10000.0,51580000.0
United Arab Emirates,ARE,2007,1580000.0,-90000.0,10360000.0,18510000.0,9020000.0,24210000.0,25150000.0,57110000.0,34980000.0,10000.0,56500000.0
United Arab Emirates,ARE,2008,1670000.0,-90000.0,10730000.0,19400000.0,11200000.0,32869998.0,26770000.0,68300000.0,35410000.0,10000.0,59230000.0
United Arab Emirates,ARE,2009,1860000.0,-90000.0,11100000.0,20040000.0,9870000.0,39470000.0,29500000.0,59390000.0,32419998.0,10000.0,51390000.0
United Arab Emirates,ARE,2010,1690000.0,-90000.0,11470000.0,19950000.0,9660000.0,41330000.0,30790000.0,60940000.0,33529998.0,10000.0,54590000.0
United Arab Emirates,ARE,2011,1690000.0,-70000.0,11840000.0,20550000.0,8370000.0,44880000.0,30820000.0,62210000.0,36720000.0,10000.0,57870000.0
United Arab Emirates,ARE,2012,1680000.0,-70000.0,12210000.0,21460000.0,8010000.0,46960000.0,31530000.0,64420000.0,38060000.0,10000.0,60040000.0
United Arab Emirates,ARE,2013,1830000.0,-70000.0,12580000.0,22720000.0,8290000.0,48170000.0,35580000.0,64710000.0,40270000.0,10000.0,60890000.0
United Arab Emirates,ARE,2014,1940000.0,-70000.0,12950000.0,23280000.0,10340000.0,42840000.0,36520000.0,67870000.0,38710000.0,10000.0,65199996.0
United Arab Emirates,ARE,2015,2020000.0,-70000.0,12680000.0,23510000.0,10400000.0,53080000.0,31720000.0,72380000.0,40950000.0,10000.0,75670000.0
United Arab Emirates,ARE,2016,2030000.0,-60000.0,12410000.0,23420000.0,9070000.0,55670000.0,35570000.0,72650000.0,42140000.0,10000.0,79370000.0
United Arab Emirates,ARE,2017,2069999.0,-60000.0,12140000.0,22660000.0,9390000.0,43590000.0,38690000.0,74180000.0,40450000.0,10000.0,76820000.0
United Arab Emirates,ARE,2018,2079999.0,-60000.0,11880000.0,22490000.0,9420000.0,27670000.0,38720000.0,73260000.0,41080000.0,10000.0,75530000.0
United Arab Emirates,ARE,2019,2100000.0,-60000.0,11610000.0,22200000.0,9100000.0,44020000.0,36770000.0,72410000.0,42570000.0,10000.0,75650000.0
United Arab Emirates,ARE,2020,2140000.0,-60000.0,11340000.0,21900000.0,8730000.0,48750000.0,31550000.0,70740000.0,40550000.0,10000.0,66019996.0
United Arab Emirates,ARE,2021,2210000.0,-70000.0,11070000.0,22200000.0,8920000.0,45360000.0,34980000.0,73080000.0,39160000.0,10000.0,70620000.0
United Arab Emirates,ARE,2022,2230000.0,-70000.0,11490000.0,16970000.0,9190000.0,53960000.0,36590000.0,67850000.0,44450000.0,10000.0,79680000.0
United Arab Emirates,ARE,2023,2260000.0,-70000.0,11890000.0,17600000.0,9380000.0,66500000.0,39040000.0,62350000.0,44460000.0,10000.0,86660000.0
United Kingdom,GBR,1990,66019996.0,12690000.0,70800000.0,97330000.0,56730000.0,77190000.0,118200000.0,248060000.0,15230000.0,14060000.0,27190000.0
United Kingdom,GBR,1991,64559996.0,12690000.0,71480000.0,105790000.0,56380000.0,79230000.0,117570000.0,246370000.0,14750000.0,16740000.0,25840000.0
United Kingdom,GBR,1992,63840000.0,12690000.0,71640000.0,102920000.0,52430000.0,70820000.0,119060000.0,245860000.0,15390000.0,14230000.0,27460000.0
United Kingdom,GBR,1993,63600000.0,12690000.0,72260000.0,105360000.0,50220000.0,71810000.0,120230000.0,224560000.0,16639999.0,14180000.0,28520000.0
United Kingdom,GBR,1994,64360000.0,12680000.0,72880000.0,106940000.0,52360000.0,72810000.0,120560000.0,218730000.0,18910000.0,9400000.0,28510000.0
United Kingdom,GBR,1995,63680000.0,12670000.0,74060000.0,102630000.0,52670000.0,69430000.0,119450000.0,216180000.0,20900000.0,10970000.0,30080000.0
United Kingdom,GBR,1996,64489996.0,12590000.0,74310000.0,113780000.0,54020000.0,68270000.0,124060000.0,223470000.0,19690000.0,9210000.0,31850000.0
United Kingdom,GBR,1997,63240000.0,12280000.0,74250000.0,105400000.0,57630000.0,67070000.0,125130000.0,211140000.0,19990000.0,7950000.0,33820000.0
United Kingdom,GBR,1998,62880000.0,12280000.0,73000000.0,107030000.0,51250000.0,63720000.0,124340000.0,216180000.0,19250000.0,7950000.0,36620000.0
United Kingdom,GBR,1999,62300000.0,12240000.0,69780000.0,103160000.0,28080000.0,62630000.0,128000000.0,215260000.0,19450000.0,7710000.0,36300000.0
United Kingdom,GBR,2000,59880000.0,12170000.0,66850000.0,102900000.0,24570000.0,62490000.0,126140000.0,225770000.0,18790000.0,7850000.0,38050000.0
United Kingdom,GBR,2001,56670000.0,12440000.0,64930000.0,106150000.0,23540000.0,66129996.0,125050000.0,234750000.0,18260000.0,7780000.0,37930000.0
United Kingdom,GBR,2002,55880000.0,12400000.0,63660000.0,101550000.0,22250000.0,61670000.0,126340000.0,230230000.0,17500000.0,5910000.0,36680000.0
United Kingdom,GBR,2003,55530000.0,12370000.0,59610000.0,101830000.0,22470000.0,61310000.0,127710000.0,241610000.0,16970000.0,5410000.0,36920000.0
United Kingdom,GBR,2004,55490000.0,12320000.0,54730000.0,104870000.0,20710000.0,58300000.0,129119992.0,239540000.0,16309999.0,5910000.0,40370000.0
United Kingdom,GBR,2005,54930000.0,12320000.0,51820000.0,100420000.0,20630000.0,55240000.0,130320008.0,243410000.0,14890000.0,6500000.0,42760000.0
United Kingdom,GBR,2006,53970000.0,12320000.0,48630000.0,96150000.0,20620000.0,54510000.0,131970000.0,248810000.0,13950000.0,5660000.0,44100000.0
United Kingdom,GBR,2007,52900000.0,12300000.0,45030000.0,91930000.0,21350000.0,53570000.0,132700000.0,242460000.0,12970000.0,5310000.0,44090000.0
United Kingdom,GBR,2008,52370000.0,12290000.0,40050000.0,96640000.0,20310000.0,52370000.0,125840000.0,231770000.0,12140000.0,5200000.0,46490000.0
United Kingdom,GBR,2009,51020000.0,12290000.0,35600000.0,91750000.0,17880000.0,43330000.0,121340000.0,203890000.0,11970000.0,3590000.0,43980000.0
United Kingdom,GBR,2010,51400000.0,12300000.0,30270000.0,102620000.0,18710000.0,45090000.0,119830000.0,209650000.0,10940000.0,4040000.0,41200000.0
United Kingdom,GBR,2011,51200000.0,14470000.0,27860000.0,82960000.0,18790000.0,40360000.0,118300000.0,196690000.0,9910000.0,3980000.0,43540000.0
United Kingdom,GBR,2012,51040000.0,14480000.0,26130000.0,91150000.0,18640000.0,40400000.0,117730000.0,210750000.0,9550000.0,4390000.0,41070000.0
United Kingdom,GBR,2013,51270000.0,14490000.0,22780000.0,92500000.0,19310000.0,41070000.0,116970000.0,195950000.0,9390000.0,4390000.0,40970000.0
United Kingdom,GBR,2014,52310000.0,14470000.0,20190000.0,78350000.0,19580000.0,40700000.0,118480000.0,170240000.0,9150000.0,4040000.0,41030000.0
United Kingdom,GBR,2015,52470000.0,14470000.0,19470000.0,82250000.0,19620000.0,39420000.0,121640000.0,149300000.0,9560000.0,4220000.0,40630000.0
United Kingdom,GBR,2016,52690000.0,22840000.0,18500000.0,79750000.0,19860000.0,32570000.0,124480000.0,125470000.0,9870000.0,13110000.0,41120000.0
United Kingdom,GBR,2017,53150000.0,22840000.0,18840000.0,78380000.0,19760000.0,33080002.0,124940000.0,114450000.0,9970000.0,13090000.0,42230000.0
United Kingdom,GBR,2018,52450000.0,22820000.0,18930000.0,80240000.0,19220000.0,33240002.0,123460000.0,107370000.0,9940000.0,13260000.0,43140000.0
United Kingdom,GBR,2019,52330000.0,22820000.0,18660000.0,77750000.0,18760000.0,33110000.0,121550000.0,98190000.0,9520000.0,13380000.0,42720000.0
United Kingdom,GBR,2020,50930000.0,22810000.0,17170000.0,84240000.0,17220000.0,31960000.0,96640000.0,86780000.0,9060000.0,5930000.0,20650000.0
United Kingdom,GBR,2021,51640000.0,24740000.0,16639999.0,90040000.0,17900000.0,29570000.0,107500000.0,91350000.0,7940000.0,6110000.0,20050000.0
United Kingdom,GBR,2022,51010000.0,24680000.0,15860000.0,75870000.0,18090000.0,28330000.0,109840000.0,90930000.0,6970000.0,5590000.0,33750000.0
United Kingdom,GBR,2023,50090000.0,24680000.0,15170000.0,71390000.0,18060000.0,28910000.0,108980000.0,78430000.0,6620000.0,5570000.0,38120000.0
United States,USA,1990,362300000.0,-736190016.0,234520000.0,548040000.0,154650000.0,606840000.0,1466349952.0,2162169856.0,307130016.0,69220000.0,131990008.0
United States,USA,1991,359149984.0,-736190016.0,237850000.0,557870016.0,145390000.0,569219968.0,1438459904.0,2182289920.0,306980000.0,67380000.0,138320000.0
United States,USA,1992,366390016.0,-736190016.0,238350000.0,567770048.0,147830000.0,519929984.0,1470589952.0,2279449856.0,306120000.0,50700000.0,145270000.0
United States,USA,1993,367480000.0,-736340032.0,236710000.0,593969984.0,151420000.0,534460032.0,1494729984.0,2337979904.0,295420000.0,45260000.0,133649992.0
United States,USA,1994,377369984.0,-736489984.0,237400000.0,584070016.0,157070000.0,536889984.0,1548810112.0,2363239936.0,301740000.0,46030000.0,131320008.0
United States,USA,1995,375950016.0,-736260032.0,232390000.0,588809984.0,177920000.0,488890016.0,1580710016.0,2425910016.0,302750016.0,46070000.0,139110000.0
United States,USA,1996,379730016.0,-735160000.0,228840000.0,625249984.0,188790000.0,487960000.0,1620910080.0,2506629888.0,303740000.0,47210000.0,135810000.0
United States,USA,1997,378300000.0,-736920000.0,218560000.0,607650048.0,190980000.0,508960000.0,1646339968.0,2745270016.0,306869984.0,47680000.0,127840000.0
United States,USA,1998,376570016.0,-735310016.0,208530000.0,556190016.0,201750000.0,515090016.0,1685619968.0,2802929920.0,305209984.0,43810000.0,127590000.0
United States,USA,1999,374170016.0,-734729984.0,202010000.0,574390016.0,199960000.0,503249984.0,1732509952.0,2771660032.0,297840000.0,41690000.0,141720000.0
United States,USA,2000,368320000.0,-734530048.0,198850000.0,606320000.0,202520000.0,571200000.0,1765069952.0,2803379968.0,300049984.0,44800000.0,148820000.0
United States,USA,2001,366240000.0,-798059968.0,193580000.0,588110016.0,189180000.0,543680000.0,1767459968.0,2814759936.0,303850016.0,47950000.0,115270000.0
United States,USA,2002,365670016.0,-797070016.0,192420000.0,588400000.0,199140000.0,494089984.0,1790189952.0,2681760000.0,298980000.0,50770000.0,140030000.0
United States,USA,2003,371340000.0,-797040000.0,195500000.0,612609984.0,192620000.0,488869984.0,1816089984.0,2709639936.0,297300000.0,45520000.0,124140000.0
United States,USA,2004,370920000.0,-797260032.0,193040000.0,597129984.0,200500000.0,515349984.0,1839069952.0,2744019968.0,297170016.0,56550000.0,142460000.0
United States,USA,2005,370180000.0,-797580032.0,190530000.0,579430016.0,206780000.0,481040000.0,1858899968.0,2793129984.0,299400000.0,55500000.0,152820000.0
United States,USA,2006,375630016.0,-797480000.0,188610000.0,523890016.0,212050000.0,499910016.0,1858189952.0,2724719872.0,304829984.0,60530000.0,159690000.0
United States,USA,2007,375960000.0,-796700032.0,186450000.0,555820032.0,224670000.0,489880000.0,1858860032.0,2791290112.0,315570016.0,56260000.0,169550000.0
United States,USA,2008,372209984.0,-796590016.0,184070000.0,563340032.0,214130000.0,478429984.0,1758569984.0,2721350144.0,328940000.0,54000000.0,155420000.0
United States,USA,2009,372730016.0,-797689984.0,180810000.0,558249984.0,197290000.0,410769984.0,1671139968.0,2490779904.0,327300000.0,50470000.0,142370000.0
United States,USA,2010,374850016.0,-797969984.0,181280000.0,552750016.0,210370000.0,469809984.0,1730119936.0,2611280128.0,350690016.0,52160000.0,150100000.0
United States,USA,2011,372560000.0,-765260032.0,171250000.0,529609984.0,222180000.0,439020000.0,1683139968.0,2490379776.0,384109984.0,48750000.0,146900000.0
United States,USA,2012,368080000.0,-765539968.0,174730000.0,466820000.0,217720000.0,441840000.0,1646489984.0,2361939968.0,401950016.0,46750000.0,120420000.0
United States,USA,2013,365660000.0,-765460032.0,170820000.0,535869984.0,218180000.0,438160000.0,1697729920.0,2380280064.0,418380000.0,50800000.0,119340000.0
United States,USA,2014,365130016.0,-765560000.0,171040000.0,553270016.0,227530000.0,440540000.0,1690810112.0,2377969920.0,459920000.0,48820000.0,119980000.0
United States,USA,2015,365709984.0,-764280000.0,170090000.0,519210016.0,230120000.0,437109984.0,1752920064.0,2235739904.0,473549984.0,48770000.0,125550000.0
United States,USA,2016,376309984.0,-608700032.0,166500000.0,502380000.0,231110000.0,442240000.0,1764999936.0,2147179904.0,436529984.0,46880000.0,138010000.0
United States,USA,2017,375180000.0,-607500032.0,169050000.0,503440000.0,233140000.0,432620000.0,1777560064.0,2066120064.0,463450016.0,46060000.0,149510000.0
United States,USA,2018,381180000.0,-607569984.0,172380000.0,557480000.0,235230000.0,457609984.0,1816829952.0,2098800000.0,534409984.0,46960000.0,140810000.0
United States,USA,2019,378000000.0,-608700032.0,174700000.0,558150016.0,237810000.0,442520000.0,1811660032.0,1960209920.0,583160000.0,39950000.0,150060000.0
United States,USA,2020,380840000.0,-604560000.0,170460000.0,517719968.0,242260000.0,440730016.0,1554910080.0,1766499968.0,517049984.0,36980000.0,97000000.0
United States,USA,2021,376829984.0,-334600000.0,167950000.0,530890016.0,248740000.0,449109984.0,1715360000.0,1879500032.0,491440000.0,38480000.0,116530000.0
United States,USA,2022,368029984.0,-336350016.0,166900000.0,559179968.0,249330000.0,458670016.0,1752109952.0,1863959936.0,516919968.0,39440000.0,121160000.0
United States,USA,2023,366829984.0,-336760000.0,165360000.0,521750016.0,234250000.0,444080000.0,1728400000.0,1748259968.0,525130016.0,36880000.0,125840000.0
Upper-middle-income countries,OWID_UMC,1990,1930080000.0,3167300096.0,528060000.0,978649984.0,219150000.0,1464950016.0,714920000.0,2000980096.0,1162569984.0,305690016.0,65530000.0
Upper-middle-income countries,OWID_UMC,1991,1936439936.0,3167300096.0,536900032.0,968540032.0,239180000.0,1512040064.0,749369984.0,2051779968.0,1143859968.0,300010016.0,67020000.0
Upper-middle-income countries,OWID_UMC,1992,1938819968.0,3167290112.0,568580032.0,959820032.0,275870016.0,1512519936.0,742230016.0,2103750016.0,1123580032.0,286930016.0,71830000.0
Upper-middle-income countries,OWID_UMC,1993,1919929984.0,3167379968.0,603539968.0,978800064.0,301389984.0,1487400064.0,780270016.0,2239919872.0,1129529984.0,271729984.0,69060000.0
Upper-middle-income countries,OWID_UMC,1994,1947270016.0,3167340032.0,642809984.0,958280000.0,329020000.0,1493340032.0,784569984.0,2315769856.0,1108320000.0,276970016.0,75960000.0
Upper-middle-income countries,OWID_UMC,1995,2004130048.0,3168969984.0,645180032.0,988820032.0,355030016.0,1685920000.0,826920000.0,2412220160.0,1156979968.0,271890016.0,80190000.0
Upper-middle-income countries,OWID_UMC,1996,2017779968.0,3000950016.0,649020032.0,938430016.0,376660000.0,1593699968.0,912160000.0,2548329984.0,1195200000.0,206510000.0,84810000.0
Upper-middle-income countries,OWID_UMC,1997,1945949952.0,3982409984.0,652089984.0,975670016.0,400409984.0,1600780032.0,914249984.0,2615030016.0,1205510016.0,257150000.0,85190000.0
Upper-middle-income countries,OWID_UMC,1998,1969730048.0,3242200064.0,654990016.0,907560000.0,403460000.0,1653169920.0,908350016.0,2719269888.0,1196809984.0,265130000.0,88040000.0
Upper-middle-income countries,OWID_UMC,1999,1982729984.0,3062550016.0,660929984.0,924270016.0,437700000.0,1492800000.0,927969984.0,2722299904.0,1192669952.0,275369984.0,96180000.0
Upper-middle-income countries,OWID_UMC,2000,1969940096.0,2962449920.0,665920000.0,893179968.0,463440000.0,1517360000.0,1045470016.0,2925550080.0,1261219968.0,212440000.0,100010000.0
Upper-middle-income countries,OWID_UMC,2001,1979480064.0,1087129984.0,641649984.0,885209984.0,512100000.0,1567849984.0,1073980032.0,3083330048.0,1267490048.0,220280000.0,101900000.0
Upper-middle-income countries,OWID_UMC,2002,2022669952.0,1604689920.0,636700032.0,904420032.0,561430016.0,1626489984.0,1120089984.0,3299539968.0,1254679936.0,224050000.0,106240000.0
Upper-middle-income countries,OWID_UMC,2003,2031820032.0,1241520000.0,629700032.0,928950016.0,651969984.0,1808710016.0,1171170048.0,3727980032.0,1351639936.0,247090000.0,105760000.0
Upper-middle-income countries,OWID_UMC,2004,2081260032.0,1601289984.0,622009984.0,985309952.0,711990016.0,2212659968.0,1281059968.0,3957900032.0,1446429952.0,268730016.0,118870000.0
Upper-middle-income countries,OWID_UMC,2005,2102419968.0,1330120064.0,615160000.0,999589952.0,796739968.0,2647500032.0,1341600000.0,4187089920.0,1525289984.0,290200000.0,128000000.0
Upper-middle-income countries,OWID_UMC,2006,2107959936.0,1710089984.0,625780032.0,1033649984.0,892940032.0,2837349888.0,1406989952.0,4590110208.0,1579350016.0,301080000.0,133890000.0
Upper-middle-income countries,OWID_UMC,2007,2120760064.0,1154700032.0,633500032.0,1058759936.0,974340032.0,3049139968.0,1494749952.0,4915749888.0,1617330048.0,315640000.0,141290000.0
Upper-middle-income countries,OWID_UMC,2008,2131449984.0,1117740032.0,641910016.0,1051220032.0,1017280000.0,3163259904.0,1564680064.0,5062179840.0,1660480000.0,300410016.0,148030000.0
Upper-middle-income countries,OWID_UMC,2009,2126000000.0,1520910080.0,649329984.0,1032640000.0,1096000000.0,3313449984.0,1577880064.0,5238260224.0,1616829952.0,300289984.0,145290000.0
Upper-middle-income countries,OWID_UMC,2010,2165060096.0,1143760000.0,660289984.0,1034129984.0,1195280000.0,3603140096.0,1673670016.0,5742569984.0,1691650048.0,309700000.0,164570000.0
Upper-middle-income countries,OWID_UMC,2011,2161659904.0,287310016.0,651699968.0,1066389952.0,1302029952.0,3793350144.0,1787430016.0,6280580096.0,1767559936.0,323780000.0,167540000.0
Upper-middle-income countries,OWID_UMC,2012,2162789888.0,304240032.0,665489984.0,1074659968.0,1342979968.0,3835510016.0,1924809984.0,6479759872.0,1849030016.0,333790016.0,165950000.0
Upper-middle-income countries,OWID_UMC,2013,2156800000.0,272630016.0,689920000.0,1087640064.0,1409089920.0,3857829888.0,2030200064.0,6839459840.0,1863920000.0,351560000.0,170140000.0
Upper-middle-income countries,OWID_UMC,2014,2163780096.0,633520000.0,727760000.0,1093270016.0,1453890048.0,3850800128.0,2082400000.0,6797309952.0,1853689984.0,345950016.0,178070000.0
Upper-middle-income countries,OWID_UMC,2015,2159409920.0,662580032.0,751700032.0,1116989952.0,1397100032.0,3729420032.0,2130169984.0,6668669952.0,1788070016.0,343280000.0,194870000.0
Upper-middle-income countries,OWID_UMC,2016,2173260032.0,388519968.0,770459968.0,1131069952.0,1460409984.0,3562380032.0,2161530112.0,6803559936.0,1744980096.0,335869984.0,187260000.0
Upper-middle-income countries,OWID_UMC,2017,2195909888.0,350380032.0,787489984.0,1149030016.0,1518499968.0,3432740096.0,2216590080.0,7155639808.0,1727040000.0,333069984.0,194270000.0
Upper-middle-income countries,OWID_UMC,2018,2175630080.0,529089984.0,803449984.0,1098480000.0,1564150016.0,3483500032.0,2314210048.0,7542329856.0,1725230080.0,309720000.0,205650000.0
Upper-middle-income countries,OWID_UMC,2019,2168509952.0,782259968.0,819040000.0,1070649984.0,1654769920.0,3492430080.0,2390659840.0,7733149696.0,1735880064.0,295449984.0,205060000.0
Upper-middle-income countries,OWID_UMC,2020,2228539904.0,382000000.0,834009984.0,1069179968.0,1729229952.0,3453259776.0,2228379904.0,7802440192.0,1593080064.0,287920000.0,136110000.0
Upper-middle-income countries,OWID_UMC,2021,2259919872.0,579620032.0,844619968.0,1054760000.0,1738200064.0,3448569856.0,2397449984.0,8502089728.0,1660339968.0,280060000.0,147630000.0
Upper-middle-income countries,OWID_UMC,2022,2273360128.0,567899968.0,847720000.0,1034310016.0,1670380032.0,3439330048.0,2392130048.0,8628669440.0,1683699968.0,301160000.0,166560000.0
Upper-middle-income countries,OWID_UMC,2023,2283749888.0,823209984.0,879089984.0,1031630016.0,1663000064.0,3482550016.0,2466639872.0,9093430272.0,1748939904.0,300429984.0,189670000.0
Uruguay,URY,1990,24500000.0,-6710000.0,400000.0,920000.0,300000.0,580000.0,1550000.0,530000.0,30000.0,440000.0,380000.0
Uruguay,URY,1991,25600000.0,-6710000.0,400000.0,910000.0,300000.0,600000.0,1650000.0,920000.0,30000.0,470000.0,460000.0
Uruguay,URY,1992,26850000.0,-6710000.0,400000.0,950000.0,300000.0,610000.0,1770000.0,1110000.0,40000.0,500000.0,650000.0
Uruguay,URY,1993,27680000.0,-6710000.0,410000.0,960000.0,300000.0,560000.0,2000000.0,630000.0,30000.0,519999.0,990000.0
Uruguay,URY,1994,27770000.0,-6710000.0,410000.0,910000.0,390000.0,510000.0,2250000.0,129999.0,30000.0,560000.0,600000.0
Uruguay,URY,1995,27530000.0,-6700000.0,410000.0,920000.0,340000.0,510000.0,2230000.0,580000.0,40000.0,580000.0,1230000.0
Uruguay,URY,1996,28060000.0,-6700000.0,410000.0,920000.0,390000.0,690000.0,2370000.0,940000.0,40000.0,630000.0,970000.0
Uruguay,URY,1997,27610000.0,-6700000.0,420000.0,930000.0,440000.0,820000.0,2580000.0,720000.0,40000.0,570000.0,900000.0
Uruguay,URY,1998,26910000.0,-6690000.0,1170000.0,970000.0,480000.0,830000.0,2750000.0,630000.0,40000.0,610000.0,850000.0
Uruguay,URY,1999,26910000.0,-6700000.0,1180000.0,950000.0,450000.0,810000.0,2840000.0,1640000.0,50000.0,600000.0,900000.0
Uruguay,URY,2000,26270000.0,-6690000.0,1190000.0,960000.0,420000.0,720000.0,2570000.0,730000.0,40000.0,570000.0,1039999.0
Uruguay,URY,2001,26400000.0,-8200000.0,1200000.0,910000.0,580000.0,640000.0,2460000.0,340000.0,40000.0,550000.0,1230000.0
Uruguay,URY,2002,27220000.0,-8200000.0,1210000.0,890000.0,590000.0,570000.0,2230000.0,290000.0,40000.0,519999.0,1160000.0
Uruguay,URY,2003,28140000.0,-8200000.0,1210000.0,850000.0,620000.0,600000.0,2130000.0,310000.0,40000.0,530000.0,1100000.0
Uruguay,URY,2004,29000000.0,-8189999.0,1200000.0,840000.0,450000.0,630000.0,2260000.0,1310000.0,50000.0,560000.0,1200000.0
Uruguay,URY,2005,29200000.0,-8189999.0,1200000.0,840000.0,460000.0,640000.0,2320000.0,1200000.0,50000.0,560000.0,1250000.0
Uruguay,URY,2006,30380000.0,-8200000.0,1200000.0,800000.0,500000.0,610000.0,2550000.0,2050000.0,50000.0,500000.0,950000.0
Uruguay,URY,2007,29710000.0,-8200000.0,1220000.0,860000.0,530000.0,660000.0,2730000.0,1290000.0,50000.0,500000.0,1260000.0
Uruguay,URY,2008,30330000.0,-8189999.0,1250000.0,820000.0,560000.0,750000.0,2780000.0,3060000.0,70000.0,560000.0,1620000.0
Uruguay,URY,2009,29860000.0,-8200000.0,1270000.0,850000.0,790000.0,700000.0,3010000.0,2630000.0,70000.0,550000.0,1820000.0
Uruguay,URY,2010,28640000.0,-8189999.0,1290000.0,880000.0,720000.0,650000.0,3170000.0,1230000.0,60000.0,550000.0,1680000.0
Uruguay,URY,2011,28800000.0,-10090000.0,1310000.0,860000.0,790000.0,720000.0,3300000.0,2310000.0,70000.0,560000.0,1490000.0
Uruguay,URY,2012,28540000.0,-10100000.0,1330000.0,830000.0,740000.0,710000.0,3340000.0,3280000.0,70000.0,540000.0,1190000.0
Uruguay,URY,2013,28630000.0,-10100000.0,1350000.0,860000.0,730000.0,800000.0,3520000.0,1850000.0,70000.0,550000.0,950000.0
Uruguay,URY,2014,28920000.0,-10100000.0,1370000.0,810000.0,730000.0,920000.0,3510000.0,970000.0,50000.0,519999.0,930000.0
Uruguay,URY,2015,28560000.0,-10100000.0,1390000.0,790000.0,770000.0,920000.0,3550000.0,1130000.0,50000.0,500000.0,850000.0
Uruguay,URY,2016,28860000.0,830000.0,1410000.0,860000.0,730000.0,990000.0,3620000.0,840000.0,60000.0,510000.0,770000.0
Uruguay,URY,2017,28400000.0,830000.0,1430000.0,800000.0,780000.0,940000.0,3780000.0,340000.0,60000.0,530000.0,630000.0
Uruguay,URY,2018,27680000.0,830000.0,1450000.0,810000.0,800000.0,1020000.0,3730000.0,770000.0,60000.0,490000.0,780000.0
Uruguay,URY,2019,27680000.0,840000.0,1470000.0,820000.0,790000.0,960000.0,4280000.0,620000.0,60000.0,420000.0,810000.0
Uruguay,URY,2020,27290000.0,830000.0,259999.0,820000.0,840000.0,950000.0,3610000.0,940000.0,50000.0,420000.0,450000.0
Uruguay,URY,2021,28830000.0,-2030000.0,259999.0,840000.0,900000.0,1060000.0,3990000.0,1850000.0,70000.0,410000.0,420000.0
Uruguay,URY,2022,28240000.0,-2010000.0,259999.0,830000.0,930000.0,1070000.0,4240000.0,1180000.0,70000.0,430000.0,540000.0
Uruguay,URY,2023,28590000.0,-2050000.0,259999.0,800000.0,960000.0,1350000.0,4190000.0,880000.0,70000.0,440000.0,590000.0
Uzbekistan,UZB,1990,26100000.0,-470000.0,5270000.0,0.0,2390000.0,410000.0,7930000.0,47230000.0,12930000.0,63230000.0,0.0
Uzbekistan,UZB,1991,25230000.0,-470000.0,5330000.0,0.0,2380000.0,390000.0,7160000.0,47230000.0,13690000.0,64860000.0,0.0
Uzbekistan,UZB,1992,20530000.0,-470000.0,5390000.0,0.0,4590000.0,310000.0,5600000.0,48270000.0,13310000.0,57290000.0,0.0
Uzbekistan,UZB,1993,20370000.0,-470000.0,5450000.0,0.0,4290000.0,270000.0,4930000.0,47140000.0,15730000.0,59930000.0,0.0
Uzbekistan,UZB,1994,19280000.0,-470000.0,5500000.0,0.0,3640000.0,230000.0,4410000.0,41780000.0,18810000.0,59530000.0,0.0
Uzbekistan,UZB,1995,19940000.0,-470000.0,5540000.0,29460000.0,3130000.0,13600000.0,6990000.0,35780000.0,19050000.0,9080000.0,0.0
Uzbekistan,UZB,1996,19600000.0,-450000.0,5610000.0,32270000.0,3090000.0,10550000.0,9560000.0,38000000.0,20210000.0,5670000.0,0.0
Uzbekistan,UZB,1997,18400000.0,-460000.0,5650000.0,36320000.0,3200000.0,7830000.0,9700000.0,38290000.0,20280000.0,5210000.0,0.0
Uzbekistan,UZB,1998,18220000.0,-460000.0,5710000.0,40250000.0,3230000.0,15830000.0,13190000.0,41330000.0,21340000.0,2170000.0,0.0
Uzbekistan,UZB,1999,18300000.0,-460000.0,5730000.0,42000000.0,3110000.0,16389999.0,13770000.0,39760000.0,20360000.0,1980000.0,0.0
Uzbekistan,UZB,2000,17650000.0,-440000.0,5760000.0,44000000.0,3140000.0,16950000.0,13770000.0,43460000.0,21760000.0,2450000.0,0.0
Uzbekistan,UZB,2001,17510000.0,-500000.0,5810000.0,44790000.0,3200000.0,17090000.0,14180000.0,43130000.0,24210000.0,2060000.0,0.0
Uzbekistan,UZB,2002,17890000.0,-500000.0,5890000.0,46970000.0,3270000.0,17870000.0,13680000.0,43280000.0,27680000.0,2290000.0,0.0
Uzbekistan,UZB,2003,18480000.0,-500000.0,5940000.0,45100000.0,3450000.0,17060000.0,12430000.0,40260000.0,26120000.0,1780000.0,0.0
Uzbekistan,UZB,2004,18790000.0,-500000.0,5960000.0,45110000.0,3810000.0,17010000.0,12430000.0,43230000.0,25720000.0,1820000.0,0.0
Uzbekistan,UZB,2005,19930000.0,-500000.0,5950000.0,43060000.0,3910000.0,16240000.0,12470000.0,39160000.0,26720000.0,1870000.0,0.0
Uzbekistan,UZB,2006,20980000.0,-500000.0,6450000.0,44690000.0,4070000.0,16930000.0,13210000.0,43730000.0,28220000.0,2020000.0,0.0
Uzbekistan,UZB,2007,21930000.0,-500000.0,6530000.0,43230000.0,4420000.0,16420000.0,13370000.0,42500000.0,25170000.0,2040000.0,0.0
Uzbekistan,UZB,2008,23020000.0,-500000.0,9150000.0,44840000.0,4860000.0,17070000.0,13200000.0,44990000.0,28100000.0,2120000.0,0.0
Uzbekistan,UZB,2009,24730000.0,-500000.0,9300000.0,39680000.0,4980000.0,15150000.0,12400000.0,42420000.0,23500000.0,1920000.0,0.0
Uzbekistan,UZB,2010,26290000.0,-500000.0,9510000.0,45900000.0,5100000.0,17410000.0,13200000.0,42340000.0,24230000.0,2010000.0,0.0
Uzbekistan,UZB,2011,27590000.0,-560000.0,9770000.0,46670000.0,4920000.0,17620000.0,12800000.0,44780000.0,23100000.0,2069999.0,0.0
Uzbekistan,UZB,2012,29130000.0,-560000.0,9910000.0,37490000.0,4980000.0,14170000.0,10430000.0,44240000.0,22580000.0,1950000.0,760000.0
Uzbekistan,UZB,2013,30260000.0,-560000.0,1080000.0,35480000.0,5140000.0,13030000.0,9450000.0,46350000.0,20750000.0,3410000.0,660000.0
Uzbekistan,UZB,2014,31570000.0,-560000.0,1100000.0,31220000.0,5490000.0,11270000.0,8830000.0,46660000.0,18880000.0,2610000.0,460000.0
Uzbekistan,UZB,2015,32669998.0,-560000.0,1130000.0,27870000.0,5430000.0,10010000.0,8270000.0,46490000.0,17380000.0,2150000.0,570000.0
Uzbekistan,UZB,2016,35600000.0,-700000.0,1140000.0,29980000.0,5540000.0,10780000.0,8390000.0,47900000.0,17360000.0,3910000.0,510000.0
Uzbekistan,UZB,2017,36400000.0,-700000.0,1160000.0,33150002.0,6030000.0,11920000.0,9060000.0,48730000.0,17270000.0,2640000.0,410000.0
Uzbekistan,UZB,2018,36890000.0,-700000.0,1190000.0,27250000.0,6270000.0,11710000.0,15020000.0,43760000.0,19030000.0,1070000.0,510000.0
Uzbekistan,UZB,2019,38270000.0,-700000.0,1210000.0,26760000.0,6510000.0,13330000.0,15560000.0,45650000.0,17400000.0,1070000.0,390000.0
Uzbekistan,UZB,2020,38800000.0,-700000.0,1230000.0,31630000.0,6390000.0,11900000.0,16219999.0,45350000.0,16540001.0,6320000.0,360000.0
Uzbekistan,UZB,2021,40810000.0,-2120000.0,1250000.0,34140000.0,7110000.0,13100000.0,16950000.0,54150000.0,19280000.0,2100000.0,280000.0
Uzbekistan,UZB,2022,40670000.0,-2120000.0,1270000.0,28840000.0,6110000.0,14880000.0,18340000.0,52420000.0,18630000.0,2740000.0,480000.0
Uzbekistan,UZB,2023,42150000.0,-2120000.0,1290000.0,28970000.0,6200000.0,15330000.0,19140000.0,55200000.0,18890000.0,2960000.0,610000.0
Vanuatu,VUT,1990,350000.0,620000.0,0.0,10000.0,0.0,,40000.0,20000.0,0.0,,20000.0
Vanuatu,VUT,1991,360000.0,620000.0,0.0,10000.0,0.0,,40000.0,30000.0,0.0,,20000.0
Vanuatu,VUT,1992,390000.0,620000.0,0.0,10000.0,0.0,,30000.0,30000.0,0.0,,20000.0
Vanuatu,VUT,1993,410000.0,620000.0,0.0,10000.0,0.0,,30000.0,30000.0,0.0,,20000.0
Vanuatu,VUT,1994,420000.0,620000.0,0.0,10000.0,0.0,,30000.0,30000.0,0.0,,20000.0
Vanuatu,VUT,1995,420000.0,620000.0,0.0,10000.0,0.0,,30000.0,30000.0,0.0,,20000.0
Vanuatu,VUT,1996,420000.0,620000.0,0.0,10000.0,0.0,,40000.0,30000.0,0.0,,20000.0
Vanuatu,VUT,1997,420000.0,620000.0,0.0,10000.0,0.0,,40000.0,30000.0,0.0,,20000.0
Vanuatu,VUT,1998,420000.0,620000.0,0.0,10000.0,0.0,,40000.0,30000.0,0.0,,30000.0
Vanuatu,VUT,1999,420000.0,620000.0,0.0,10000.0,0.0,,40000.0,40000.0,0.0,,30000.0
Vanuatu,VUT,2000,390000.0,620000.0,10000.0,10000.0,0.0,,40000.0,40000.0,0.0,,30000.0
Vanuatu,VUT,2001,370000.0,630000.0,0.0,0.0,0.0,,40000.0,40000.0,0.0,,30000.0
Vanuatu,VUT,2002,370000.0,630000.0,0.0,0.0,0.0,,40000.0,40000.0,0.0,,30000.0
Vanuatu,VUT,2003,390000.0,630000.0,0.0,0.0,0.0,,40000.0,40000.0,0.0,,30000.0
Vanuatu,VUT,2004,390000.0,630000.0,0.0,0.0,0.0,,30000.0,40000.0,0.0,,30000.0
Vanuatu,VUT,2005,400000.0,630000.0,0.0,0.0,0.0,,30000.0,40000.0,0.0,,30000.0
Vanuatu,VUT,2006,410000.0,630000.0,0.0,10000.0,0.0,,30000.0,40000.0,0.0,,30000.0
Vanuatu,VUT,2007,490000.0,630000.0,0.0,0.0,0.0,,40000.0,30000.0,0.0,,30000.0
Vanuatu,VUT,2008,490000.0,630000.0,0.0,10000.0,0.0,,40000.0,40000.0,0.0,,40000.0
Vanuatu,VUT,2009,460000.0,630000.0,0.0,10000.0,0.0,,80000.0,40000.0,0.0,,40000.0
Vanuatu,VUT,2010,470000.0,630000.0,0.0,10000.0,0.0,,80000.0,40000.0,0.0,,40000.0
Vanuatu,VUT,2011,480000.0,620000.0,0.0,10000.0,0.0,,90000.0,40000.0,0.0,,40000.0
Vanuatu,VUT,2012,490000.0,620000.0,0.0,10000.0,0.0,,80000.0,40000.0,0.0,,40000.0
Vanuatu,VUT,2013,490000.0,620000.0,0.0,10000.0,0.0,,80000.0,30000.0,0.0,,40000.0
Vanuatu,VUT,2014,500000.0,620000.0,0.0,10000.0,0.0,,120000.0,40000.0,0.0,,40000.0
Vanuatu,VUT,2015,440000.0,630000.0,0.0,10000.0,0.0,,100000.0,30000.0,0.0,,40000.0
Vanuatu,VUT,2016,350000.0,620000.0,0.0,10000.0,10000.0,,110000.0,40000.0,0.0,,40000.0
Vanuatu,VUT,2017,310000.0,630000.0,0.0,10000.0,10000.0,,90000.0,40000.0,0.0,,50000.0
Vanuatu,VUT,2018,280000.0,620000.0,0.0,10000.0,10000.0,,129999.0,40000.0,0.0,,50000.0
Vanuatu,VUT,2019,280000.0,620000.0,0.0,10000.0,10000.0,,110000.0,40000.0,0.0,,50000.0
Vanuatu,VUT,2020,270000.0,620000.0,0.0,10000.0,10000.0,,160000.0,40000.0,0.0,,50000.0
Vanuatu,VUT,2021,270000.0,620000.0,0.0,10000.0,10000.0,,170000.0,40000.0,0.0,,50000.0
Vanuatu,VUT,2022,280000.0,620000.0,0.0,10000.0,10000.0,,140000.0,40000.0,0.0,,50000.0
Vanuatu,VUT,2023,280000.0,620000.0,10000.0,10000.0,10000.0,,240000.0,40000.0,0.0,,50000.0
Venezuela,VEN,1990,33060002.0,65379996.0,2390000.0,5310000.0,8490000.0,23580000.0,29400000.0,36510000.0,152330000.0,20000.0,3590000.0
Venezuela,VEN,1991,34040000.0,65379996.0,2400000.0,4360000.0,9040000.0,25130000.0,31150000.0,32980000.0,166070000.0,10000.0,4220000.0
Venezuela,VEN,1992,34140000.0,65379996.0,3820000.0,5480000.0,8600000.0,22810000.0,30670000.0,36700000.0,167670000.0,170000.0,3960000.0
Venezuela,VEN,1993,33470002.0,65379996.0,4900000.0,5110000.0,8700000.0,25850000.0,32869998.0,37400000.0,167660000.0,330000.0,3930000.0
Venezuela,VEN,1994,34510000.0,65379996.0,5760000.0,4480000.0,8760000.0,25960000.0,33369998.0,37890000.0,169330000.0,470000.0,3520000.0
Venezuela,VEN,1995,34840000.0,65370004.0,6460000.0,5060000.0,9330000.0,28200000.0,34500000.0,39210000.0,192100000.0,550000.0,3360000.0
Venezuela,VEN,1996,34190000.0,65600000.0,7050000.0,5470000.0,9200000.0,30880000.0,35870000.0,43150000.0,212410000.0,180000.0,3260000.0
Venezuela,VEN,1997,34570000.0,65879996.0,7560000.0,4680000.0,9410000.0,32290000.0,33430000.0,49630000.0,226150000.0,200000.0,3030000.0
Venezuela,VEN,1998,35220000.0,67900000.0,8010000.0,4680000.0,8910000.0,31770000.0,34220000.0,50280000.0,223970000.0,190000.0,2580000.0
Venezuela,VEN,1999,35310000.0,66019996.0,8420000.0,6000000.0,8810000.0,25390000.0,33900000.0,51610000.0,208880000.0,550000.0,5540000.0
Venezuela,VEN,2000,36520000.0,66580000.0,8790000.0,5740000.0,8540000.0,24720000.0,34980000.0,56790000.0,210020000.0,510000.0,5800000.0
Venezuela,VEN,2001,37860000.0,43900000.0,9140000.0,5930000.0,8109999.0,25750000.0,37310000.0,58580000.0,209510000.0,570000.0,4990000.0
Venezuela,VEN,2002,38050000.0,43380000.0,9460000.0,5830000.0,8319999.0,29160000.0,39670000.0,59970000.0,188550000.0,590000.0,5580000.0
Venezuela,VEN,2003,39400000.0,44880000.0,9770000.0,5000000.0,7340000.0,29860000.0,35440000.0,59410000.0,175960000.0,210000.0,2530000.0
Venezuela,VEN,2004,39880000.0,43450000.0,10060000.0,5870000.0,6950000.0,32650002.0,35890000.0,59850000.0,195760000.0,280000.0,4230000.0
Venezuela,VEN,2005,41270000.0,43630000.0,10340000.0,6260000.0,6940000.0,32250000.0,42810000.0,59570000.0,204790000.0,1350000.0,3940000.0
Venezuela,VEN,2006,41020000.0,43500000.0,10640000.0,5330000.0,9480000.0,29520000.0,45110000.0,60350000.0,202330000.0,150000.0,2850000.0
Venezuela,VEN,2007,41930000.0,43830000.0,10930000.0,7470000.0,8460000.0,18310000.0,48850000.0,61430000.0,201350000.0,460000.0,3290000.0
Venezuela,VEN,2008,42830000.0,43480000.0,11200000.0,6820000.0,8170000.0,19850000.0,50990000.0,66710000.0,209860000.0,0.0,2340000.0
Venezuela,VEN,2009,42740000.0,43390000.0,11450000.0,6690000.0,8630000.0,21190000.0,51760000.0,66110000.0,197150000.0,0.0,1940000.0
Venezuela,VEN,2010,36660000.0,44420000.0,11690000.0,6780000.0,7460000.0,36450000.0,50030000.0,64290000.0,193650000.0,0.0,3060000.0
Venezuela,VEN,2011,36480000.0,50380000.0,11900000.0,6560000.0,7600000.0,34300000.0,52350000.0,58660000.0,196830000.0,0.0,1590000.0
Venezuela,VEN,2012,42030000.0,50370000.0,12120000.0,6760000.0,7930000.0,36310000.0,55780000.0,63090000.0,222860000.0,0.0,2680000.0
Venezuela,VEN,2013,42430000.0,50670000.0,12290000.0,7140000.0,7210000.0,32830002.0,54930000.0,64070000.0,230110000.0,0.0,2480000.0
Venezuela,VEN,2014,42380000.0,50760000.0,12420000.0,7260000.0,6400000.0,29610000.0,54400000.0,65790000.0,229830000.0,0.0,2210000.0
Venezuela,VEN,2015,41640000.0,50810000.0,12540000.0,5770000.0,5630000.0,18750000.0,47570000.0,64640000.0,221350000.0,0.0,2260000.0
Venezuela,VEN,2016,40720000.0,53620000.0,12670000.0,5340000.0,4340000.0,22670000.0,48140000.0,62750000.0,208050000.0,0.0,1700000.0
Venezuela,VEN,2017,39840000.0,53130000.0,12830000.0,4030000.0,4230000.0,23080000.0,41400000.0,64949996.0,179390000.0,0.0,1380000.0
Venezuela,VEN,2018,39680000.0,53360000.0,12930000.0,3970000.0,2680000.0,15080000.0,36580000.0,45290000.0,154480000.0,0.0,1470000.0
Venezuela,VEN,2019,39820000.0,53950000.0,12990000.0,3110000.0,3060000.0,14470000.0,33800000.0,30910000.0,132710008.0,0.0,1130000.0
Venezuela,VEN,2020,41490000.0,54050000.0,12990000.0,2570000.0,3640000.0,12540000.0,13030000.0,21530000.0,101370000.0,0.0,510000.0
Venezuela,VEN,2021,39780000.0,26140000.0,12970000.0,2700000.0,4020000.0,14120000.0,12940000.0,25460000.0,101630000.0,0.0,770000.0
Venezuela,VEN,2022,41650000.0,26220000.0,12960000.0,2870000.0,4000000.0,15030000.0,17460000.0,25780000.0,105700000.0,0.0,1230000.0
Venezuela,VEN,2023,41330000.0,26280000.0,12980000.0,2890000.0,3950000.0,14940000.0,17700000.0,25830000.0,106860000.0,0.0,1680000.0
Vietnam,VNM,1990,49440000.0,-72700000.0,1650000.0,11720000.0,1230000.0,5920000.0,4260000.0,4880000.0,3350000.0,730000.0,90000.0
Vietnam,VNM,1991,51900000.0,-72700000.0,1670000.0,12540000.0,1500000.0,6520000.0,4020000.0,3630000.0,4530000.0,730000.0,100000.0
Vietnam,VNM,1992,53040000.0,-72700000.0,2190000.0,12880000.0,1960000.0,7040000.0,4510000.0,3050000.0,4930000.0,810000.0,110000.0
Vietnam,VNM,1993,54320000.0,-72700000.0,2580000.0,13860000.0,2050000.0,7500000.0,7050000.0,2790000.0,5310000.0,1110000.0,150000.0
Vietnam,VNM,1994,56760000.0,-72700000.0,2880000.0,13620000.0,2290000.0,7660000.0,7770000.0,3720000.0,5160000.0,1180000.0,160000.0
Vietnam,VNM,1995,57820000.0,-72680000.0,4080000.0,14190000.0,2790000.0,10730000.0,7490000.0,4490000.0,6650000.0,1110000.0,280000.0
Vietnam,VNM,1996,60550000.0,-72900000.0,5290000.0,15130000.0,3150000.0,11300000.0,8160000.0,5630000.0,7360000.0,1190000.0,360000.0
Vietnam,VNM,1997,60990000.0,-73160000.0,6490000.0,15490000.0,3820000.0,13500000.0,8930000.0,8130000.0,7840000.0,1230000.0,300000.0
Vietnam,VNM,1998,64180000.0,-71580000.0,7700000.0,16320000.0,4570000.0,14030000.0,9390000.0,10490000.0,8830000.0,1220000.0,420000.0
Vietnam,VNM,1999,66420000.0,-72520000.0,8900000.0,16830000.0,5050000.0,14080000.0,10040000.0,9640000.0,9530000.0,1180000.0,620000.0
Vietnam,VNM,2000,67520000.0,-72520000.0,10110000.0,17700000.0,6250000.0,14780000.0,10800000.0,11500000.0,10060000.0,1150000.0,770000.0
Vietnam,VNM,2001,65019996.0,17190000.0,11050000.0,18850000.0,7520000.0,16800000.0,11550000.0,12380000.0,10940000.0,1150000.0,960000.0
Vietnam,VNM,2002,66300004.0,20720000.0,11980000.0,19470000.0,9510000.0,18690000.0,14160000.0,15590000.0,11650000.0,1300000.0,1090000.0
Vietnam,VNM,2003,67980000.0,18230000.0,12920000.0,19990000.0,10940000.0,19980000.0,16000000.0,15800000.0,12370000.0,1390000.0,1190000.0
Vietnam,VNM,2004,69600000.0,18900000.0,13860000.0,21460000.0,12300000.0,23160000.0,19590000.0,20540000.0,16910000.0,1580000.0,1650000.0
Vietnam,VNM,2005,69490000.0,18770000.0,14800000.0,22020000.0,14120000.0,24430000.0,19790000.0,24300000.0,19210000.0,1660000.0,1650000.0
Vietnam,VNM,2006,70360000.0,17540000.0,15740000.0,21780000.0,14760000.0,24530000.0,19770000.0,26690000.0,20550000.0,1640000.0,1720000.0
Vietnam,VNM,2007,71510000.0,18600000.0,16680000.0,22060000.0,17000000.0,27250000.0,23140000.0,28930000.0,21470000.0,1650000.0,1800000.0
Vietnam,VNM,2008,69250000.0,17440000.0,17620000.0,22210000.0,18730000.0,35790000.0,24650000.0,30200000.0,20380000.0,1660000.0,1970000.0
Vietnam,VNM,2009,73840000.0,17620000.0,18560000.0,22470000.0,22990000.0,39400000.0,29580000.0,32380002.0,22660000.0,1680000.0,2120000.0
Vietnam,VNM,2010,71660000.0,18230000.0,19500000.0,23430000.0,27970000.0,42030000.0,31780000.0,41520000.0,22700000.0,1660000.0,2550000.0
Vietnam,VNM,2011,70530000.0,-23070000.0,20480000.0,23170000.0,32730000.0,43790000.0,31210000.0,40290000.0,23650000.0,1650000.0,2030000.0
Vietnam,VNM,2012,71460000.0,-22990000.0,21460000.0,22390000.0,33369998.0,43210000.0,30750000.0,41480000.0,23060000.0,1520000.0,2089999.0
Vietnam,VNM,2013,74250000.0,-20650000.0,22440000.0,23340000.0,36030000.0,46460000.0,29990000.0,44480000.0,22960000.0,1470000.0,2270000.0
Vietnam,VNM,2014,72790000.0,-22200000.0,22740000.0,23060000.0,38800000.0,51640000.0,30650000.0,53030000.0,22750000.0,1410000.0,2260000.0
Vietnam,VNM,2015,75380000.0,-23170000.0,23050000.0,14690000.0,40740000.0,33700000.0,33950000.0,84050000.0,22380000.0,5740000.0,2770000.0
Vietnam,VNM,2016,74540000.0,-176570000.0,23380000.0,13110000.0,43880000.0,36170000.0,37630000.0,97470000.0,20930000.0,6260000.0,3020000.0
Vietnam,VNM,2017,74540000.0,-177040000.0,23690000.0,12720000.0,50420000.0,37550000.0,40970000.0,93740000.0,20470000.0,7080000.0,3450000.0
Vietnam,VNM,2018,74330000.0,-176980000.0,24000000.0,11950000.0,57940000.0,59020000.0,42820000.0,120610000.0,21220000.0,7390000.0,3990000.0
Vietnam,VNM,2019,72450000.0,-176850000.0,24310000.0,10970000.0,65460000.0,71720000.0,44580000.0,154000000.0,22660000.0,7820000.0,4980000.0
Vietnam,VNM,2020,72150000.0,-176300000.0,24610000.0,9940000.0,69610000.0,92480000.0,37480000.0,150960000.0,20790000.0,7420000.0,1500000.0
Vietnam,VNM,2021,72510000.0,-1090000.0,24870000.0,9030000.0,72120000.0,92450000.0,32880002.0,142470000.0,21990000.0,7800000.0,1920000.0
Vietnam,VNM,2022,73270000.0,-1250000.0,25110000.0,8600000.0,66530000.0,88100000.0,44850000.0,140530000.0,22090000.0,7980000.0,3110000.0
Vietnam,VNM,2023,73520000.0,-1060000.0,25360000.0,7610000.0,63400000.0,81250000.0,46410000.0,153100000.0,21090000.0,8340000.0,5420000.0
World,OWID_WRL,1990,5159209984.0,2312100096.0,1343219968.0,3232640000.0,1093420032.0,3967889920.0,4726279680.0,8624079872.0,2618149888.0,771460032.0,634820032.0
World,OWID_WRL,1991,5139689984.0,2312100096.0,1369079936.0,3262669824.0,1099859968.0,3891870208.0,4764569600.0,8766550016.0,2618020096.0,772169984.0,642580032.0
World,OWID_WRL,1992,5121809920.0,2312100096.0,1439250048.0,3155610112.0,1112979968.0,3760000000.0,4872520192.0,8922909696.0,2551899904.0,687580032.0,679849984.0
World,OWID_WRL,1993,5090299904.0,2312540160.0,1506610048.0,3226139904.0,1122040064.0,3706370048.0,4915559936.0,8973129728.0,2558469888.0,699680000.0,671929984.0
World,OWID_WRL,1994,5134859776.0,2312209920.0,1575389952.0,3141449984.0,1174499968.0,3721820160.0,5013539840.0,9073999872.0,2559290112.0,669830016.0,697889984.0
World,OWID_WRL,1995,5187049984.0,2317810176.0,1583449984.0,3222360064.0,1250569984.0,3944930048.0,5150940160.0,9264320512.0,2634520064.0,621120000.0,724369984.0
World,OWID_WRL,1996,5216009728.0,2123840128.0,1587819904.0,3288409856.0,1285930112.0,3827500032.0,5360880128.0,9629209600.0,2698020096.0,548129984.0,745129984.0
World,OWID_WRL,1997,5141740032.0,3123190016.0,1584989952.0,3274129920.0,1326489984.0,3852179968.0,5438929920.0,9902130176.0,2708640000.0,596809984.0,770800000.0
World,OWID_WRL,1998,5195939840.0,2435330048.0,1578569984.0,3119610112.0,1312480000.0,3849949952.0,5565349888.0,10128119808.0,2687899904.0,573270016.0,795020032.0
World,OWID_WRL,1999,5253440000.0,2237060096.0,1578790016.0,3192509952.0,1314169984.0,3694600192.0,5729789952.0,10190950400.0,2669220096.0,582430016.0,837000000.0
World,OWID_WRL,2000,5249690112.0,2081649920.0,1583550080.0,3173199872.0,1357200000.0,3847429888.0,5911510016.0,10585950208.0,2787360000.0,524229984.0,862140032.0
World,OWID_WRL,2001,5253459968.0,184840000.0,1562530048.0,3192339968.0,1380870016.0,3866189824.0,5941910016.0,10849489920.0,2807270144.0,536440000.0,829489984.0
World,OWID_WRL,2002,5311220224.0,714770048.0,1566420096.0,3198289920.0,1439840000.0,3873080064.0,6097619968.0,11033900032.0,2775200000.0,538340032.0,868499968.0
World,OWID_WRL,2003,5307069952.0,401730016.0,1568960000.0,3285080064.0,1536849920.0,4063860224.0,6225560064.0,11650480128.0,2960560128.0,557929984.0,874349952.0
World,OWID_WRL,2004,5415859712.0,780179968.0,1561360000.0,3327639808.0,1637840000.0,4490990080.0,6513600000.0,12033800192.0,3051980032.0,593030016.0,960400000.0
World,OWID_WRL,2005,5453819904.0,493300000.0,1558489984.0,3328150016.0,1750160000.0,4907939840.0,6658200064.0,12406280192.0,3187590144.0,618539968.0,1006120000.0
World,OWID_WRL,2006,5513439744.0,864099968.0,1574300032.0,3300150016.0,1875680000.0,5144029696.0,6813640192.0,12907240448.0,3221889792.0,628440000.0,1058880000.0
World,OWID_WRL,2007,5590720000.0,324880000.0,1586099968.0,3284719872.0,2007030016.0,5429299712.0,7027120128.0,13468460032.0,3266629888.0,630569984.0,1109859968.0
World,OWID_WRL,2008,5599879680.0,268570016.0,1601170048.0,3347580160.0,2046520064.0,5531569664.0,7033080320.0,13497709568.0,3284499968.0,651950016.0,1118280064.0
World,OWID_WRL,2009,5597129728.0,671280000.0,1613139968.0,3293199872.0,2090580096.0,5517420032.0,6892389888.0,13283489792.0,3231600128.0,612820032.0,1064420032.0
World,OWID_WRL,2010,5653960192.0,347690016.0,1630189952.0,3346279936.0,2231879936.0,6028310016.0,7187759616.0,14195299328.0,3342790144.0,625449984.0,1136770048.0
World,OWID_WRL,2011,5782960128.0,-168350000.0,1614860032.0,3286230016.0,2370310144.0,6252780032.0,7307549696.0,14814340096.0,3453469952.0,620849984.0,1150920064.0
World,OWID_WRL,2012,5805020160.0,-135830000.0,1636220032.0,3223069952.0,2454919936.0,6293850112.0,7355680256.0,15110860800.0,3470739968.0,631909952.0,1096370048.0
World,OWID_WRL,2013,5749170176.0,-188790000.0,1654800000.0,3333629952.0,2567170048.0,6330700288.0,7547310080.0,15410669568.0,3485779968.0,645449984.0,1103360000.0
World,OWID_WRL,2014,5802990080.0,168060000.0,1702620032.0,3281250048.0,2659490048.0,6390759936.0,7673140224.0,15340440576.0,3515600128.0,641059968.0,1139410048.0
World,OWID_WRL,2015,5824990208.0,203320000.0,1737689984.0,3301019904.0,2618600192.0,6268200448.0,7913990144.0,15078219776.0,3456800000.0,640020032.0,1193420032.0
World,OWID_WRL,2016,5861970432.0,27940000.0,1763360000.0,3328489984.0,2712689920.0,6118499840.0,8079220224.0,15096450048.0,3379229952.0,638080000.0,1237420032.0
World,OWID_WRL,2017,5945480192.0,-18020000.0,1794329984.0,3399110144.0,2814590208.0,6044899840.0,8274219520.0,15450420224.0,3386790144.0,642849984.0,1293400064.0
World,OWID_WRL,2018,5923689984.0,149850000.0,1823170048.0,3427310080.0,2918249984.0,6121229824.0,8481469952.0,15863179264.0,3471889920.0,627609984.0,1322180096.0
World,OWID_WRL,2019,5914629632.0,431209984.0,1849510016.0,3379330048.0,3023470080.0,6126040064.0,8561490432.0,15782370304.0,3532969984.0,603009984.0,1316349952.0
World,OWID_WRL,2020,6041129984.0,19920000.0,1869160064.0,3328350208.0,3093440000.0,6028179968.0,7422919680.0,15311129600.0,3260950016.0,585500032.0,932140032.0
World,OWID_WRL,2021,6093049856.0,248600000.0,1887219968.0,3368709888.0,3193929984.0,6162450432.0,8006360064.0,16444560384.0,3318579968.0,580249984.0,987169984.0
World,OWID_WRL,2022,6109929984.0,202490000.0,1900359936.0,3290649856.0,3158000128.0,6147520000.0,8304929792.0,16651350016.0,3349889792.0,606099968.0,1124199936.0
World,OWID_WRL,2023,6241410048.0,466730016.0,1948849920.0,3201989888.0,3172719872.0,6204729856.0,8483360256.0,17006499840.0,3431770112.0,604129984.0,1223920000.0
Yemen,YEM,1990,4880000.0,0.0,440000.0,690000.0,420000.0,0.0,4120000.0,1600000.0,12930000.0,10000.0,1440000.0
Yemen,YEM,1991,4610000.0,0.0,450000.0,900000.0,430000.0,0.0,5260000.0,2120000.0,13180000.0,10000.0,1190000.0
Yemen,YEM,1992,4710000.0,0.0,620000.0,1110000.0,400000.0,0.0,5540000.0,2290000.0,12650000.0,10000.0,1450000.0
Yemen,YEM,1993,4790000.0,0.0,770000.0,1220000.0,400000.0,0.0,4520000.0,2180000.0,17300000.0,10000.0,620000.0
Yemen,YEM,1994,4760000.0,0.0,930000.0,1360000.0,400000.0,0.0,4560000.0,2360000.0,26780000.0,10000.0,600000.0
Yemen,YEM,1995,4830000.0,0.0,1080000.0,1430000.0,540000.0,530000.0,4080000.0,2680000.0,26740000.0,860000.0,600000.0
Yemen,YEM,1996,4990000.0,0.0,1180000.0,1520000.0,519999.0,620000.0,3880000.0,2790000.0,26990000.0,1000000.0,580000.0
Yemen,YEM,1997,5270000.0,0.0,1290000.0,1650000.0,620000.0,720000.0,3890000.0,3070000.0,28270000.0,1160000.0,600000.0
Yemen,YEM,1998,5510000.0,0.0,1400000.0,1680000.0,610000.0,840000.0,4200000.0,3340000.0,28640000.0,1350000.0,600000.0
Yemen,YEM,1999,5620000.0,0.0,1510000.0,1510000.0,740000.0,980000.0,4640000.0,4050000.0,31300000.0,1580000.0,519999.0
Yemen,YEM,2000,5790000.0,0.0,1620000.0,1630000.0,720000.0,1140000.0,4520000.0,4380000.0,35330000.0,1840000.0,690000.0
Yemen,YEM,2001,6080000.0,0.0,1710000.0,1740000.0,760000.0,1270000.0,4980000.0,4660000.0,34620000.0,2040000.0,620000.0
Yemen,YEM,2002,6110000.0,0.0,1810000.0,1970000.0,800000.0,1490000.0,4370000.0,4500000.0,34550000.0,2400000.0,700000.0
Yemen,YEM,2003,6720000.0,0.0,1910000.0,2079999.0,790000.0,2390000.0,5180000.0,4710000.0,35410000.0,2670000.0,680000.0
Yemen,YEM,2004,6870000.0,0.0,2010000.0,2060000.0,800000.0,2530000.0,5380000.0,5110000.0,33640000.0,2970000.0,740000.0
Yemen,YEM,2005,6880000.0,0.0,2100000.0,2089999.0,800000.0,2700000.0,5730000.0,5420000.0,35430000.0,3110000.0,790000.0
Yemen,YEM,2006,7070000.0,0.0,2200000.0,2110000.0,780000.0,2630000.0,5330000.0,5710000.0,36340000.0,3320000.0,800000.0
Yemen,YEM,2007,7460000.0,0.0,2300000.0,2180000.0,900000.0,2900000.0,4870000.0,6540000.0,34080000.0,3710000.0,860000.0
Yemen,YEM,2008,7620000.0,0.0,2390000.0,2260000.0,1070000.0,3220000.0,5200000.0,6780000.0,30310000.0,4010000.0,830000.0
Yemen,YEM,2009,7770000.0,0.0,2490000.0,3540000.0,1090000.0,3100000.0,8359999.0,7790000.0,30610000.0,940000.0,910000.0
Yemen,YEM,2010,7950000.0,0.0,2590000.0,3320000.0,1000000.0,3040000.0,7340000.0,8109999.0,32160000.0,820000.0,900000.0
Yemen,YEM,2011,8050000.0,0.0,2630000.0,2590000.0,1400000.0,2630000.0,6840000.0,7300000.0,26100000.0,670000.0,660000.0
Yemen,YEM,2012,8140000.0,0.0,2670000.0,2530000.0,1390000.0,2280000.0,5630000.0,7350000.0,21840000.0,519999.0,600000.0
Yemen,YEM,2013,8350000.0,0.0,2760000.0,3620000.0,1600000.0,3430000.0,8520000.0,8380000.0,24380000.0,970000.0,830000.0
Yemen,YEM,2014,8450000.0,0.0,2850000.0,4000000.0,1570000.0,3400000.0,8600000.0,7510000.0,21430000.0,970000.0,720000.0
Yemen,YEM,2015,8220000.0,0.0,2930000.0,2350000.0,1310000.0,1230000.0,3220000.0,4590000.0,7200000.0,190000.0,400000.0
Yemen,YEM,2016,8069999.0,0.0,3030000.0,2140000.0,900000.0,1010000.0,2820000.0,3660000.0,3750000.0,129999.0,340000.0
Yemen,YEM,2017,7990000.0,0.0,3130000.0,2580000.0,1140000.0,1970000.0,4100000.0,3540000.0,6330000.0,570000.0,310000.0
Yemen,YEM,2018,7510000.0,0.0,3240000.0,2640000.0,1170000.0,2040000.0,5740000.0,4850000.0,8620000.0,510000.0,310000.0
Yemen,YEM,2019,8450000.0,0.0,3360000.0,2400000.0,1210000.0,2490000.0,6010000.0,5180000.0,10290000.0,580000.0,320000.0
Yemen,YEM,2020,8540000.0,0.0,3470000.0,2590000.0,1170000.0,2400000.0,5660000.0,3980000.0,11150000.0,580000.0,290000.0
Yemen,YEM,2021,8810000.0,0.0,3570000.0,2590000.0,1290000.0,2220000.0,5600000.0,3840000.0,11400000.0,570000.0,290000.0
Yemen,YEM,2022,8890000.0,0.0,3670000.0,2650000.0,1440000.0,2290000.0,5690000.0,4159999.0,9340000.0,580000.0,290000.0
Yemen,YEM,2023,8800000.0,0.0,3780000.0,2720000.0,1520000.0,1830000.0,5600000.0,3970000.0,5340000.0,580000.0,290000.0
Zambia,ZMB,1990,19920000.0,36800000.0,1460000.0,2690000.0,270000.0,1340000.0,800000.0,160000.0,0.0,120000.0,200000.0
Zambia,ZMB,1991,20080000.0,36800000.0,1490000.0,2730000.0,240000.0,1400000.0,1000000.0,160000.0,0.0,50000.0,110000.0
Zambia,ZMB,1992,20190000.0,36800000.0,1650000.0,2790000.0,240000.0,1410000.0,960000.0,160000.0,0.0,60000.0,120000.0
Zambia,ZMB,1993,20000000.0,36800000.0,1800000.0,2830000.0,240000.0,1380000.0,680000.0,160000.0,0.0,50000.0,110000.0
Zambia,ZMB,1994,19580000.0,36800000.0,1950000.0,2880000.0,200000.0,920000.0,840000.0,140000.0,0.0,50000.0,110000.0
Zambia,ZMB,1995,19300000.0,36800000.0,2089999.0,2960000.0,210000.0,830000.0,830000.0,129999.0,0.0,140000.0,100000.0
Zambia,ZMB,1996,17990000.0,26410000.0,2230000.0,2960000.0,230000.0,710000.0,650000.0,110000.0,0.0,120000.0,90000.0
Zambia,ZMB,1997,18190000.0,26090000.0,2370000.0,3110000.0,240000.0,1060000.0,750000.0,150000.0,0.0,50000.0,80000.0
Zambia,ZMB,1998,19960000.0,25580000.0,2500000.0,3150000.0,230000.0,1010000.0,720000.0,160000.0,0.0,50000.0,90000.0
Zambia,ZMB,1999,18560000.0,25650000.0,2640000.0,3230000.0,210000.0,750000.0,690000.0,90000.0,0.0,50000.0,110000.0
Zambia,ZMB,2000,17680000.0,22750000.0,2770000.0,3330000.0,240000.0,690000.0,760000.0,80000.0,0.0,50000.0,129999.0
Zambia,ZMB,2001,17940000.0,30660000.0,2910000.0,3420000.0,190000.0,730000.0,790000.0,90000.0,0.0,50000.0,140000.0
Zambia,ZMB,2002,20230000.0,30680000.0,3050000.0,3510000.0,200000.0,770000.0,830000.0,100000.0,0.0,50000.0,140000.0
Zambia,ZMB,2003,22010000.0,37260000.0,3200000.0,3600000.0,259999.0,820000.0,890000.0,100000.0,0.0,50000.0,150000.0
Zambia,ZMB,2004,21730000.0,39190000.0,3350000.0,3690000.0,280000.0,770000.0,950000.0,100000.0,0.0,40000.0,160000.0
Zambia,ZMB,2005,22840000.0,39170000.0,3500000.0,3790000.0,310000.0,860000.0,1020000.0,100000.0,0.0,50000.0,170000.0
Zambia,ZMB,2006,20700000.0,33990000.0,3650000.0,3810000.0,360000.0,710000.0,1050000.0,80000.0,0.0,120000.0,180000.0
Zambia,ZMB,2007,21360000.0,35820000.0,3810000.0,3900000.0,360000.0,670000.0,930000.0,50000.0,0.0,100000.0,100000.0
Zambia,ZMB,2008,21380000.0,39050000.0,3980000.0,4040000.0,380000.0,990000.0,1010000.0,50000.0,0.0,150000.0,120000.0
Zambia,ZMB,2009,19890000.0,36360000.0,4150000.0,4159999.0,510000.0,1020000.0,1170000.0,60000.0,0.0,110000.0,90000.0
Zambia,ZMB,2010,21810000.0,43160000.0,4330000.0,4290000.0,610000.0,1050000.0,1260000.0,60000.0,0.0,120000.0,90000.0
Zambia,ZMB,2011,20770000.0,58840000.0,4510000.0,4410000.0,650000.0,1180000.0,1380000.0,70000.0,0.0,120000.0,100000.0
Zambia,ZMB,2012,23450000.0,58330000.0,4690000.0,4540000.0,810000.0,1500000.0,1650000.0,70000.0,0.0,140000.0,150000.0
Zambia,ZMB,2013,24020000.0,57240000.0,4870000.0,4700000.0,920000.0,1580000.0,1710000.0,70000.0,0.0,240000.0,150000.0
Zambia,ZMB,2014,23310000.0,57060000.0,5060000.0,4770000.0,960000.0,1950000.0,1930000.0,310000.0,0.0,180000.0,60000.0
Zambia,ZMB,2015,23680000.0,61910000.0,5240000.0,4870000.0,930000.0,2060000.0,2160000.0,340000.0,0.0,270000.0,60000.0
Zambia,ZMB,2016,23340000.0,49660000.0,5440000.0,4980000.0,1030000.0,1920000.0,2130000.0,770000.0,10000.0,280000.0,40000.0
Zambia,ZMB,2017,21920000.0,50420000.0,5630000.0,5100000.0,1130000.0,2130000.0,1910000.0,2330000.0,10000.0,380000.0,80000.0
Zambia,ZMB,2018,21930000.0,48220000.0,5820000.0,5250000.0,1360000.0,1870000.0,1890000.0,3400000.0,20000.0,410000.0,80000.0
Zambia,ZMB,2019,23110000.0,48020000.0,6020000.0,5320000.0,1280000.0,2440000.0,1890000.0,2940000.0,20000.0,410000.0,90000.0
Zambia,ZMB,2020,22260000.0,44400000.0,6220000.0,5450000.0,1420000.0,2600000.0,1940000.0,3050000.0,20000.0,500000.0,50000.0
Zambia,ZMB,2021,22570000.0,43030000.0,6430000.0,5530000.0,1410000.0,3160000.0,2580000.0,2000000.0,20000.0,480000.0,70000.0
Zambia,ZMB,2022,24910000.0,41840000.0,6640000.0,5670000.0,1250000.0,3040000.0,2550000.0,3130000.0,10000.0,620000.0,100000.0
Zambia,ZMB,2023,23860000.0,39340000.0,6850000.0,5830000.0,1270000.0,3500000.0,2710000.0,3090000.0,10000.0,680000.0,140000.0
Zimbabwe,ZWE,1990,12680000.0,35200000.0,280000.0,5820000.0,550000.0,4780000.0,2160000.0,6990000.0,370000.0,1800000.0,250000.0
Zimbabwe,ZWE,1991,11130000.0,35200000.0,280000.0,5940000.0,620000.0,5020000.0,1630000.0,8720000.0,380000.0,2000000.0,450000.0
Zimbabwe,ZWE,1992,11790000.0,35200000.0,450000.0,5940000.0,590000.0,4640000.0,2270000.0,8830000.0,380000.0,1910000.0,250000.0
Zimbabwe,ZWE,1993,9490000.0,35200000.0,620000.0,6020000.0,650000.0,3900000.0,2020000.0,8060000.0,360000.0,2240000.0,230000.0
Zimbabwe,ZWE,1994,9820000.0,35200000.0,780000.0,5940000.0,690000.0,2410000.0,1800000.0,8520000.0,370000.0,2500000.0,310000.0
Zimbabwe,ZWE,1995,9890000.0,35200000.0,980000.0,6070000.0,610000.0,2650000.0,2230000.0,7460000.0,430000.0,2420000.0,350000.0
Zimbabwe,ZWE,1996,12260000.0,35230000.0,1190000.0,6030000.0,640000.0,2520000.0,2190000.0,6670000.0,500000.0,2860000.0,380000.0
Zimbabwe,ZWE,1997,11980000.0,35420000.0,1390000.0,6110000.0,690000.0,2300000.0,2190000.0,5950000.0,560000.0,2700000.0,380000.0
Zimbabwe,ZWE,1998,12690000.0,35480000.0,1590000.0,6100000.0,680000.0,2410000.0,2170000.0,6190000.0,630000.0,2740000.0,380000.0
Zimbabwe,ZWE,1999,13110000.0,35310000.0,1790000.0,6460000.0,660000.0,3120000.0,3210000.0,5950000.0,690000.0,2810000.0,290000.0
Zimbabwe,ZWE,2000,12370000.0,35030000.0,1990000.0,2910000.0,650000.0,2940000.0,1980000.0,5350000.0,760000.0,2530000.0,360000.0
Zimbabwe,ZWE,2001,13390000.0,35140000.0,1820000.0,2650000.0,580000.0,2460000.0,1840000.0,6910000.0,660000.0,1860000.0,280000.0
Zimbabwe,ZWE,2002,11420000.0,35050000.0,1640000.0,2590000.0,510000.0,2230000.0,1710000.0,6350000.0,570000.0,1690000.0,200000.0
Zimbabwe,ZWE,2003,11180000.0,35060000.0,1470000.0,2650000.0,450000.0,2040000.0,1430000.0,4680000.0,480000.0,1710000.0,110000.0
Zimbabwe,ZWE,2004,11760000.0,35110000.0,1290000.0,2420000.0,500000.0,1540000.0,1250000.0,5720000.0,390000.0,1080000.0,30000.0
Zimbabwe,ZWE,2005,11520000.0,35160000.0,1120000.0,2480000.0,550000.0,1610000.0,1360000.0,6050000.0,290000.0,1320000.0,30000.0
Zimbabwe,ZWE,2006,10970000.0,35150000.0,940000.0,2840000.0,610000.0,2089999.0,1310000.0,3900000.0,200000.0,2079999.0,30000.0
Zimbabwe,ZWE,2007,11390000.0,35260000.0,970000.0,3010000.0,519999.0,2290000.0,1260000.0,3410000.0,200000.0,2400000.0,30000.0
Zimbabwe,ZWE,2008,11610000.0,35240000.0,1010000.0,2960000.0,519999.0,1400000.0,1060000.0,2700000.0,150000.0,2210000.0,20000.0
Zimbabwe,ZWE,2009,12450000.0,35190000.0,1050000.0,3110000.0,660000.0,630000.0,1130000.0,2760000.0,100000.0,2490000.0,20000.0
Zimbabwe,ZWE,2010,13280000.0,35340000.0,1080000.0,2960000.0,750000.0,1230000.0,1360000.0,4340000.0,140000.0,2120000.0,30000.0
Zimbabwe,ZWE,2011,13660000.0,20000000.0,1110000.0,2890000.0,830000.0,1480000.0,2310000.0,8950000.0,150000.0,2140000.0,30000.0
Zimbabwe,ZWE,2012,12820000.0,20080000.0,1140000.0,2710000.0,1020000.0,1940000.0,2620000.0,5580000.0,90000.0,1690000.0,30000.0
Zimbabwe,ZWE,2013,12260000.0,20040000.0,1170000.0,2570000.0,930000.0,1030000.0,2920000.0,6790000.0,180000.0,1290000.0,30000.0
Zimbabwe,ZWE,2014,10450000.0,19950000.0,1190000.0,2650000.0,980000.0,1060000.0,2620000.0,6850000.0,340000.0,1230000.0,30000.0
Zimbabwe,ZWE,2015,11810000.0,20100000.0,1220000.0,3050000.0,1080000.0,1110000.0,2410000.0,6840000.0,250000.0,1140000.0,60000.0
Zimbabwe,ZWE,2016,10760000.0,18210000.0,1260000.0,3610000.0,1020000.0,1260000.0,1900000.0,6030000.0,160000.0,560000.0,110000.0
Zimbabwe,ZWE,2017,11030000.0,18110000.0,1290000.0,3610000.0,1080000.0,1240000.0,2069999.0,5090000.0,170000.0,640000.0,129999.0
Zimbabwe,ZWE,2018,11120000.0,18200000.0,1320000.0,3560000.0,1230000.0,1550000.0,2710000.0,5390000.0,190000.0,710000.0,160000.0
Zimbabwe,ZWE,2019,10870000.0,18150000.0,1360000.0,3440000.0,1210000.0,3350000.0,2290000.0,5000000.0,150000.0,660000.0,170000.0
Zimbabwe,ZWE,2020,10240000.0,18040000.0,1390000.0,3620000.0,1290000.0,2890000.0,1570000.0,3830000.0,160000.0,730000.0,70000.0
Zimbabwe,ZWE,2021,11510000.0,17570000.0,1430000.0,4000000.0,1380000.0,3150000.0,1780000.0,3950000.0,190000.0,680000.0,129999.0
Zimbabwe,ZWE,2022,12140000.0,17630000.0,1470000.0,3840000.0,1270000.0,4200000.0,2400000.0,4460000.0,200000.0,710000.0,190000.0
Zimbabwe,ZWE,2023,12100000.0,17600000.0,1500000.0,4000000.0,1310000.0,4280000.0,2590000.0,6000000.0,210000.0,840000.0,180000.0
